Lon Lat H AAL
-75.9084 5.7653 1051 65.4
-75.8917 5.7653 1189 86.5
-75.875 5.7653 1559 111.2
-75.8583 5.7653 1777 137.5
-75.8417 5.7653 1805 161.1
-75.825 5.7653 2127 179.4
-75.8083 5.7653 1999 188.8
-75.7917 5.7653 1901 187.6
-75.775 5.7653 1931 175
-75.7584 5.7653 1929 151.8
-75.7417 5.7653 1907 121.4
-75.725 5.7653 1991 86.7
-75.7083 5.7653 1981 53
-75.6917 5.7653 1301 23.1
-75.675 5.7653 997 0.4
-75.6584 5.7653 785 -14.2
-75.6417 5.7653 607 -20.8
-75.625 5.7653 659 -20.3
-75.6083 5.7653 713 -14.6
-75.5917 5.7653 983 -4.7
-75.575 5.7653 1135 8.2
-75.5583 5.7653 843 23.9
-75.5417 5.7653 901 42.3
-75.525 5.7653 1589 63.1
-75.5084 5.7653 1841 85.5
-75.4917 5.7653 2273 108.5
-75.475 5.7653 2267 129.5
-75.4583 5.7653 2111 147.4
-75.4417 5.7653 2293 160.6
-75.425 5.7653 2171 169.2
-75.4084 5.7653 2041 174.4
-75.3917 5.7653 2087 178.4
-75.375 5.7653 1875 183.9
-75.3583 5.7653 2067 192.9
-75.3417 5.7653 2121 206.1
-75.325 5.7653 2273 222.7
-75.3083 5.7653 2263 239.2
-75.2917 5.7653 2317 252.3
-75.275 5.7653 2363 257.5
-75.2584 5.7653 2397 252.3
-75.2417 5.7653 2651 236.1
-75.225 5.7653 2483 210.3
-75.2083 5.7653 1973 179.5
-75.1917 5.7653 1707 147.9
-75.175 5.7653 1593 121.4
-75.1584 5.7653 1541 102.9
-75.1417 5.7653 1607 93.6
-75.125 5.7653 1857 92.3
-75.1083 5.7653 1737 95
-75.0917 5.7653 1839 97.9
-75.075 5.7653 1543 96.2
-75.0583 5.7653 1795 87.8
-75.0417 5.7653 1705 72.4
-75.025 5.7653 1405 51.4
-75.0084 5.7653 1165 28.9
-74.9917 5.7653 931 8.1
-74.975 5.7653 695 -7.3
-74.9583 5.7653 793 -15.9
-74.9417 5.7653 817 -17.9
-74.925 5.7653 713 -15
-74.9084 5.7653 709 -10.3
-74.8917 5.7653 833 -6.2
-74.875 5.7653 647 -4.9
-74.8583 5.7653 619 -7
-74.8417 5.7653 439 -11.8
-74.825 5.7653 393 -18.1
-74.8083 5.7653 419 -24
-74.7917 5.7653 325 -28.7
-74.775 5.7653 239 -31.7
-74.7584 5.7653 207 -33.4
-74.7417 5.7653 203 -35.1
-74.725 5.7653 167 -37.8
-74.7083 5.7653 161 -42.1
-74.6917 5.7653 167 -48
-74.675 5.7653 155 -54.3
-74.6584 5.7653 149 -60
-74.6417 5.7653 159 -63.8
-74.625 5.7653 173 -65.2
-75.9084 5.7488 1151 66
-75.8917 5.7488 1125 87.7
-75.875 5.7488 1479 114.7
-75.8583 5.7488 1901 144.2
-75.8417 5.7488 2109 171.6
-75.825 5.7488 2015 193.5
-75.8083 5.7488 1903 205.6
-75.7917 5.7488 2053 206
-75.775 5.7488 2239 193.9
-75.7584 5.7488 2215 170.2
-75.7417 5.7488 2067 138.4
-75.725 5.7488 2165 101.9
-75.7083 5.7488 1819 66.4
-75.6917 5.7488 1389 34.7
-75.675 5.7488 939 10.5
-75.6584 5.7488 757 -5.5
-75.6417 5.7488 631 -13.3
-75.625 5.7488 615 -14.1
-75.6083 5.7488 635 -9.6
-75.5917 5.7488 755 -1.2
-75.575 5.7488 1083 9.9
-75.5583 5.7488 745 23.4
-75.5417 5.7488 859 39
-75.525 5.7488 1461 56.4
-75.5084 5.7488 1801 74.6
-75.4917 5.7488 2073 92.7
-75.475 5.7488 1941 108.7
-75.4583 5.7488 1735 121.5
-75.4417 5.7488 2131 130.3
-75.425 5.7488 1873 135.7
-75.4084 5.7488 1297 139.5
-75.3917 5.7488 1433 144
-75.375 5.7488 1813 152.1
-75.3583 5.7488 2349 165.5
-75.3417 5.7488 2327 184.2
-75.325 5.7488 2629 206.8
-75.3083 5.7488 2599 229.1
-75.2917 5.7488 2601 247.4
-75.275 5.7488 2661 256.6
-75.2584 5.7488 2565 254.4
-75.2417 5.7488 2675 240
-75.225 5.7488 2255 215.2
-75.2083 5.7488 1967 185
-75.1917 5.7488 1927 153.7
-75.175 5.7488 2035 127.3
-75.1584 5.7488 2043 108.5
-75.1417 5.7488 1935 98.9
-75.125 5.7488 1787 96.8
-75.1083 5.7488 1769 98.4
-75.0917 5.7488 2045 99.8
-75.075 5.7488 1967 96.7
-75.0583 5.7488 2081 87
-75.0417 5.7488 1755 70.6
-75.025 5.7488 1551 49.2
-75.0084 5.7488 1217 26.8
-74.9917 5.7488 1125 6.4
-74.975 5.7488 971 -8.3
-74.9583 5.7488 889 -16.4
-74.9417 5.7488 805 -18.3
-74.925 5.7488 703 -15.7
-74.9084 5.7488 589 -11.7
-74.8917 5.7488 557 -8.5
-74.875 5.7488 475 -8
-74.8583 5.7488 505 -10.6
-74.8417 5.7488 451 -15.6
-74.825 5.7488 403 -21.6
-74.8083 5.7488 391 -27
-74.7917 5.7488 313 -31.1
-74.775 5.7488 239 -33.5
-74.7584 5.7488 217 -35.1
-74.7417 5.7488 183 -36.9
-74.725 5.7488 163 -39.8
-74.7083 5.7488 177 -44.3
-74.6917 5.7488 165 -50.1
-74.675 5.7488 153 -56
-74.6584 5.7488 149 -60.9
-74.6417 5.7488 157 -63.8
-74.625 5.7488 155 -64.3
-75.9084 5.7322 1297 64
-75.8917 5.7322 1161 84.7
-75.875 5.7322 1343 112.3
-75.8583 5.7322 1663 144
-75.8417 5.7322 2123 174.3
-75.825 5.7322 2059 199.3
-75.8083 5.7322 1971 214.2
-75.7917 5.7322 2065 216.6
-75.775 5.7322 2223 205.5
-75.7584 5.7322 2203 181.9
-75.7417 5.7322 2255 149.5
-75.725 5.7322 2151 111.9
-75.7083 5.7322 1581 74.9
-75.6917 5.7322 1207 41.8
-75.675 5.7322 843 15.9
-75.6584 5.7322 661 -1.7
-75.6417 5.7322 733 -11.3
-75.625 5.7322 665 -13.8
-75.6083 5.7322 673 -11.2
-75.5917 5.7322 673 -4.7
-75.575 5.7322 799 4.4
-75.5583 5.7322 681 15.6
-75.5417 5.7322 797 28.5
-75.525 5.7322 1261 42.7
-75.5084 5.7322 1903 57
-75.4917 5.7322 2049 70.7
-75.475 5.7322 1763 82
-75.4583 5.7322 1453 90.1
-75.4417 5.7322 1703 94.9
-75.425 5.7322 1349 97.4
-75.4084 5.7322 1445 99.9
-75.3917 5.7322 1963 105.1
-75.375 5.7322 2277 115.8
-75.3583 5.7322 2581 133.5
-75.3417 5.7322 2459 157.4
-75.325 5.7322 2703 185.8
-75.3083 5.7322 2579 213.7
-75.2917 5.7322 2555 236.7
-75.275 5.7322 2583 249.7
-75.2584 5.7322 2821 249.9
-75.2417 5.7322 2909 237
-75.225 5.7322 2477 212.7
-75.2083 5.7322 2291 182.5
-75.1917 5.7322 2303 150.8
-75.175 5.7322 2245 123.8
-75.1584 5.7322 2055 104.3
-75.1417 5.7322 1787 93.8
-75.125 5.7322 1535 90.8
-75.1083 5.7322 1495 91.4
-75.0917 5.7322 1621 92
-75.075 5.7322 1733 88.4
-75.0583 5.7322 1757 78.7
-75.0417 5.7322 1707 63.1
-75.025 5.7322 1509 43.1
-75.0084 5.7322 1123 22.5
-74.9917 5.7322 923 4.2
-74.975 5.7322 935 -8.8
-74.9583 5.7322 795 -15.7
-74.9417 5.7322 549 -17.2
-74.925 5.7322 477 -15
-74.9084 5.7322 427 -12
-74.8917 5.7322 445 -10.2
-74.875 5.7322 607 -11.1
-74.8583 5.7322 579 -14.8
-74.8417 5.7322 361 -20.2
-74.825 5.7322 407 -26.2
-74.8083 5.7322 385 -31.2
-74.7917 5.7322 301 -34.6
-74.775 5.7322 243 -36.5
-74.7584 5.7322 207 -37.7
-74.7417 5.7322 187 -39.5
-74.725 5.7322 175 -42.5
-74.7083 5.7322 173 -47.1
-74.6917 5.7322 169 -52.7
-74.675 5.7322 155 -58.2
-74.6584 5.7322 151 -62.3
-74.6417 5.7322 151 -64.3
-74.625 5.7322 155 -64
-75.9084 5.7156 1395 59.8
-75.8917 5.7156 1231 78.1
-75.875 5.7156 1281 105.1
-75.8583 5.7156 1747 137.9
-75.8417 5.7156 1953 170.5
-75.825 5.7156 2209 198.4
-75.8083 5.7156 2045 216
-75.7917 5.7156 2231 220.7
-75.775 5.7156 2205 211.1
-75.7584 5.7156 2113 188.2
-75.7417 5.7156 2115 155.7
-75.725 5.7156 2117 117.5
-75.7083 5.7156 1571 79.3
-75.6917 5.7156 1129 44.6
-75.675 5.7156 837 16.9
-75.6584 5.7156 687 -2.8
-75.6417 5.7156 807 -14.5
-75.625 5.7156 731 -19.3
-75.6083 5.7156 865 -18.9
-75.5917 5.7156 751 -14.5
-75.575 5.7156 871 -7.3
-75.5583 5.7156 719 2.1
-75.5417 5.7156 739 13.1
-75.525 5.7156 1065 25
-75.5084 5.7156 1487 36.6
-75.4917 5.7156 1743 47
-75.475 5.7156 1841 54.5
-75.4583 5.7156 1303 58.8
-75.4417 5.7156 1489 60.2
-75.425 5.7156 1125 60.2
-75.4084 5.7156 1499 61.7
-75.3917 5.7156 1969 67.5
-75.375 5.7156 2275 80.6
-75.3583 5.7156 2457 102.1
-75.3417 5.7156 2581 130.8
-75.325 5.7156 2691 164.4
-75.3083 5.7156 2511 197.1
-75.2917 5.7156 2413 224.2
-75.275 5.7156 2521 240.1
-75.2584 5.7156 2909 242.1
-75.2417 5.7156 2805 229.8
-75.225 5.7156 2357 205.3
-75.2083 5.7156 2037 174.2
-75.1917 5.7156 1917 141.3
-75.175 5.7156 1779 112.9
-75.1584 5.7156 1717 92
-75.1417 5.7156 1731 80.1
-75.125 5.7156 1393 75.9
-75.1083 5.7156 1167 75.6
-75.0917 5.7156 1245 75.9
-75.075 5.7156 1371 72.7
-75.0583 5.7156 1351 64.3
-75.0417 5.7156 1261 50.9
-75.025 5.7156 1111 33.9
-75.0084 5.7156 1075 16.7
-74.9917 5.7156 545 1.7
-74.975 5.7156 517 -8.5
-74.9583 5.7156 425 -13.6
-74.9417 5.7156 557 -14.4
-74.925 5.7156 753 -12.7
-74.9084 5.7156 577 -11.1
-74.8917 5.7156 639 -11.1
-74.875 5.7156 633 -13.8
-74.8583 5.7156 593 -19
-74.8417 5.7156 403 -25.3
-74.825 5.7156 371 -31.5
-74.8083 5.7156 357 -36.1
-74.7917 5.7156 283 -38.9
-74.775 5.7156 243 -40.2
-74.7584 5.7156 217 -41
-74.7417 5.7156 185 -42.6
-74.725 5.7156 181 -45.7
-74.7083 5.7156 181 -50.3
-74.6917 5.7156 171 -55.9
-74.675 5.7156 161 -61
-74.6584 5.7156 155 -64.5
-74.6417 5.7156 151 -65.7
-74.625 5.7156 155 -64.6
-75.9084 5.699 1337 54.6
-75.8917 5.699 1297 69.1
-75.875 5.699 1279 94.4
-75.8583 5.699 1517 127.5
-75.8417 5.699 1755 161.8
-75.825 5.699 2139 192.3
-75.8083 5.699 2141 212.8
-75.7917 5.699 2333 220.2
-75.775 5.699 2211 212.6
-75.7584 5.699 2157 191
-75.7417 5.699 2187 159
-75.725 5.699 1815 120.5
-75.7083 5.699 1375 81.4
-75.6917 5.699 1091 45
-75.675 5.699 851 15.1
-75.6584 5.699 727 -7.1
-75.6417 5.699 941 -21.6
-75.625 5.699 829 -29.1
-75.6083 5.699 933 -31
-75.5917 5.699 1011 -28.5
-75.575 5.699 1323 -22.7
-75.5583 5.699 1009 -14.2
-75.5417 5.699 711 -4
-75.525 5.699 793 7.2
-75.5084 5.699 1133 17.7
-75.4917 5.699 1227 26.5
-75.475 5.699 1685 31.9
-75.4583 5.699 1305 33.8
-75.4417 5.699 1081 32.8
-75.425 5.699 987 30.9
-75.4084 5.699 1147 31.5
-75.3917 5.699 1665 37.8
-75.375 5.699 2089 52.7
-75.3583 5.699 1879 77.3
-75.3417 5.699 2011 109.9
-75.325 5.699 2213 147.6
-75.3083 5.699 2403 184
-75.2917 5.699 2519 214.1
-75.275 5.699 2571 231.8
-75.2584 5.699 2729 234.4
-75.2417 5.699 2671 221.7
-75.225 5.699 2325 195.9
-75.2083 5.699 2025 163
-75.1917 5.699 1977 127.9
-75.175 5.699 1759 97.3
-75.1584 5.699 1451 74.2
-75.1417 5.699 1485 60.4
-75.125 5.699 1245 54.6
-75.1083 5.699 907 53.5
-75.0917 5.699 913 53.8
-75.075 5.699 1119 51.7
-75.0583 5.699 1421 45.7
-75.0417 5.699 1117 35.7
-75.025 5.699 753 22.9
-75.0084 5.699 799 10.2
-74.9917 5.699 635 -0.4
-74.975 5.699 809 -7.2
-74.9583 5.699 511 -10
-74.9417 5.699 795 -10.1
-74.925 5.699 893 -9
-74.9084 5.699 651 -9
-74.8917 5.699 601 -11.2
-74.875 5.699 559 -16.1
-74.8583 5.699 553 -23
-74.8417 5.699 379 -30.3
-74.825 5.699 413 -36.7
-74.8083 5.699 331 -41.1
-74.7917 5.699 257 -43.2
-74.775 5.699 189 -43.9
-74.7584 5.699 193 -44.3
-74.7417 5.699 173 -45.8
-74.725 5.699 181 -49.1
-74.7083 5.699 193 -53.9
-74.6917 5.699 185 -59.5
-74.675 5.699 183 -64.4
-74.6584 5.699 169 -67.5
-74.6417 5.699 155 -68.1
-74.625 5.699 155 -66.5
-75.9084 5.6824 1443 50.3
-75.8917 5.6824 1417 60
-75.875 5.6824 1271 82.8
-75.8583 5.6824 1469 115.5
-75.8417 5.6824 1755 151.1
-75.825 5.6824 2115 184.2
-75.8083 5.6824 2263 207.8
-75.7917 5.6824 2235 218.3
-75.775 5.6824 2191 213.4
-75.7584 5.6824 2277 193.8
-75.7417 5.6824 2481 162.9
-75.725 5.6824 1985 124.6
-75.7083 5.6824 1421 84.8
-75.6917 5.6824 1167 46.8
-75.675 5.6824 949 14.6
-75.6584 5.6824 755 -10.6
-75.6417 5.6824 865 -28.2
-75.625 5.6824 747 -38.8
-75.6083 5.6824 763 -43.3
-75.5917 5.6824 855 -42.7
-75.575 5.6824 1189 -37.8
-75.5583 5.6824 1099 -29.4
-75.5417 5.6824 799 -18.6
-75.525 5.6824 747 -6.6
-75.5084 5.6824 783 4.5
-75.4917 5.6824 875 13.5
-75.475 5.6824 1335 18.4
-75.4583 5.6824 1031 19.2
-75.4417 5.6824 977 16.8
-75.425 5.6824 1329 13.7
-75.4084 5.6824 1047 13.8
-75.3917 5.6824 1145 20.3
-75.375 5.6824 1305 36.5
-75.3583 5.6824 1295 63.3
-75.3417 5.6824 1621 98.6
-75.325 5.6824 2235 139.2
-75.3083 5.6824 2481 178
-75.2917 5.6824 2581 209.7
-75.275 5.6824 2807 228
-75.2584 5.6824 2851 230.1
-75.2417 5.6824 2547 215.8
-75.225 5.6824 2283 187.8
-75.2083 5.6824 2239 152.1
-75.1917 5.6824 2307 114.1
-75.175 5.6824 1947 80.6
-75.1584 5.6824 1497 54.8
-75.1417 5.6824 1179 38.7
-75.125 5.6824 1063 31.2
-75.1083 5.6824 961 29.3
-75.0917 5.6824 735 29.8
-75.075 5.6824 905 29.3
-75.0583 5.6824 1077 26
-75.0417 5.6824 1063 19.9
-75.025 5.6824 809 11.9
-75.0084 5.6824 627 4.2
-74.9917 5.6824 991 -1.8
-74.975 5.6824 805 -5
-74.9583 5.6824 627 -5.5
-74.9417 5.6824 891 -4.8
-74.925 5.6824 901 -4.5
-74.9084 5.6824 707 -6.2
-74.8917 5.6824 639 -10.8
-74.875 5.6824 573 -17.9
-74.8583 5.6824 513 -26.6
-74.8417 5.6824 361 -34.9
-74.825 5.6824 363 -41.6
-74.8083 5.6824 317 -45.6
-74.7917 5.6824 239 -47.1
-74.775 5.6824 207 -47.3
-74.7584 5.6824 195 -47.3
-74.7417 5.6824 177 -48.7
-74.725 5.6824 191 -52.2
-74.7083 5.6824 197 -57.3
-74.6917 5.6824 179 -63.2
-74.675 5.6824 183 -68.1
-74.6584 5.6824 173 -70.9
-74.6417 5.6824 159 -71.2
-74.625 5.6824 157 -69.3
-75.9084 5.6658 1609 49.2
-75.8917 5.6658 1423 53.3
-75.875 5.6658 1297 72.9
-75.8583 5.6658 1529 104.8
-75.8417 5.6658 1783 141.5
-75.825 5.6658 2263 177.2
-75.8083 5.6658 2401 204.1
-75.7917 5.6658 2373 218.2
-75.775 5.6658 2419 216.7
-75.7584 5.6658 2365 199.9
-75.7417 5.6658 2435 171
-75.725 5.6658 2023 133.7
-75.7083 5.6658 1491 93.7
-75.6917 5.6658 1147 54.5
-75.675 5.6658 879 20
-75.6584 5.6658 807 -8.3
-75.6417 5.6658 857 -29.4
-75.625 5.6658 745 -43.5
-75.6083 5.6658 751 -51
-75.5917 5.6658 849 -52.3
-75.575 5.6658 757 -48.2
-75.5583 5.6658 951 -39.3
-75.5417 5.6658 889 -27
-75.525 5.6658 923 -12.9
-75.5084 5.6658 885 0.5
-75.4917 5.6658 1007 11.2
-75.475 5.6658 899 17.3
-75.4583 5.6658 1045 18.5
-75.4417 5.6658 1189 16
-75.425 5.6658 1521 12.4
-75.4084 5.6658 1603 12.2
-75.3917 5.6658 1417 18.8
-75.375 5.6658 1151 35.6
-75.3583 5.6658 1307 63.6
-75.3417 5.6658 1735 100.3
-75.325 5.6658 2487 142.2
-75.3083 5.6658 2703 181.8
-75.2917 5.6658 2739 213.5
-75.275 5.6658 2877 230.9
-75.2584 5.6658 2887 231.2
-75.2417 5.6658 2487 214.4
-75.225 5.6658 2123 183.3
-75.2083 5.6658 1939 144.3
-75.1917 5.6658 1933 103
-75.175 5.6658 1925 66.3
-75.1584 5.6658 1595 37.6
-75.1417 5.6658 1321 19.1
-75.125 5.6658 1067 9.9
-75.1083 5.6658 931 7.2
-75.0917 5.6658 731 8
-75.075 5.6658 659 9
-75.0583 5.6658 669 8.6
-75.0417 5.6658 669 6.3
-75.025 5.6658 729 2.8
-75.0084 5.6658 1039 -0.3
-74.9917 5.6658 1163 -2
-74.975 5.6658 893 -1.9
-74.9583 5.6658 767 -0.5
-74.9417 5.6658 961 0.6
-74.925 5.6658 907 0.1
-74.9084 5.6658 733 -3.5
-74.8917 5.6658 623 -10.4
-74.875 5.6658 617 -19.6
-74.8583 5.6658 475 -29.9
-74.8417 5.6658 377 -39
-74.825 5.6658 361 -45.8
-74.8083 5.6658 311 -49.4
-74.7917 5.6658 225 -50.2
-74.775 5.6658 201 -49.7
-74.7584 5.6658 191 -49.4
-74.7417 5.6658 203 -50.8
-74.725 5.6658 201 -54.6
-74.7083 5.6658 183 -60.1
-74.6917 5.6658 171 -66.4
-74.675 5.6658 167 -71.6
-74.6584 5.6658 163 -74.5
-74.6417 5.6658 157 -74.6
-74.625 5.6658 161 -72.5
-75.9084 5.6492 1715 52.7
-75.8917 5.6492 1507 50.9
-75.875 5.6492 1397 67
-75.8583 5.6492 1603 97.7
-75.8417 5.6492 1869 135.2
-75.825 5.6492 2187 173.4
-75.8083 5.6492 2455 203.9
-75.7917 5.6492 2565 222
-75.775 5.6492 2621 224.5
-75.7584 5.6492 2609 211.4
-75.7417 5.6492 2531 185.4
-75.725 5.6492 1995 150.1
-75.7083 5.6492 1485 110.7
-75.6917 5.6492 1153 70.8
-75.675 5.6492 921 34.4
-75.6584 5.6492 875 3
-75.6417 5.6492 911 -21.8
-75.625 5.6492 827 -39.9
-75.6083 5.6492 903 -50.7
-75.5917 5.6492 757 -54.4
-75.575 5.6492 853 -51.2
-75.5583 5.6492 923 -41.8
-75.5417 5.6492 1097 -27.7
-75.525 5.6492 1037 -10.8
-75.5084 5.6492 935 5.7
-75.4917 5.6492 1343 19.4
-75.475 5.6492 1299 27.9
-75.4583 5.6492 1453 30.6
-75.4417 5.6492 1519 29
-75.425 5.6492 1493 25.8
-75.4084 5.6492 1927 25.6
-75.3917 5.6492 1905 32.2
-75.375 5.6492 1345 49.1
-75.3583 5.6492 1491 77.2
-75.3417 5.6492 1599 114
-75.325 5.6492 2303 155.6
-75.3083 5.6492 2447 194.3
-75.2917 5.6492 2409 224.5
-75.275 5.6492 2633 239.6
-75.2584 5.6492 2703 236.9
-75.2417 5.6492 2259 216.8
-75.225 5.6492 2161 182.1
-75.2083 5.6492 1941 139.8
-75.1917 5.6492 1669 95.2
-75.175 5.6492 1521 55.7
-75.1584 5.6492 1375 24.6
-75.1417 5.6492 1293 4.3
-75.125 5.6492 1235 -6.2
-75.1083 5.6492 819 -9.5
-75.0917 5.6492 691 -8.4
-75.075 5.6492 931 -6.1
-75.0583 5.6492 1077 -4.3
-75.0417 5.6492 825 -3.4
-75.025 5.6492 795 -3.3
-75.0084 5.6492 1281 -2.6
-74.9917 5.6492 1191 -1.1
-74.975 5.6492 963 1.4
-74.9583 5.6492 771 4.1
-74.9417 5.6492 927 5.2
-74.925 5.6492 957 3.6
-74.9084 5.6492 775 -1.7
-74.8917 5.6492 567 -10.6
-74.875 5.6492 521 -21.5
-74.8583 5.6492 561 -33.1
-74.8417 5.6492 427 -42.7
-74.825 5.6492 375 -49.3
-74.8083 5.6492 299 -52.3
-74.7917 5.6492 219 -52.4
-74.775 5.6492 195 -51.3
-74.7584 5.6492 221 -50.6
-74.7417 5.6492 207 -52.1
-74.725 5.6492 195 -56.2
-74.7083 5.6492 187 -62.2
-74.6917 5.6492 175 -69
-74.675 5.6492 185 -74.6
-74.6584 5.6492 171 -77.8
-74.6417 5.6492 159 -78
-74.625 5.6492 159 -75.8
-75.9084 5.6327 1799 62.3
-75.8917 5.6327 1737 54.7
-75.875 5.6327 1455 67
-75.8583 5.6327 1583 96.2
-75.8417 5.6327 1833 134.3
-75.825 5.6327 2193 174.7
-75.8083 5.6327 2281 208.6
-75.7917 5.6327 2549 231
-75.775 5.6327 2641 238
-75.7584 5.6327 2743 229.3
-75.7417 5.6327 2723 207.2
-75.725 5.6327 2121 174.8
-75.7083 5.6327 1607 137.2
-75.6917 5.6327 1323 97.6
-75.675 5.6327 1091 59.8
-75.6584 5.6327 983 25.6
-75.6417 5.6327 1115 -3
-75.625 5.6327 1069 -25.3
-75.6083 5.6327 1007 -40.1
-75.5917 5.6327 787 -46.9
-75.575 5.6327 891 -45.4
-75.5583 5.6327 1031 -36
-75.5417 5.6327 1199 -20.4
-75.525 5.6327 1371 -0.8
-75.5084 5.6327 1097 19
-75.4917 5.6327 1543 36.4
-75.475 5.6327 1689 48
-75.4583 5.6327 1757 53.4
-75.4417 5.6327 2047 53.7
-75.425 5.6327 1945 51.5
-75.4084 5.6327 2019 51.8
-75.3917 5.6327 1499 58.4
-75.375 5.6327 1251 74.8
-75.3583 5.6327 1587 102.1
-75.3417 5.6327 2059 137.5
-75.325 5.6327 2115 177.1
-75.3083 5.6327 2351 213.2
-75.2917 5.6327 2365 240.2
-75.275 5.6327 2691 251.5
-75.2584 5.6327 2781 244.9
-75.2417 5.6327 2213 221
-75.225 5.6327 1859 182.8
-75.2083 5.6327 1823 137.5
-75.1917 5.6327 1803 90.6
-75.175 5.6327 1743 49.4
-75.1584 5.6327 1703 17.1
-75.1417 5.6327 1535 -4
-75.125 5.6327 1189 -15
-75.1083 5.6327 883 -18.3
-75.0917 5.6327 705 -16.8
-75.075 5.6327 1095 -13.6
-75.0583 5.6327 1177 -10.3
-75.0417 5.6327 809 -7.6
-75.025 5.6327 873 -5.3
-75.0084 5.6327 1283 -2.5
-74.9917 5.6327 1187 0.9
-74.975 5.6327 877 4.5
-74.9583 5.6327 861 7.4
-74.9417 5.6327 861 8
-74.925 5.6327 857 5.1
-74.9084 5.6327 615 -1.7
-74.8917 5.6327 633 -12.1
-74.875 5.6327 505 -24.3
-74.8583 5.6327 567 -36.5
-74.8417 5.6327 437 -46.1
-74.825 5.6327 357 -52.2
-74.8083 5.6327 287 -54.5
-74.7917 5.6327 201 -53.7
-74.775 5.6327 235 -52
-74.7584 5.6327 223 -51.1
-74.7417 5.6327 207 -52.6
-74.725 5.6327 193 -57
-74.7083 5.6327 187 -63.6
-74.6917 5.6327 189 -70.9
-74.675 5.6327 179 -76.9
-74.6584 5.6327 167 -80.3
-74.6417 5.6327 161 -80.8
-74.625 5.6327 161 -78.7
-75.9084 5.6161 1655 77.8
-75.8917 5.6161 1601 64.6
-75.875 5.6161 1561 73.3
-75.8583 5.6161 1781 100.6
-75.8417 5.6161 1921 138.7
-75.825 5.6161 1901 180.8
-75.8083 5.6161 2065 217.7
-75.7917 5.6161 2257 244
-75.775 5.6161 2503 255.6
-75.7584 5.6161 2767 251.7
-75.7417 5.6161 2761 234.2
-75.725 5.6161 2407 205.8
-75.7083 5.6161 1749 170.9
-75.6917 5.6161 1593 132.4
-75.675 5.6161 1243 94.1
-75.6584 5.6161 1225 57.6
-75.6417 5.6161 1377 25.4
-75.625 5.6161 1339 -1.4
-75.6083 5.6161 1151 -20.7
-75.5917 5.6161 935 -31.5
-75.575 5.6161 807 -32.6
-75.5583 5.6161 1105 -24.3
-75.5417 5.6161 1381 -8.1
-75.525 5.6161 1429 13.6
-75.5084 5.6161 1381 36.5
-75.4917 5.6161 1595 57.5
-75.475 5.6161 1943 72.8
-75.4583 5.6161 2067 81.5
-75.4417 5.6161 2173 84.3
-75.425 5.6161 2245 84
-75.4084 5.6161 2307 85.2
-75.3917 5.6161 2103 91.9
-75.375 5.6161 1563 107.5
-75.3583 5.6161 1917 133.1
-75.3417 5.6161 2187 165.9
-75.325 5.6161 2403 202
-75.3083 5.6161 2589 233.9
-75.2917 5.6161 2727 256
-75.275 5.6161 2889 262.5
-75.2584 5.6161 2559 251.2
-75.2417 5.6161 2121 223.2
-75.225 5.6161 1909 181.9
-75.2083 5.6161 1613 134.7
-75.1917 5.6161 1609 86.9
-75.175 5.6161 1691 45.6
-75.1584 5.6161 1369 13.8
-75.1417 5.6161 1193 -6.6
-75.125 5.6161 1167 -16.6
-75.1083 5.6161 889 -19.2
-75.0917 5.6161 693 -17.1
-75.075 5.6161 975 -13.3
-75.0583 5.6161 1171 -9.5
-75.0417 5.6161 919 -6.3
-75.025 5.6161 1313 -3.4
-75.0084 5.6161 1297 -0.2
-74.9917 5.6161 993 3.3
-74.975 5.6161 787 6.7
-74.9583 5.6161 791 8.9
-74.9417 5.6161 725 8.5
-74.925 5.6161 787 4.3
-74.9084 5.6161 683 -3.7
-74.8917 5.6161 569 -15.2
-74.875 5.6161 559 -27.9
-74.8583 5.6161 533 -40.1
-74.8417 5.6161 437 -49.4
-74.825 5.6161 335 -54.7
-74.8083 5.6161 273 -56.1
-74.7917 5.6161 209 -54.5
-74.775 5.6161 245 -52.3
-74.7584 5.6161 229 -51.2
-74.7417 5.6161 223 -52.8
-74.725 5.6161 205 -57.5
-74.7083 5.6161 207 -64.4
-74.6917 5.6161 201 -72.2
-74.675 5.6161 185 -78.5
-74.6584 5.6161 167 -82.2
-74.6417 5.6161 161 -82.9
-74.625 5.6161 163 -81
-75.9084 5.5995 1951 98.5
-75.8917 5.5995 1707 80.4
-75.875 5.5995 1545 85.5
-75.8583 5.5995 1641 110.7
-75.8417 5.5995 1661 148.1
-75.825 5.5995 1749 190.9
-75.8083 5.5995 1917 229.7
-75.7917 5.5995 2295 259.2
-75.775 5.5995 2613 274.8
-75.7584 5.5995 2783 275.5
-75.7417 5.5995 2821 262.9
-75.725 5.5995 2501 239
-75.7083 5.5995 1985 207.7
-75.6917 5.5995 1867 171.4
-75.675 5.5995 1461 133.5
-75.6584 5.5995 1627 95.4
-75.6417 5.5995 1821 60
-75.625 5.5995 1693 28.8
-75.6083 5.5995 1297 4.5
-75.5917 5.5995 987 -11
-75.575 5.5995 781 -15.9
-75.5583 5.5995 1093 -9.9
-75.5417 5.5995 1375 5.6
-75.525 5.5995 1179 28.3
-75.5084 5.5995 1333 53.6
-75.4917 5.5995 1437 77.8
-75.475 5.5995 1693 96.8
-75.4583 5.5995 2003 109.1
-75.4417 5.5995 2245 115.1
-75.425 5.5995 2273 117.2
-75.4084 5.5995 2511 119.9
-75.3917 5.5995 2229 126.9
-75.375 5.5995 1855 141.6
-75.3583 5.5995 1711 164.8
-75.3417 5.5995 1753 193.9
-75.325 5.5995 2429 225
-75.3083 5.5995 2753 251.1
-75.2917 5.5995 2933 267.1
-75.275 5.5995 3101 267.6
-75.2584 5.5995 2501 251.1
-75.2417 5.5995 2073 219.3
-75.225 5.5995 1777 175.8
-75.2083 5.5995 1593 128
-75.1917 5.5995 1363 81.2
-75.175 5.5995 1335 42
-75.1584 5.5995 1195 13.1
-75.1417 5.5995 973 -4.4
-75.125 5.5995 947 -12
-75.1083 5.5995 901 -12.7
-75.0917 5.5995 703 -9.5
-75.075 5.5995 995 -5.5
-75.0583 5.5995 1179 -2
-75.0417 5.5995 1137 0.4
-75.025 5.5995 1469 2
-75.0084 5.5995 1073 3.8
-74.9917 5.5995 875 5.8
-74.975 5.5995 819 7.5
-74.9583 5.5995 869 8.2
-74.9417 5.5995 869 6.3
-74.925 5.5995 863 1
-74.9084 5.5995 821 -7.9
-74.8917 5.5995 705 -19.7
-74.875 5.5995 629 -32.4
-74.8583 5.5995 537 -44
-74.8417 5.5995 407 -52.4
-74.825 5.5995 313 -56.8
-74.8083 5.5995 287 -57.4
-74.7917 5.5995 263 -55.2
-74.775 5.5995 267 -52.6
-74.7584 5.5995 249 -51.5
-74.7417 5.5995 227 -53.2
-74.725 5.5995 221 -58.2
-74.7083 5.5995 213 -65.3
-74.6917 5.5995 191 -73.2
-74.675 5.5995 179 -79.7
-74.6584 5.5995 169 -83.5
-74.6417 5.5995 163 -84.2
-74.625 5.5995 167 -82.4
-75.9084 5.5829 1921 122.2
-75.8917 5.5829 1681 100.2
-75.875 5.5829 1663 102.1
-75.8583 5.5829 1807 124.8
-75.8417 5.5829 1887 160.7
-75.825 5.5829 1977 203
-75.8083 5.5829 1969 242.4
-75.7917 5.5829 2101 273.6
-75.775 5.5829 2275 292
-75.7584 5.5829 2613 296.6
-75.7417 5.5829 2943 288.4
-75.725 5.5829 2703 269.1
-75.7083 5.5829 2373 241.8
-75.6917 5.5829 1997 208.4
-75.675 5.5829 1809 171.7
-75.6584 5.5829 2209 132.9
-75.6417 5.5829 2131 95
-75.625 5.5829 1811 59.6
-75.6083 5.5829 1587 30.5
-75.5917 5.5829 1131 9.8
-75.575 5.5829 749 0.5
-75.5583 5.5829 1125 3.1
-75.5417 5.5829 1353 16.8
-75.525 5.5829 1119 39.4
-75.5084 5.5829 1133 66
-75.4917 5.5829 1221 93
-75.475 5.5829 1587 115.4
-75.4583 5.5829 2015 131.5
-75.4417 5.5829 2381 141.2
-75.425 5.5829 2475 146.4
-75.4084 5.5829 2457 151.2
-75.3917 5.5829 2303 158.8
-75.375 5.5829 2347 172.5
-75.3583 5.5829 2353 192.8
-75.3417 5.5829 2085 217.3
-75.325 5.5829 2485 242.4
-75.3083 5.5829 2473 261.6
-75.2917 5.5829 2563 270.3
-75.275 5.5829 2661 264.2
-75.2584 5.5829 2727 242.3
-75.2417 5.5829 2365 207
-75.225 5.5829 1951 162.3
-75.2083 5.5829 1791 115.6
-75.1917 5.5829 1503 71.8
-75.175 5.5829 1107 36.9
-75.1584 5.5829 1009 13
-75.1417 5.5829 911 0.3
-75.125 5.5829 859 -3.1
-75.1083 5.5829 955 -0.9
-75.0917 5.5829 821 3.8
-75.075 5.5829 1185 8
-75.0583 5.5829 1045 10.4
-75.0417 5.5829 1155 10.9
-75.025 5.5829 1523 10
-75.0084 5.5829 1091 8.8
-74.9917 5.5829 1063 7.9
-74.975 5.5829 897 7.1
-74.9583 5.5829 905 5.5
-74.9417 5.5829 769 1.9
-74.925 5.5829 785 -4.4
-74.9084 5.5829 771 -13.7
-74.8917 5.5829 715 -25.3
-74.875 5.5829 603 -37.1
-74.8583 5.5829 475 -47.8
-74.8417 5.5829 345 -55.1
-74.825 5.5829 329 -58.6
-74.8083 5.5829 281 -58.4
-74.7917 5.5829 251 -55.9
-74.775 5.5829 235 -53.3
-74.7584 5.5829 223 -52.3
-74.7417 5.5829 211 -54.3
-74.725 5.5829 207 -59.5
-74.7083 5.5829 199 -66.6
-74.6917 5.5829 197 -74.4
-74.675 5.5829 179 -80.7
-74.6584 5.5829 171 -84.3
-74.6417 5.5829 165 -84.9
-74.625 5.5829 167 -83
-75.9084 5.5663 1861 146.3
-75.8917 5.5663 1763 121.8
-75.875 5.5663 1721 121
-75.8583 5.5663 1941 141.1
-75.8417 5.5663 2165 174.6
-75.825 5.5663 2353 214.9
-75.8083 5.5663 2213 253.1
-75.7917 5.5663 2429 284.1
-75.775 5.5663 2503 303.5
-75.7584 5.5663 2571 310.4
-75.7417 5.5663 2973 305.5
-75.725 5.5663 3015 290.1
-75.7083 5.5663 2585 266.7
-75.6917 5.5663 2145 236.6
-75.675 5.5663 2249 201.7
-75.6584 5.5663 2441 163.2
-75.6417 5.5663 2325 123.7
-75.625 5.5663 2101 85.1
-75.6083 5.5663 1745 51.6
-75.5917 5.5663 1165 26.1
-75.575 5.5663 827 12.1
-75.5583 5.5663 1135 10.8
-75.5417 5.5663 1013 21.9
-75.525 5.5663 1111 43.4
-75.5084 5.5663 1217 70.5
-75.4917 5.5663 1341 99.5
-75.475 5.5663 1577 125
-75.4583 5.5663 1871 145
-75.4417 5.5663 2269 158.6
-75.425 5.5663 2495 167.4
-75.4084 5.5663 2435 174.7
-75.3917 5.5663 2433 183.5
-75.375 5.5663 2553 196.2
-75.3583 5.5663 2555 213.6
-75.3417 5.5663 2279 233.1
-75.325 5.5663 2243 251.4
-75.3083 5.5663 2439 263
-75.2917 5.5663 2629 263.8
-75.275 5.5663 2763 250.7
-75.2584 5.5663 3017 223.5
-75.2417 5.5663 2565 185.5
-75.225 5.5663 2017 140.7
-75.2083 5.5663 1597 96.5
-75.1917 5.5663 1301 57.7
-75.175 5.5663 1103 29.1
-75.1584 5.5663 903 12.2
-75.1417 5.5663 867 6.1
-75.125 5.5663 757 8.3
-75.1083 5.5663 803 14.4
-75.0917 5.5663 1165 21.1
-75.075 5.5663 1271 25.4
-75.0583 5.5663 1335 26.2
-75.0417 5.5663 1121 23.9
-75.025 5.5663 1383 19.3
-75.0084 5.5663 1123 14.3
-74.9917 5.5663 1031 9.6
-74.975 5.5663 953 5.5
-74.9583 5.5663 671 1.3
-74.9417 5.5663 597 -3.9
-74.925 5.5663 625 -11
-74.9084 5.5663 571 -20.1
-74.8917 5.5663 637 -30.9
-74.875 5.5663 437 -41.5
-74.8583 5.5663 407 -50.8
-74.8417 5.5663 363 -57
-74.825 5.5663 283 -59.6
-74.8083 5.5663 235 -59.2
-74.7917 5.5663 233 -56.8
-74.775 5.5663 227 -54.6
-74.7584 5.5663 221 -54.1
-74.7417 5.5663 211 -56.5
-74.725 5.5663 203 -61.7
-74.7083 5.5663 189 -68.7
-74.6917 5.5663 175 -76.1
-74.675 5.5663 175 -81.8
-74.6584 5.5663 169 -84.9
-74.6417 5.5663 165 -85.1
-74.625 5.5663 169 -82.9
-75.9084 5.5497 1937 168.1
-75.8917 5.5497 1995 142.6
-75.875 5.5497 1843 140
-75.8583 5.5497 2087 157.5
-75.8417 5.5497 2311 188
-75.825 5.5497 2691 225
-75.8083 5.5497 2615 260.2
-75.7917 5.5497 2729 288.8
-75.775 5.5497 2921 307.2
-75.7584 5.5497 2905 314.5
-75.7417 5.5497 2985 311.2
-75.725 5.5497 3085 298.7
-75.7083 5.5497 2893 278.5
-75.6917 5.5497 2621 251.5
-75.675 5.5497 2563 219
-75.6584 5.5497 2251 181.6
-75.6417 5.5497 2067 141.7
-75.625 5.5497 1785 101.2
-75.6083 5.5497 1815 64.5
-75.5917 5.5497 1255 35
-75.575 5.5497 837 16.9
-75.5583 5.5497 983 11.8
-75.5417 5.5497 1133 20.1
-75.525 5.5497 1405 40.1
-75.5084 5.5497 1593 67.1
-75.4917 5.5497 1621 97.4
-75.475 5.5497 1719 125.6
-75.4583 5.5497 1749 149.2
-75.4417 5.5497 2171 166.9
-75.425 5.5497 2589 179.7
-75.4084 5.5497 2781 190
-75.3917 5.5497 2619 200.2
-75.375 5.5497 2613 212.5
-75.3583 5.5497 2553 227
-75.3417 5.5497 2433 241.5
-75.325 5.5497 2373 252.9
-75.3083 5.5497 2727 256.6
-75.2917 5.5497 2863 249.5
-75.275 5.5497 3055 229.6
-75.2584 5.5497 2905 197.6
-75.2417 5.5497 2279 157.5
-75.225 5.5497 1749 113.7
-75.2083 5.5497 1417 73.4
-75.1917 5.5497 1525 40.7
-75.175 5.5497 1371 19.8
-75.1584 5.5497 1017 11.1
-75.1417 5.5497 823 12.5
-75.125 5.5497 851 21
-75.1083 5.5497 1109 31.4
-75.0917 5.5497 1397 40.2
-75.075 5.5497 1613 44.5
-75.0583 5.5497 1493 43.4
-75.0417 5.5497 1239 37.8
-75.025 5.5497 1309 29.2
-75.0084 5.5497 1071 19.8
-74.9917 5.5497 997 10.9
-74.975 5.5497 893 3.3
-74.9583 5.5497 813 -3.4
-74.9417 5.5497 713 -10.1
-74.925 5.5497 655 -17.6
-74.9084 5.5497 561 -26.2
-74.8917 5.5497 525 -35.7
-74.875 5.5497 547 -44.8
-74.8583 5.5497 431 -52.6
-74.8417 5.5497 323 -57.7
-74.825 5.5497 253 -59.8
-74.8083 5.5497 233 -59.5
-74.7917 5.5497 227 -57.7
-74.775 5.5497 217 -56.3
-74.7584 5.5497 197 -56.6
-74.7417 5.5497 199 -59.6
-74.725 5.5497 207 -64.9
-74.7083 5.5497 205 -71.6
-74.6917 5.5497 179 -78.2
-74.675 5.5497 171 -83.1
-74.6584 5.5497 171 -85.4
-74.6417 5.5497 165 -84.9
-74.625 5.5497 171 -82.3
-75.9084 5.5331 2295 184.6
-75.8917 5.5331 2101 159.9
-75.875 5.5331 1903 156.7
-75.8583 5.5331 2101 172.1
-75.8417 5.5331 2479 199.2
-75.825 5.5331 2721 231.9
-75.8083 5.5331 2835 262.4
-75.7917 5.5331 2973 286.7
-75.775 5.5331 2981 301.7
-75.7584 5.5331 2917 307.1
-75.7417 5.5331 2905 303.5
-75.725 5.5331 2711 292
-75.7083 5.5331 2973 274
-75.6917 5.5331 2815 249.7
-75.675 5.5331 2453 219.7
-75.6584 5.5331 2101 184.3
-75.6417 5.5331 1703 145.2
-75.625 5.5331 1445 104.5
-75.6083 5.5331 1451 66.5
-75.5917 5.5331 1383 34.8
-75.575 5.5331 933 13.9
-75.5583 5.5331 941 6.1
-75.5417 5.5331 1215 12
-75.525 5.5331 1655 30.3
-75.5084 5.5331 1851 56.9
-75.4917 5.5331 1927 88.1
-75.475 5.5331 1979 118.5
-75.4583 5.5331 1825 145.4
-75.4417 5.5331 2037 167
-75.425 5.5331 2567 183.8
-75.4084 5.5331 2775 197.3
-75.3917 5.5331 2639 209.5
-75.375 5.5331 2657 221.7
-75.3583 5.5331 2699 233.9
-75.3417 5.5331 2503 243.8
-75.325 5.5331 2419 249
-75.3083 5.5331 2607 245.4
-75.2917 5.5331 2607 231
-75.275 5.5331 2813 205.1
-75.2584 5.5331 2787 169.1
-75.2417 5.5331 2251 127.9
-75.225 5.5331 1627 85.9
-75.2083 5.5331 1189 50.2
-75.1917 5.5331 1187 24.4
-75.175 5.5331 1167 11.5
-75.1584 5.5331 929 11
-75.1417 5.5331 795 20
-75.125 5.5331 971 34.5
-75.1083 5.5331 1471 48.9
-75.0917 5.5331 1527 59.5
-75.075 5.5331 1645 63.5
-75.0583 5.5331 1573 60.3
-75.0417 5.5331 1471 51.3
-75.025 5.5331 1283 38.5
-75.0084 5.5331 1083 24.9
-74.9917 5.5331 1167 12
-74.975 5.5331 1051 1.1
-74.9583 5.5331 885 -7.9
-74.9417 5.5331 761 -15.6
-74.925 5.5331 527 -23.1
-74.9084 5.5331 587 -30.8
-74.8917 5.5331 613 -38.8
-74.875 5.5331 563 -46.3
-74.8583 5.5331 409 -52.7
-74.8417 5.5331 295 -57
-74.825 5.5331 223 -58.9
-74.8083 5.5331 211 -59.1
-74.7917 5.5331 211 -58.4
-74.775 5.5331 211 -58.3
-74.7584 5.5331 197 -59.8
-74.7417 5.5331 189 -63.4
-74.725 5.5331 191 -68.9
-74.7083 5.5331 179 -75.1
-74.6917 5.5331 175 -80.8
-74.675 5.5331 167 -84.6
-74.6584 5.5331 167 -85.8
-74.6417 5.5331 171 -84.4
-74.625 5.5331 177 -81.2
-75.9084 5.5165 2409 194.1
-75.8917 5.5165 2181 171.9
-75.875 5.5165 2143 169.5
-75.8583 5.5165 2299 183.7
-75.8417 5.5165 2343 207.6
-75.825 5.5165 2669 235.5
-75.8083 5.5165 2831 260.3
-75.7917 5.5165 2819 278.8
-75.775 5.5165 2745 288.7
-75.7584 5.5165 2819 290
-75.7417 5.5165 2695 284.1
-75.725 5.5165 2359 272.1
-75.7083 5.5165 2635 254.9
-75.6917 5.5165 2631 232.5
-75.675 5.5165 2445 205.1
-75.6584 5.5165 2209 172.3
-75.6417 5.5165 1865 135.5
-75.625 5.5165 1735 96.3
-75.6083 5.5165 1409 59
-75.5917 5.5165 987 27.1
-75.575 5.5165 839 5.4
-75.5583 5.5165 1099 -3.8
-75.5417 5.5165 1267 0.7
-75.525 5.5165 1735 17.8
-75.5084 5.5165 2053 43.8
-75.4917 5.5165 2079 75.4
-75.475 5.5165 2195 107.4
-75.4583 5.5165 1909 137
-75.4417 5.5165 2133 162
-75.425 5.5165 2533 182.6
-75.4084 5.5165 2879 199.4
-75.3917 5.5165 2829 213.9
-75.375 5.5165 2925 226.6
-75.3583 5.5165 2807 237.2
-75.3417 5.5165 2675 243.6
-75.325 5.5165 2495 243.5
-75.3083 5.5165 2545 234
-75.2917 5.5165 2737 213.6
-75.275 5.5165 2723 183
-75.2584 5.5165 2603 144.2
-75.2417 5.5165 1915 102.6
-75.225 5.5165 1513 63.2
-75.2083 5.5165 1147 32.2
-75.1917 5.5165 995 13
-75.175 5.5165 1195 7.5
-75.1584 5.5165 977 14.4
-75.1417 5.5165 847 29.8
-75.125 5.5165 1233 49.1
-75.1083 5.5165 1769 66.5
-75.0917 5.5165 1719 78
-75.075 5.5165 1797 81.2
-75.0583 5.5165 1771 75.7
-75.0417 5.5165 1491 63.5
-75.025 5.5165 1307 46.8
-75.0084 5.5165 1035 29.4
-74.9917 5.5165 865 13
-74.975 5.5165 745 -0.5
-74.9583 5.5165 637 -11.2
-74.9417 5.5165 697 -19.7
-74.925 5.5165 615 -26.8
-74.9084 5.5165 595 -33.5
-74.8917 5.5165 617 -39.9
-74.875 5.5165 541 -45.9
-74.8583 5.5165 393 -51.1
-74.8417 5.5165 293 -54.8
-74.825 5.5165 215 -57
-74.8083 5.5165 203 -58
-74.7917 5.5165 199 -58.8
-74.775 5.5165 193 -60.2
-74.7584 5.5165 189 -63
-74.7417 5.5165 191 -67.4
-74.725 5.5165 189 -73
-74.7083 5.5165 177 -78.6
-74.6917 5.5165 173 -83.3
-74.675 5.5165 169 -85.9
-74.6584 5.5165 167 -85.9
-74.6417 5.5165 175 -83.6
-74.625 5.5165 191 -79.7
-75.9084 5.5 2605 194.7
-75.8917 5.5 2247 177
-75.875 5.5 2405 177.1
-75.8583 5.5 2579 191.3
-75.8417 5.5 2583 212.8
-75.825 5.5 2707 236
-75.8083 5.5 2611 255
-75.7917 5.5 2705 266.8
-75.775 5.5 2743 270.3
-75.7584 5.5 2431 266.3
-75.7417 5.5 2339 256.4
-75.725 5.5 2135 242.1
-75.7083 5.5 2211 224.4
-75.6917 5.5 2129 203.1
-75.675 5.5 2115 177.9
-75.6584 5.5 2181 148.2
-75.6417 5.5 1899 114.8
-75.625 5.5 2009 79
-75.6083 5.5 1693 44.7
-75.5917 5.5 1155 15.1
-75.575 5.5 879 -5.3
-75.5583 5.5 1239 -14.1
-75.5417 5.5 1559 -9.8
-75.525 5.5 1477 6.6
-75.5084 5.5 1781 32.1
-75.4917 5.5 1827 63.6
-75.475 5.5 2095 96.3
-75.4583 5.5 2115 127.7
-75.4417 5.5 2259 155.3
-75.425 5.5 2521 179
-75.4084 5.5 2783 198.9
-75.3917 5.5 2935 215.8
-75.375 5.5 3063 229.7
-75.3583 5.5 2921 239.9
-75.3417 5.5 2959 244.2
-75.325 5.5 2765 240.7
-75.3083 5.5 2625 227.2
-75.2917 5.5 2887 202.9
-75.275 5.5 2937 169.4
-75.2584 5.5 2335 129.4
-75.2417 5.5 1655 88.7
-75.225 5.5 1233 52.1
-75.2083 5.5 1135 25.6
-75.1917 5.5 1339 11.9
-75.175 5.5 1387 12
-75.1584 5.5 983 24.1
-75.1417 5.5 1089 43.5
-75.125 5.5 1427 65.4
-75.1083 5.5 2071 83.7
-75.0917 5.5 2015 94.8
-75.075 5.5 1837 96.3
-75.0583 5.5 1467 88.3
-75.0417 5.5 1245 73.1
-75.025 5.5 1125 53.4
-75.0084 5.5 873 33.1
-74.9917 5.5 785 14.2
-74.975 5.5 671 -1.2
-74.9583 5.5 597 -13
-74.9417 5.5 587 -21.7
-74.925 5.5 731 -28.4
-74.9084 5.5 579 -34
-74.8917 5.5 621 -39.1
-74.875 5.5 513 -43.8
-74.8583 5.5 347 -48.1
-74.8417 5.5 283 -51.5
-74.825 5.5 201 -54.1
-74.8083 5.5 203 -56.4
-74.7917 5.5 195 -58.7
-74.775 5.5 197 -61.7
-74.7584 5.5 193 -65.9
-74.7417 5.5 197 -71.1
-74.725 5.5 195 -76.7
-74.7083 5.5 183 -81.8
-74.6917 5.5 177 -85.4
-74.675 5.5 169 -86.7
-74.6584 5.5 171 -85.6
-74.6417 5.5 187 -82.4
-74.625 5.5 193 -78
-75.9084 5.4834 2705 186.7
-75.8917 5.4834 2437 175.2
-75.875 5.4834 2533 179.3
-75.8583 5.4834 2541 194.9
-75.8417 5.4834 2603 215.1
-75.825 5.4834 2687 234.6
-75.8083 5.4834 2529 248.1
-75.7917 5.4834 2743 253.4
-75.775 5.4834 2547 250.4
-75.7584 5.4834 2257 240.3
-75.7417 5.4834 2083 225.5
-75.725 5.4834 2095 207.8
-75.7083 5.4834 1843 188.5
-75.6917 5.4834 1819 167.5
-75.675 5.4834 1729 144.1
-75.6584 5.4834 1723 117.7
-75.6417 5.4834 1543 88.6
-75.625 5.4834 1947 57.6
-75.6083 5.4834 1767 28.1
-75.5917 5.4834 1197 2.7
-75.575 5.4834 865 -14.5
-75.5583 5.4834 1323 -21.1
-75.5417 5.4834 1597 -16
-75.525 5.4834 1321 0.3
-75.5084 5.4834 1459 25.1
-75.4917 5.4834 1625 55.9
-75.475 5.4834 2011 88.3
-75.4583 5.4834 2103 120.2
-75.4417 5.4834 2007 149.4
-75.425 5.4834 2145 175.4
-75.4084 5.4834 2257 197.9
-75.3917 5.4834 2565 217.3
-75.375 5.4834 2995 233
-75.3583 5.4834 2961 243.9
-75.3417 5.4834 2919 247.8
-75.325 5.4834 2745 243
-75.3083 5.4834 2655 227.9
-75.2917 5.4834 3015 202.1
-75.275 5.4834 2835 167.9
-75.2584 5.4834 2177 128.5
-75.2417 5.4834 1563 89.6
-75.225 5.4834 1555 56.1
-75.2083 5.4834 1487 33.3
-75.1917 5.4834 1537 23.4
-75.175 5.4834 1275 26.8
-75.1584 5.4834 1133 41.3
-75.1417 5.4834 1275 61.7
-75.125 5.4834 1753 83.3
-75.1083 5.4834 2135 100.3
-75.0917 5.4834 1841 109.2
-75.075 5.4834 1809 108.2
-75.0583 5.4834 1575 97.5
-75.0417 5.4834 1529 79.8
-75.025 5.4834 1401 57.9
-75.0084 5.4834 1155 35.7
-74.9917 5.4834 767 15.4
-74.975 5.4834 773 -0.9
-74.9583 5.4834 855 -13.1
-74.9417 5.4834 771 -21.8
-74.925 5.4834 801 -28
-74.9084 5.4834 559 -32.8
-74.8917 5.4834 653 -36.9
-74.875 5.4834 473 -40.7
-74.8583 5.4834 347 -44.4
-74.8417 5.4834 257 -47.8
-74.825 5.4834 197 -51
-74.8083 5.4834 211 -54.4
-74.7917 5.4834 217 -58.2
-74.775 5.4834 213 -62.8
-74.7584 5.4834 225 -68.2
-74.7417 5.4834 225 -74
-74.725 5.4834 199 -79.6
-74.7083 5.4834 185 -84.1
-74.6917 5.4834 179 -86.7
-74.675 5.4834 173 -86.8
-74.6584 5.4834 169 -84.7
-74.6417 5.4834 179 -80.9
-74.625 5.4834 195 -76.1
-75.9084 5.4668 2333 170.6
-75.8917 5.4668 1997 166.7
-75.875 5.4668 2131 176.1
-75.8583 5.4668 2443 194.6
-75.8417 5.4668 2393 215
-75.825 5.4668 2473 232.2
-75.8083 5.4668 2569 241.5
-75.7917 5.4668 2499 241.5
-75.775 5.4668 2457 232.6
-75.7584 5.4668 2221 216.7
-75.7417 5.4668 1879 197
-75.725 5.4668 1927 175.5
-75.7083 5.4668 1627 153.9
-75.6917 5.4668 1447 132.3
-75.675 5.4668 1391 110.3
-75.6584 5.4668 1329 87
-75.6417 5.4668 1357 62.5
-75.625 5.4668 1727 37.3
-75.6083 5.4668 1527 13.7
-75.5917 5.4668 1019 -5.9
-75.575 5.4668 945 -18.3
-75.5583 5.4668 1173 -21.6
-75.5417 5.4668 1387 -14.9
-75.525 5.4668 1101 1.5
-75.5084 5.4668 1359 25.3
-75.4917 5.4668 1631 54.5
-75.475 5.4668 1793 85.5
-75.4583 5.4668 1809 116.6
-75.4417 5.4668 1725 145.9
-75.425 5.4668 1923 173.1
-75.4084 5.4668 2239 197.6
-75.3917 5.4668 2713 219.4
-75.375 5.4668 3131 237.3
-75.3583 5.4668 3065 250.2
-75.3417 5.4668 2881 255.6
-75.325 5.4668 2745 251.9
-75.3083 5.4668 2767 237.8
-75.2917 5.4668 3025 213.2
-75.275 5.4668 2729 180.9
-75.2584 5.4668 1835 143.9
-75.2417 5.4668 1535 108
-75.225 5.4668 1923 77.6
-75.2083 5.4668 1999 57.5
-75.1917 5.4668 1869 49.4
-75.175 5.4668 1481 53.2
-75.1584 5.4668 1505 66.5
-75.1417 5.4668 1749 84.4
-75.125 5.4668 2031 102.5
-75.1083 5.4668 2071 115.4
-75.0917 5.4668 1735 120.3
-75.075 5.4668 1763 115.7
-75.0583 5.4668 1929 102.2
-75.0417 5.4668 1653 82.7
-75.025 5.4668 1417 59.6
-75.0084 5.4668 1131 36.9
-74.9917 5.4668 781 16.5
-74.975 5.4668 781 0.2
-74.9583 5.4668 907 -12
-74.9417 5.4668 891 -20.4
-74.925 5.4668 681 -26.3
-74.9084 5.4668 643 -30.6
-74.8917 5.4668 625 -34.2
-74.875 5.4668 471 -37.5
-74.8583 5.4668 349 -41
-74.8417 5.4668 245 -44.5
-74.825 5.4668 217 -48.4
-74.8083 5.4668 227 -52.7
-74.7917 5.4668 237 -57.7
-74.775 5.4668 225 -63.3
-74.7584 5.4668 247 -69.6
-74.7417 5.4668 225 -75.8
-74.725 5.4668 197 -81.3
-74.7083 5.4668 191 -85.2
-74.6917 5.4668 191 -86.8
-74.675 5.4668 189 -86
-74.6584 5.4668 173 -83.1
-74.6417 5.4668 183 -78.9
-74.625 5.4668 225 -74.1
-75.9084 5.4502 1795 148.8
-75.8917 5.4502 1795 153.1
-75.875 5.4502 1981 168.8
-75.8583 5.4502 2333 191.1
-75.8417 5.4502 2497 212.9
-75.825 5.4502 2635 229.3
-75.8083 5.4502 2453 236.2
-75.7917 5.4502 2351 232.4
-75.775 5.4502 2393 219.2
-75.7584 5.4502 2281 198.7
-75.7417 5.4502 1955 174.6
-75.725 5.4502 1701 149.4
-75.7083 5.4502 1569 125.4
-75.6917 5.4502 1573 102.8
-75.675 5.4502 1353 81.6
-75.6584 5.4502 1191 61.1
-75.6417 5.4502 1259 41
-75.625 5.4502 1547 21.6
-75.6083 5.4502 1483 4.5
-75.5917 5.4502 937 -8.7
-75.575 5.4502 853 -15.6
-75.5583 5.4502 959 -15.1
-75.5417 5.4502 1207 -6.4
-75.525 5.4502 1093 10.1
-75.5084 5.4502 1339 32.3
-75.4917 5.4502 1309 59
-75.475 5.4502 1409 87.4
-75.4583 5.4502 1555 116.3
-75.4417 5.4502 1687 144.5
-75.425 5.4502 1939 171.8
-75.4084 5.4502 2327 197.5
-75.3917 5.4502 2661 221.4
-75.375 5.4502 3089 242
-75.3583 5.4502 3019 257.9
-75.3417 5.4502 2881 266.4
-75.325 5.4502 2807 265.9
-75.3083 5.4502 2785 255.1
-75.2917 5.4502 2857 234.4
-75.275 5.4502 2459 206.1
-75.2584 5.4502 1953 173.3
-75.2417 5.4502 2007 141.4
-75.225 5.4502 2459 114.1
-75.2083 5.4502 2307 95.7
-75.1917 5.4502 1937 87.4
-75.175 5.4502 1845 88.9
-75.1584 5.4502 2025 97.9
-75.1417 5.4502 2283 110
-75.125 5.4502 2355 121.5
-75.1083 5.4502 2061 128
-75.0917 5.4502 1669 127.2
-75.075 5.4502 1773 118.3
-75.0583 5.4502 1887 102.2
-75.0417 5.4502 1575 81.5
-75.025 5.4502 1339 58.5
-75.0084 5.4502 1159 36.5
-74.9917 5.4502 1071 17
-74.975 5.4502 891 1.5
-74.9583 5.4502 793 -10
-74.9417 5.4502 849 -18.2
-74.925 5.4502 681 -24
-74.9084 5.4502 693 -28.3
-74.8917 5.4502 621 -31.9
-74.875 5.4502 479 -35.3
-74.8583 5.4502 341 -38.7
-74.8417 5.4502 255 -42.5
-74.825 5.4502 243 -46.7
-74.8083 5.4502 243 -51.6
-74.7917 5.4502 221 -57.3
-74.775 5.4502 213 -63.7
-74.7584 5.4502 245 -70.4
-74.7417 5.4502 219 -76.7
-74.725 5.4502 301 -81.9
-74.7083 5.4502 259 -85.1
-74.6917 5.4502 241 -85.9
-74.675 5.4502 193 -84.4
-74.6584 5.4502 175 -81
-74.6417 5.4502 187 -76.6
-74.625 5.4502 241 -72.1
-75.9084 5.4336 1507 124.2
-75.8917 5.4336 1481 136.6
-75.875 5.4336 1925 158.4
-75.8583 5.4336 2235 185
-75.8417 5.4336 2479 209.1
-75.825 5.4336 2617 226.2
-75.8083 5.4336 2401 232.5
-75.7917 5.4336 2247 227.1
-75.775 5.4336 2241 211.7
-75.7584 5.4336 2269 188.4
-75.7417 5.4336 2119 161.4
-75.725 5.4336 1799 133.4
-75.7083 5.4336 1713 107.2
-75.6917 5.4336 1693 83.4
-75.675 5.4336 1347 62.4
-75.6584 5.4336 1187 43.8
-75.6417 5.4336 1231 27.5
-75.625 5.4336 1579 13.3
-75.6083 5.4336 1455 2.3
-75.5917 5.4336 871 -4.7
-75.575 5.4336 997 -6.4
-75.5583 5.4336 1087 -2.1
-75.5417 5.4336 1173 8.2
-75.525 5.4336 1157 24.2
-75.5084 5.4336 1631 44.3
-75.4917 5.4336 1261 67.6
-75.475 5.4336 1619 92.3
-75.4583 5.4336 1925 118
-75.4417 5.4336 2083 143.9
-75.425 5.4336 2131 170.2
-75.4084 5.4336 2303 196.5
-75.3917 5.4336 2543 222.2
-75.375 5.4336 3031 245.6
-75.3583 5.4336 3007 265.2
-75.3417 5.4336 2855 278
-75.325 5.4336 2763 282.4
-75.3083 5.4336 2987 277
-75.2917 5.4336 2989 262
-75.275 5.4336 2733 239.8
-75.2584 5.4336 2441 212.7
-75.2417 5.4336 2753 185.5
-75.225 5.4336 2639 161.3
-75.2083 5.4336 2359 143.6
-75.1917 5.4336 2421 133.4
-75.175 5.4336 2237 130.2
-75.1584 5.4336 2591 132.1
-75.1417 5.4336 2719 135.8
-75.125 5.4336 2413 138.2
-75.1083 5.4336 2037 136.4
-75.0917 5.4336 1647 128.7
-75.075 5.4336 1671 115.3
-75.0583 5.4336 1629 96.8
-75.0417 5.4336 1561 75.8
-75.025 5.4336 1477 54
-75.0084 5.4336 1455 34
-74.9917 5.4336 1189 16.6
-74.975 5.4336 891 2.7
-74.9583 5.4336 893 -7.9
-74.9417 5.4336 809 -15.9
-74.925 5.4336 689 -21.9
-74.9084 5.4336 709 -26.7
-74.8917 5.4336 631 -30.9
-74.875 5.4336 469 -34.7
-74.8583 5.4336 337 -38.4
-74.8417 5.4336 241 -42.3
-74.825 5.4336 231 -46.6
-74.8083 5.4336 235 -51.7
-74.7917 5.4336 271 -57.6
-74.775 5.4336 295 -64.1
-74.7584 5.4336 259 -70.8
-74.7417 5.4336 245 -76.9
-74.725 5.4336 219 -81.6
-74.7083 5.4336 211 -84.1
-74.6917 5.4336 189 -84.2
-74.675 5.4336 175 -82.1
-74.6584 5.4336 173 -78.4
-74.6417 5.4336 203 -74.2
-74.625 5.4336 401 -70.2
-75.9084 5.417 1243 100.1
-75.8917 5.417 1433 119.6
-75.875 5.417 2021 146.8
-75.8583 5.417 2175 177.2
-75.8417 5.417 2283 203.8
-75.825 5.417 2613 222.5
-75.8083 5.417 2505 229.7
-75.7917 5.417 2349 224.7
-75.775 5.417 2125 209
-75.7584 5.417 2157 185
-75.7417 5.417 2187 156.8
-75.725 5.417 2117 127.1
-75.7083 5.417 1861 99.2
-75.6917 5.417 1659 74.1
-75.675 5.417 1593 52.8
-75.6584 5.417 1405 35.3
-75.6417 5.417 1311 21.7
-75.625 5.417 1513 11.7
-75.6083 5.417 1111 5.7
-75.5917 5.417 885 4
-75.575 5.417 1285 6.8
-75.5583 5.417 1491 14.2
-75.5417 5.417 1469 25.6
-75.525 5.417 1379 40.7
-75.5084 5.417 1525 58
-75.4917 5.417 1447 77.3
-75.475 5.417 1543 97.7
-75.4583 5.417 1885 119.4
-75.4417 5.417 2099 142.4
-75.425 5.417 2341 167.2
-75.4084 5.417 2661 193.4
-75.3917 5.417 2859 220.7
-75.375 5.417 3087 246.9
-75.3583 5.417 3041 270.3
-75.3417 5.417 2983 287.9
-75.325 5.417 2841 298
-75.3083 5.417 3107 299.2
-75.2917 5.417 3219 291.3
-75.275 5.417 3047 276.1
-75.2584 5.417 3159 255.7
-75.2417 5.417 2999 233.7
-75.225 5.417 2611 212.6
-75.2083 5.417 2809 195.1
-75.1917 5.417 2803 181.8
-75.175 5.417 2537 172.4
-75.1584 5.417 2669 165.5
-75.1417 5.417 2547 159
-75.125 5.417 2483 150.8
-75.1083 5.417 2141 139.6
-75.0917 5.417 1741 124.7
-75.075 5.417 1549 106.7
-75.0583 5.417 1589 86.5
-75.0417 5.417 1413 66.2
-75.025 5.417 1557 46.7
-75.0084 5.417 1555 29.6
-74.9917 5.417 1405 15.1
-74.975 5.417 1117 3.4
-74.9583 5.417 979 -6.1
-74.9417 5.417 751 -13.9
-74.925 5.417 613 -20.5
-74.9084 5.417 623 -26.3
-74.8917 5.417 613 -31.4
-74.875 5.417 439 -35.9
-74.8583 5.417 319 -40
-74.8417 5.417 253 -43.9
-74.825 5.417 265 -48.1
-74.8083 5.417 397 -52.9
-74.7917 5.417 451 -58.5
-74.775 5.417 355 -64.7
-74.7584 5.417 279 -71
-74.7417 5.417 211 -76.6
-74.725 5.417 193 -80.8
-74.7083 5.417 199 -82.6
-74.6917 5.417 195 -82.1
-74.675 5.417 187 -79.5
-74.6584 5.417 199 -75.7
-74.6417 5.417 327 -71.7
-74.625 5.417 669 -68.4
-75.9084 5.4004 1181 80.6
-75.8917 5.4004 1481 105
-75.875 5.4004 2039 135.8
-75.8583 5.4004 2093 168.6
-75.8417 5.4004 2163 197.1
-75.825 5.4004 2521 217.5
-75.8083 5.4004 2483 226.5
-75.7917 5.4004 2321 223.4
-75.775 5.4004 2079 209.5
-75.7584 5.4004 2187 186.7
-75.7417 5.4004 2337 158.9
-75.725 5.4004 2199 128.9
-75.7083 5.4004 1853 100
-75.6917 5.4004 1689 73.8
-75.675 5.4004 1417 51.8
-75.6584 5.4004 1389 34.5
-75.6417 5.4004 1055 22.3
-75.625 5.4004 1117 15
-75.6083 5.4004 955 12.5
-75.5917 5.4004 897 14.5
-75.575 5.4004 1231 20.6
-75.5583 5.4004 1601 30
-75.5417 5.4004 1555 41.8
-75.525 5.4004 1759 55.3
-75.5084 5.4004 1541 69.7
-75.4917 5.4004 1671 84.8
-75.475 5.4004 1641 100.9
-75.4583 5.4004 1727 118.6
-75.4417 5.4004 2027 138.6
-75.425 5.4004 2299 161.7
-75.4084 5.4004 2607 187.7
-75.3917 5.4004 2935 216.1
-75.375 5.4004 2933 244.6
-75.3583 5.4004 3035 271.6
-75.3417 5.4004 2843 293.8
-75.325 5.4004 2943 309.5
-75.3083 5.4004 3219 317.1
-75.2917 5.4004 3225 316.5
-75.275 5.4004 3337 308.7
-75.2584 5.4004 3405 295.2
-75.2417 5.4004 2943 278.5
-75.225 5.4004 3095 260.5
-75.2083 5.4004 2945 242.8
-75.1917 5.4004 2777 225.9
-75.175 5.4004 2661 209.8
-75.1584 5.4004 2399 193.5
-75.1417 5.4004 2181 176.2
-75.125 5.4004 2303 157.3
-75.1083 5.4004 2167 136.7
-75.0917 5.4004 1905 114.8
-75.075 5.4004 1419 92.9
-75.0583 5.4004 1367 71.9
-75.0417 5.4004 1367 53.2
-75.025 5.4004 1509 37
-75.0084 5.4004 1605 23.7
-74.9917 5.4004 1321 12.8
-74.975 5.4004 1103 3.5
-74.9583 5.4004 899 -4.7
-74.9417 5.4004 885 -12.5
-74.925 5.4004 625 -20
-74.9084 5.4004 683 -27
-74.8917 5.4004 571 -33.4
-74.875 5.4004 389 -38.8
-74.8583 5.4004 321 -43.3
-74.8417 5.4004 297 -47.2
-74.825 5.4004 403 -51
-74.8083 5.4004 517 -55.2
-74.7917 5.4004 457 -60.2
-74.775 5.4004 333 -65.7
-74.7584 5.4004 247 -71.5
-74.7417 5.4004 223 -76.5
-74.725 5.4004 205 -80
-74.7083 5.4004 189 -81.2
-74.6917 5.4004 185 -80.1
-74.675 5.4004 183 -77.1
-74.6584 5.4004 247 -73.1
-74.6417 5.4004 595 -69.2
-74.625 5.4004 591 -66.3
-75.9084 5.3838 1293 68.1
-75.8917 5.3838 1569 94.9
-75.875 5.3838 2017 126.7
-75.8583 5.3838 1953 159.9
-75.8417 5.3838 2225 188.9
-75.825 5.3838 2535 210.5
-75.8083 5.3838 2343 221.5
-75.7917 5.3838 2253 221.1
-75.775 5.3838 2067 210.1
-75.7584 5.3838 2141 190
-75.7417 5.3838 2255 164.1
-75.725 5.3838 2273 134.9
-75.7083 5.3838 2037 105.7
-75.6917 5.3838 1777 78.6
-75.675 5.3838 1325 55.6
-75.6584 5.3838 1153 37.8
-75.6417 5.3838 1109 25.8
-75.625 5.3838 881 19.8
-75.6083 5.3838 799 19.4
-75.5917 5.3838 889 23.9
-75.575 5.3838 1151 31.9
-75.5583 5.3838 1467 42.4
-75.5417 5.3838 1713 53.9
-75.525 5.3838 2011 65.7
-75.5084 5.3838 1621 77.1
-75.4917 5.3838 1685 88.6
-75.475 5.3838 1915 100.9
-75.4583 5.3838 1925 115.2
-75.4417 5.3838 2227 132.8
-75.425 5.3838 2591 154.5
-75.4084 5.3838 2817 180.2
-75.3917 5.3838 2971 209.4
-75.375 5.3838 2915 239.7
-75.3583 5.3838 2879 269.3
-75.3417 5.3838 2967 295.1
-75.325 5.3838 3115 315.4
-75.3083 5.3838 3273 328.6
-75.2917 5.3838 3493 334.4
-75.275 5.3838 3545 333.3
-75.2584 5.3838 3321 326.2
-75.2417 5.3838 3297 314.6
-75.225 5.3838 3363 299.5
-75.2083 5.3838 3001 281.8
-75.1917 5.3838 2881 261.5
-75.175 5.3838 2363 238.9
-75.1584 5.3838 2065 213.6
-75.1417 5.3838 1945 186.3
-75.125 5.3838 1853 157.3
-75.1083 5.3838 1731 128.3
-75.0917 5.3838 1745 100.3
-75.075 5.3838 1517 75.5
-75.0583 5.3838 1465 54.6
-75.0417 5.3838 1325 38.2
-75.025 5.3838 1487 26
-75.0084 5.3838 1669 17
-74.9917 5.3838 1567 9.9
-74.975 5.3838 1059 3.3
-74.9583 5.3838 793 -3.8
-74.9417 5.3838 631 -11.6
-74.925 5.3838 717 -20.2
-74.9084 5.3838 697 -28.6
-74.8917 5.3838 565 -36.3
-74.875 5.3838 411 -42.6
-74.8583 5.3838 369 -47.5
-74.8417 5.3838 415 -51.3
-74.825 5.3838 537 -54.5
-74.8083 5.3838 431 -58
-74.7917 5.3838 313 -62.3
-74.775 5.3838 259 -67.2
-74.7584 5.3838 231 -72.3
-74.7417 5.3838 205 -76.7
-74.725 5.3838 193 -79.6
-74.7083 5.3838 195 -80.3
-74.6917 5.3838 189 -78.5
-74.675 5.3838 189 -75.1
-74.6584 5.3838 283 -70.7
-74.6417 5.3838 681 -66.7
-74.625 5.3838 529 -64
-75.9084 5.3672 1497 65
-75.8917 5.3672 1733 91
-75.875 5.3672 1851 120.8
-75.8583 5.3672 1953 151.8
-75.8417 5.3672 2229 179.4
-75.825 5.3672 2443 200.9
-75.8083 5.3672 2257 213.3
-75.7917 5.3672 2145 215.7
-75.775 5.3672 2045 208
-75.7584 5.3672 2053 191.4
-75.7417 5.3672 1943 168.2
-75.725 5.3672 1923 140.5
-75.7083 5.3672 1787 111.8
-75.6917 5.3672 1623 84
-75.675 5.3672 1375 60
-75.6584 5.3672 1121 41.1
-75.6417 5.3672 995 28.7
-75.625 5.3672 963 22.9
-75.6083 5.3672 837 23.3
-75.5917 5.3672 909 28.9
-75.575 5.3672 1177 37.9
-75.5583 5.3672 1559 48.7
-75.5417 5.3672 1797 59.6
-75.525 5.3672 2025 69.9
-75.5084 5.3672 1755 79
-75.4917 5.3672 1707 87.8
-75.475 5.3672 2017 97.6
-75.4583 5.3672 2023 109.9
-75.4417 5.3672 2393 126.1
-75.425 5.3672 2589 147.3
-75.4084 5.3672 2769 173.1
-75.3917 5.3672 2807 202.7
-75.375 5.3672 2891 233.9
-75.3583 5.3672 2995 264.8
-75.3417 5.3672 3071 292.3
-75.325 5.3672 3213 315.2
-75.3083 5.3672 3371 331.9
-75.2917 5.3672 3607 342.1
-75.275 5.3672 3619 346
-75.2584 5.3672 3421 344.1
-75.2417 5.3672 3343 336.9
-75.225 5.3672 3357 324.5
-75.2083 5.3672 3159 307.1
-75.1917 5.3672 2821 284.3
-75.175 5.3672 2373 256.6
-75.1584 5.3672 2319 224
-75.1417 5.3672 2227 188.4
-75.125 5.3672 2023 151.1
-75.1083 5.3672 1705 115.4
-75.0917 5.3672 1357 83
-75.075 5.3672 1315 56.5
-75.0583 5.3672 1237 36.5
-75.0417 5.3672 1247 23.1
-75.025 5.3672 1501 15.1
-75.0084 5.3672 1413 10.5
-74.9917 5.3672 1269 7.1
-74.975 5.3672 1219 3
-74.9583 5.3672 933 -3
-74.9417 5.3672 767 -11
-74.925 5.3672 851 -20.6
-74.9084 5.3672 723 -30.3
-74.8917 5.3672 555 -39.3
-74.875 5.3672 427 -46.4
-74.8583 5.3672 399 -51.6
-74.8417 5.3672 375 -55.2
-74.825 5.3672 335 -57.9
-74.8083 5.3672 321 -60.8
-74.7917 5.3672 293 -64.4
-74.775 5.3672 277 -68.8
-74.7584 5.3672 227 -73.5
-74.7417 5.3672 199 -77.5
-74.725 5.3672 195 -80
-74.7083 5.3672 185 -80.1
-74.6917 5.3672 191 -77.8
-74.675 5.3672 209 -73.6
-74.6584 5.3672 395 -68.6
-74.6417 5.3672 699 -64.1
-74.625 5.3672 443 -61
-75.9084 5.3506 1805 71.1
-75.8917 5.3506 1937 93.3
-75.875 5.3506 1723 118.5
-75.8583 5.3506 1991 144.9
-75.8417 5.3506 2265 169
-75.825 5.3506 2257 188.8
-75.8083 5.3506 2101 201.6
-75.7917 5.3506 1997 206
-75.775 5.3506 1999 201.5
-75.7584 5.3506 1991 188.4
-75.7417 5.3506 2013 168.1
-75.725 5.3506 1767 142.5
-75.7083 5.3506 1667 114.6
-75.6917 5.3506 1413 86.6
-75.675 5.3506 1363 61.7
-75.6584 5.3506 1419 41.7
-75.6417 5.3506 1147 28.5
-75.625 5.3506 953 22.4
-75.6083 5.3506 969 22.9
-75.5917 5.3506 969 29
-75.575 5.3506 1111 38.3
-75.5583 5.3506 1403 49.1
-75.5417 5.3506 1597 59.5
-75.525 5.3506 1987 68.7
-75.5084 5.3506 1957 76.6
-75.4917 5.3506 1591 84.1
-75.475 5.3506 1735 92.9
-75.4583 5.3506 1869 104.8
-75.4417 5.3506 2079 121
-75.425 5.3506 2195 142.6
-75.4084 5.3506 2369 168.8
-75.3917 5.3506 2509 198.7
-75.375 5.3506 2857 229.7
-75.3583 5.3506 3149 260.2
-75.3417 5.3506 3163 287.5
-75.325 5.3506 3237 310.4
-75.3083 5.3506 3417 328
-75.2917 5.3506 3493 340.2
-75.275 5.3506 3565 347.1
-75.2584 5.3506 3289 348.7
-75.2417 5.3506 3239 344.8
-75.225 5.3506 3241 334.9
-75.2083 5.3506 3429 318.3
-75.1917 5.3506 3149 294.2
-75.175 5.3506 2815 263
-75.1584 5.3506 2705 225.3
-75.1417 5.3506 2299 183.7
-75.125 5.3506 2011 140.6
-75.1083 5.3506 1639 100.2
-75.0917 5.3506 1761 65.1
-75.075 5.3506 1637 38.2
-75.0583 5.3506 1459 19.8
-75.0417 5.3506 1217 9.7
-75.025 5.3506 1121 5.8
-75.0084 5.3506 1313 5.1
-74.9917 5.3506 991 5
-74.975 5.3506 843 3
-74.9583 5.3506 853 -2.2
-74.9417 5.3506 851 -10.4
-74.925 5.3506 923 -21
-74.9084 5.3506 751 -31.8
-74.8917 5.3506 557 -41.8
-74.875 5.3506 427 -49.5
-74.8583 5.3506 351 -54.8
-74.8417 5.3506 323 -58.1
-74.825 5.3506 297 -60.4
-74.8083 5.3506 331 -62.9
-74.7917 5.3506 327 -66.2
-74.775 5.3506 265 -70.3
-74.7584 5.3506 245 -75
-74.7417 5.3506 203 -78.9
-74.725 5.3506 199 -81.1
-74.7083 5.3506 189 -80.8
-74.6917 5.3506 207 -77.8
-74.675 5.3506 257 -72.7
-74.6584 5.3506 593 -66.7
-74.6417 5.3506 597 -61.3
-74.625 5.3506 415 -57.3
-75.9084 5.334 2023 85.5
-75.8917 5.334 1859 101.4
-75.875 5.334 1725 119.6
-75.8583 5.334 2149 139.3
-75.8417 5.334 2121 158.2
-75.825 5.334 1911 174.8
-75.8083 5.334 1811 186.4
-75.7917 5.334 2039 191.8
-75.775 5.334 2033 189.5
-75.7584 5.334 1807 179.2
-75.7417 5.334 1879 161.6
-75.725 5.334 1759 138
-75.7083 5.334 1571 111.1
-75.6917 5.334 1321 83.3
-75.675 5.334 1139 58
-75.6584 5.334 1223 37.4
-75.6417 5.334 947 23.6
-75.625 5.334 999 17.3
-75.6083 5.334 1037 18
-75.5917 5.334 1037 24.3
-75.575 5.334 1073 33.9
-75.5583 5.334 1317 44.9
-75.5417 5.334 1375 55.2
-75.525 5.334 1737 64.2
-75.5084 5.334 2023 72
-75.4917 5.334 1783 79.8
-75.475 5.334 1843 89.4
-75.4583 5.334 1995 102.5
-75.4417 5.334 2179 120.4
-75.425 5.334 2311 143.4
-75.4084 5.334 2311 170.5
-75.3917 5.334 2371 200.4
-75.375 5.334 2635 230.3
-75.3583 5.334 3157 258.6
-75.3417 5.334 3307 283.2
-75.325 5.334 3225 303.4
-75.3083 5.334 3471 318.9
-75.2917 5.334 3553 330.1
-75.275 5.334 3365 337.2
-75.2584 5.334 3259 340.3
-75.2417 5.334 3055 338.5
-75.225 5.334 3047 330.7
-75.2083 5.334 3413 315.4
-75.1917 5.334 3181 291.5
-75.175 5.334 3155 259.1
-75.1584 5.334 2749 218.9
-75.1417 5.334 2189 174.3
-75.125 5.334 1821 128.2
-75.1083 5.334 1793 85.6
-75.0917 5.334 1607 49.5
-75.075 5.334 1381 23.2
-75.0583 5.334 1283 7
-75.0417 5.334 1189 -0.1
-75.025 5.334 1253 -0.6
-75.0084 5.334 937 2
-74.9917 5.334 937 4.3
-74.975 5.334 1067 3.7
-74.9583 5.334 889 -1
-74.9417 5.334 1009 -9.6
-74.925 5.334 1011 -20.9
-74.9084 5.334 791 -32.5
-74.8917 5.334 545 -43.1
-74.875 5.334 437 -51.1
-74.8583 5.334 355 -56.3
-74.8417 5.334 325 -59.4
-74.825 5.334 373 -61.5
-74.8083 5.334 367 -63.8
-74.7917 5.334 291 -67.2
-74.775 5.334 277 -71.7
-74.7584 5.334 223 -76.6
-74.7417 5.334 203 -80.7
-74.725 5.334 189 -82.9
-74.7083 5.334 189 -82.2
-74.6917 5.334 267 -78.5
-74.675 5.334 469 -72.4
-74.6584 5.334 631 -65.1
-74.6417 5.334 499 -58.3
-74.625 5.334 561 -53.1
-75.9084 5.3174 2001 105.3
-75.8917 5.3174 1765 113.3
-75.875 5.3174 1779 123.2
-75.8583 5.3174 2161 135.1
-75.8417 5.3174 1879 147.6
-75.825 5.3174 1757 159.7
-75.8083 5.3174 1691 169.1
-75.7917 5.3174 2021 174.2
-75.775 5.3174 1809 173
-75.7584 5.3174 1623 164.6
-75.7417 5.3174 1643 149
-75.725 5.3174 1863 127
-75.7083 5.3174 1587 101.2
-75.6917 5.3174 1291 73.9
-75.675 5.3174 1007 48.9
-75.6584 5.3174 1043 28.4
-75.6417 5.3174 859 14.9
-75.625 5.3174 883 9
-75.6083 5.3174 1031 10.3
-75.5917 5.3174 1119 17.3
-75.575 5.3174 1135 27.5
-75.5583 5.3174 1187 38.9
-75.5417 5.3174 1295 49.6
-75.525 5.3174 1757 59.1
-75.5084 5.3174 1957 67.9
-75.4917 5.3174 1905 77.2
-75.475 5.3174 1943 89
-75.4583 5.3174 2133 104.8
-75.4417 5.3174 2371 125.5
-75.425 5.3174 2601 150.9
-75.4084 5.3174 2637 179.3
-75.3917 5.3174 2543 208.9
-75.375 5.3174 2701 236.8
-75.3583 5.3174 2999 261.6
-75.3417 5.3174 3177 281.4
-75.325 5.3174 3065 296.4
-75.3083 5.3174 3173 307.1
-75.2917 5.3174 3517 314.6
-75.275 5.3174 3273 319.5
-75.2584 5.3174 3001 322
-75.2417 5.3174 2977 321
-75.225 5.3174 2969 314.9
-75.2083 5.3174 3283 301.5
-75.1917 5.3174 3133 279.1
-75.175 5.3174 2979 247.5
-75.1584 5.3174 2523 207.5
-75.1417 5.3174 2017 162.6
-75.125 5.3174 1767 116
-75.1083 5.3174 1699 73.4
-75.0917 5.3174 1693 38
-75.075 5.3174 1617 13.1
-75.0583 5.3174 1357 -0.9
-75.0417 5.3174 1475 -5.4
-75.025 5.3174 1405 -3.3
-75.0084 5.3174 1165 1.3
-74.9917 5.3174 1241 5.1
-74.975 5.3174 1115 5.2
-74.9583 5.3174 1063 0.4
-74.9417 5.3174 881 -8.5
-74.925 5.3174 795 -20.4
-74.9084 5.3174 669 -32.5
-74.8917 5.3174 529 -43.2
-74.875 5.3174 387 -51.2
-74.8583 5.3174 323 -56.2
-74.8417 5.3174 303 -59.1
-74.825 5.3174 293 -61.1
-74.8083 5.3174 343 -63.7
-74.7917 5.3174 309 -67.6
-74.775 5.3174 265 -72.7
-74.7584 5.3174 273 -78.3
-74.7417 5.3174 209 -82.9
-74.725 5.3174 191 -85.3
-74.7083 5.3174 243 -84.3
-74.6917 5.3174 579 -79.7
-74.675 5.3174 567 -72.5
-74.6584 5.3174 565 -63.7
-74.6417 5.3174 527 -55.3
-74.625 5.3174 779 -48.6
-75.9084 5.3008 2113 126.7
-75.8917 5.3008 1703 126.3
-75.875 5.3008 1661 127.8
-75.8583 5.3008 1977 131.7
-75.8417 5.3008 1877 137.8
-75.825 5.3008 1607 145
-75.8083 5.3008 1745 151.4
-75.7917 5.3008 1981 155.1
-75.775 5.3008 1619 153.7
-75.7584 5.3008 1343 146
-75.7417 5.3008 1435 131.4
-75.725 5.3008 1899 110.6
-75.7083 5.3008 1787 85.9
-75.6917 5.3008 1425 59.5
-75.675 5.3008 989 35.5
-75.6584 5.3008 845 16.2
-75.6417 5.3008 909 4.1
-75.625 5.3008 1029 -0.3
-75.6083 5.3008 1143 2.4
-75.5917 5.3008 1291 10.8
-75.575 5.3008 1383 22.1
-75.5583 5.3008 1499 34.4
-75.5417 5.3008 1403 45.9
-75.525 5.3008 1671 56.5
-75.5084 5.3008 1771 66.8
-75.4917 5.3008 1933 78.5
-75.475 5.3008 1963 93.3
-75.4583 5.3008 2273 112.8
-75.4417 5.3008 2361 137
-75.425 5.3008 2751 165.5
-75.4084 5.3008 2899 195.4
-75.3917 5.3008 2711 224.7
-75.375 5.3008 2937 250
-75.3583 5.3008 2983 270
-75.3417 5.3008 3077 283.6
-75.325 5.3008 3007 291.4
-75.3083 5.3008 3199 295.2
-75.2917 5.3008 3325 296.6
-75.275 5.3008 3249 297.3
-75.2584 5.3008 2931 297.4
-75.2417 5.3008 2763 296
-75.225 5.3008 2959 291
-75.2083 5.3008 3327 279.7
-75.1917 5.3008 3073 260
-75.175 5.3008 2623 231.1
-75.1584 5.3008 2335 193.6
-75.1417 5.3008 1899 150.9
-75.125 5.3008 1841 106.3
-75.1083 5.3008 1763 65.6
-75.0917 5.3008 1621 32.2
-75.075 5.3008 1473 9.3
-75.0583 5.3008 1487 -2.8
-75.0417 5.3008 1471 -5.6
-75.025 5.3008 1313 -2.1
-75.0084 5.3008 1189 3.4
-74.9917 5.3008 1151 7.5
-74.975 5.3008 985 7.3
-74.9583 5.3008 875 2.1
-74.9417 5.3008 975 -7.4
-74.925 5.3008 839 -19.6
-74.9084 5.3008 671 -31.8
-74.8917 5.3008 513 -42.4
-74.875 5.3008 381 -49.9
-74.8583 5.3008 355 -54.5
-74.8417 5.3008 377 -57.2
-74.825 5.3008 345 -59.4
-74.8083 5.3008 299 -62.6
-74.7917 5.3008 267 -67.3
-74.775 5.3008 245 -73.4
-74.7584 5.3008 247 -80.1
-74.7417 5.3008 211 -85.4
-74.725 5.3008 241 -87.9
-74.7083 5.3008 389 -86.7
-74.6917 5.3008 571 -81.3
-74.675 5.3008 483 -72.9
-74.6584 5.3008 487 -62.6
-74.6417 5.3008 539 -52.7
-74.625 5.3008 739 -44.4
-75.9084 5.2843 2051 146
-75.8917 5.2843 1747 137.9
-75.875 5.2843 1579 131.8
-75.8583 5.2843 1697 128.8
-75.8417 5.2843 1741 129
-75.825 5.2843 1595 131.7
-75.8083 5.2843 1931 134.8
-75.7917 5.2843 1969 136.4
-75.775 5.2843 1685 134
-75.7584 5.2843 1305 126
-75.7417 5.2843 1275 111.6
-75.725 5.2843 1663 91.4
-75.7083 5.2843 1403 67.6
-75.6917 5.2843 1285 42.7
-75.675 5.2843 1023 20.4
-75.6584 5.2843 853 3.3
-75.6417 5.2843 1051 -6.4
-75.625 5.2843 1065 -8.3
-75.6083 5.2843 1121 -3.2
-75.5917 5.2843 1217 7.2
-75.575 5.2843 1557 19.9
-75.5583 5.2843 1675 33.3
-75.5417 5.2843 1605 45.8
-75.525 5.2843 2007 57.5
-75.5084 5.2843 1995 69.4
-75.4917 5.2843 2009 83.6
-75.475 5.2843 2027 101.7
-75.4583 5.2843 2179 125
-75.4417 5.2843 2341 153.1
-75.425 5.2843 2577 184.7
-75.4084 5.2843 2883 216.4
-75.3917 5.2843 2893 245.4
-75.375 5.2843 3067 268
-75.3583 5.2843 3105 282.8
-75.3417 5.2843 3133 289.4
-75.325 5.2843 2993 289.1
-75.3083 5.2843 2883 284.7
-75.2917 5.2843 2803 278.6
-75.275 5.2843 2861 273.5
-75.2584 5.2843 2749 269.9
-75.2417 5.2843 2735 267
-75.225 5.2843 3025 262.6
-75.2083 5.2843 3089 253.5
-75.1917 5.2843 2761 237.3
-75.175 5.2843 2287 212.4
-75.1584 5.2843 2111 179.1
-75.1417 5.2843 2129 140.5
-75.125 5.2843 2099 99.7
-75.1083 5.2843 1791 62.3
-75.0917 5.2843 1479 31.8
-75.075 5.2843 1379 11.2
-75.0583 5.2843 1373 0.7
-75.0417 5.2843 1203 -1.1
-75.025 5.2843 1055 2.6
-75.0084 5.2843 1155 7.7
-74.9917 5.2843 1047 10.9
-74.975 5.2843 1113 9.8
-74.9583 5.2843 1105 3.6
-74.9417 5.2843 1015 -6.5
-74.925 5.2843 907 -19
-74.9084 5.2843 687 -31
-74.8917 5.2843 521 -40.9
-74.875 5.2843 403 -47.8
-74.8583 5.2843 351 -52
-74.8417 5.2843 335 -54.6
-74.825 5.2843 371 -57.1
-74.8083 5.2843 377 -61
-74.7917 5.2843 273 -66.8
-74.775 5.2843 269 -74.1
-74.7584 5.2843 233 -81.8
-74.7417 5.2843 201 -87.8
-74.725 5.2843 251 -90.7
-74.7083 5.2843 429 -89.2
-74.6917 5.2843 507 -83.1
-74.675 5.2843 439 -73.6
-74.6584 5.2843 421 -62
-74.6417 5.2843 523 -50.7
-74.625 5.2843 677 -41.2
-75.9084 5.2677 2147 159.4
-75.8917 5.2677 1749 145.2
-75.875 5.2677 1471 133.5
-75.8583 5.2677 1513 125.5
-75.8417 5.2677 1541 121.5
-75.825 5.2677 1555 120.7
-75.8083 5.2677 1837 121.1
-75.7917 5.2677 1831 120.6
-75.775 5.2677 1685 116.6
-75.7584 5.2677 1477 107.5
-75.7417 5.2677 1147 92.6
-75.725 5.2677 1069 72.5
-75.7083 5.2677 961 49.6
-75.6917 5.2677 1035 26.3
-75.675 5.2677 911 6.4
-75.6584 5.2677 795 -7.7
-75.6417 5.2677 871 -14
-75.625 5.2677 913 -12.5
-75.6083 5.2677 1031 -4.4
-75.5917 5.2677 1303 8.3
-75.575 5.2677 1627 22.7
-75.5583 5.2677 1619 37
-75.5417 5.2677 1647 50.1
-75.525 5.2677 1815 62.3
-75.5084 5.2677 1937 75.3
-75.4917 5.2677 1881 91.2
-75.475 5.2677 2011 112
-75.4583 5.2677 2175 138.8
-75.4417 5.2677 2419 170.4
-75.425 5.2677 2483 205.1
-75.4084 5.2677 2691 238.6
-75.3917 5.2677 3053 267.5
-75.375 5.2677 3221 287.7
-75.3583 5.2677 3317 297.8
-75.3417 5.2677 3191 297.7
-75.325 5.2677 3091 289.3
-75.3083 5.2677 2935 276.6
-75.2917 5.2677 2759 262.6
-75.275 5.2677 2575 251
-75.2584 5.2677 2595 242.8
-75.2417 5.2677 3015 237.6
-75.225 5.2677 3147 233.2
-75.2083 5.2677 2699 226.2
-75.1917 5.2677 2469 213.5
-75.175 5.2677 2371 193.3
-75.1584 5.2677 2199 165.3
-75.1417 5.2677 2045 132
-75.125 5.2677 1967 96.2
-75.1083 5.2677 1785 63.1
-75.0917 5.2677 1581 35.9
-75.075 5.2677 1185 17.7
-75.0583 5.2677 1155 8.5
-75.0417 5.2677 1259 6.8
-75.025 5.2677 1383 9.8
-75.0084 5.2677 1285 13.5
-74.9917 5.2677 1167 15
-74.975 5.2677 1145 12.2
-74.9583 5.2677 1045 4.7
-74.9417 5.2677 949 -6.2
-74.925 5.2677 859 -18.8
-74.9084 5.2677 679 -30.3
-74.8917 5.2677 517 -39.6
-74.875 5.2677 407 -45.7
-74.8583 5.2677 371 -49.3
-74.8417 5.2677 345 -51.8
-74.825 5.2677 335 -54.8
-74.8083 5.2677 389 -59.5
-74.7917 5.2677 417 -66.5
-74.775 5.2677 325 -75
-74.7584 5.2677 273 -83.7
-74.7417 5.2677 271 -90.3
-74.725 5.2677 223 -93.3
-74.7083 5.2677 479 -91.5
-74.6917 5.2677 421 -84.8
-74.675 5.2677 419 -74.4
-74.6584 5.2677 507 -61.9
-74.6417 5.2677 745 -49.7
-74.625 5.2677 765 -39.4
-75.9084 5.251 2241 165.4
-75.8917 5.251 1827 147
-75.875 5.251 1483 132.1
-75.8583 5.251 1363 121.3
-75.8417 5.251 1393 115.1
-75.825 5.251 1517 112.2
-75.8083 5.251 1583 110.8
-75.7917 5.251 1665 108.5
-75.775 5.251 1805 102.9
-75.7584 5.251 1763 92.3
-75.7417 5.251 1325 76.6
-75.725 5.251 1061 56.2
-75.7083 5.251 1037 34
-75.6917 5.251 891 12.5
-75.675 5.251 961 -4.6
-75.6584 5.251 869 -15.2
-75.6417 5.251 895 -17.7
-75.625 5.251 999 -12.4
-75.6083 5.251 1029 -1.1
-75.5917 5.251 1201 14
-75.575 5.251 1345 29.7
-75.5583 5.251 1379 44.4
-75.5417 5.251 1561 57.3
-75.525 5.251 1663 69.2
-75.5084 5.251 1799 82.2
-75.4917 5.251 1851 98.9
-75.475 5.251 1933 121.4
-75.4583 5.251 2151 150.7
-75.4417 5.251 2369 185.2
-75.425 5.251 2739 222.8
-75.4084 5.251 2761 258.1
-75.3917 5.251 3153 287.4
-75.375 5.251 3505 306
-75.3583 5.251 3529 312.4
-75.3417 5.251 3451 306.7
-75.325 5.251 3195 291.3
-75.3083 5.251 2839 270.8
-75.2917 5.251 2651 249.3
-75.275 5.251 2489 231.2
-75.2584 5.251 2445 218.1
-75.2417 5.251 2885 210
-75.225 5.251 2935 205
-75.2083 5.251 2645 199.5
-75.1917 5.251 2313 190.2
-75.175 5.251 2191 174.7
-75.1584 5.251 1901 152.3
-75.1417 5.251 2053 124.7
-75.125 5.251 1879 94.5
-75.1083 5.251 1719 66.3
-75.0917 5.251 1507 42.9
-75.075 5.251 1213 26.9
-75.0583 5.251 1269 18.7
-75.0417 5.251 1383 16.7
-75.025 5.251 1457 18.2
-75.0084 5.251 1287 19.9
-74.9917 5.251 1167 19.1
-74.975 5.251 1109 14.2
-74.9583 5.251 987 5.2
-74.9417 5.251 973 -6.5
-74.925 5.251 793 -19.1
-74.9084 5.251 661 -30.2
-74.8917 5.251 489 -38.6
-74.875 5.251 387 -44
-74.8583 5.251 371 -47.1
-74.8417 5.251 387 -49.5
-74.825 5.251 341 -52.9
-74.8083 5.251 393 -58.5
-74.7917 5.251 519 -66.6
-74.775 5.251 419 -76.1
-74.7584 5.251 321 -85.6
-74.7417 5.251 323 -92.7
-74.725 5.251 243 -95.8
-74.7083 5.251 479 -93.7
-74.6917 5.251 401 -86.5
-74.675 5.251 373 -75.5
-74.6584 5.251 467 -62.4
-74.6417 5.251 619 -49.8
-74.625 5.251 829 -39.3
-75.9084 5.2345 2297 162.8
-75.8917 5.2345 1893 142.7
-75.875 5.2345 1533 126.8
-75.8583 5.2345 1395 115.7
-75.8417 5.2345 1419 109.3
-75.825 5.2345 1421 106.3
-75.8083 5.2345 1343 104.2
-75.7917 5.2345 1601 100.9
-75.775 5.2345 1667 93.9
-75.7584 5.2345 1843 82
-75.7417 5.2345 1595 65.2
-75.725 5.2345 1213 44.5
-75.7083 5.2345 963 22.9
-75.6917 5.2345 891 3.1
-75.675 5.2345 967 -11.3
-75.6584 5.2345 887 -18.5
-75.6417 5.2345 877 -17.2
-75.625 5.2345 921 -8.3
-75.6083 5.2345 1003 5.9
-75.5917 5.2345 1349 22.8
-75.575 5.2345 1689 39.1
-75.5583 5.2345 1547 53.4
-75.5417 5.2345 1589 65.1
-75.525 5.2345 1769 75.4
-75.5084 5.2345 1995 87.2
-75.4917 5.2345 2199 103.3
-75.475 5.2345 2217 126.2
-75.4583 5.2345 2165 156.9
-75.4417 5.2345 2569 193.5
-75.425 5.2345 2983 233.5
-75.4084 5.2345 3019 270.8
-75.3917 5.2345 3279 301.2
-75.375 5.2345 3619 319.5
-75.3583 5.2345 3517 323.8
-75.3417 5.2345 3159 314.4
-75.325 5.2345 2973 293.8
-75.3083 5.2345 2843 267.3
-75.2917 5.2345 2823 239.5
-75.275 5.2345 2727 215.5
-75.2584 5.2345 2437 197.6
-75.2417 5.2345 2257 186.4
-75.225 5.2345 2645 180.2
-75.2083 5.2345 2613 175.3
-75.1917 5.2345 2219 168.6
-75.175 5.2345 1957 157.2
-75.1584 5.2345 1835 139.9
-75.1417 5.2345 1899 118
-75.125 5.2345 2017 93.4
-75.1083 5.2345 1807 70
-75.0917 5.2345 1407 50.3
-75.075 5.2345 1259 36.7
-75.0583 5.2345 1513 29.3
-75.0417 5.2345 1509 26.6
-75.025 5.2345 1417 26.5
-75.0084 5.2345 1325 25.9
-74.9917 5.2345 1159 22.7
-74.975 5.2345 1021 15.7
-74.9583 5.2345 933 5.1
-74.9417 5.2345 859 -7.3
-74.925 5.2345 767 -19.9
-74.9084 5.2345 665 -30.5
-74.8917 5.2345 479 -38.2
-74.875 5.2345 417 -42.9
-74.8583 5.2345 401 -45.7
-74.8417 5.2345 405 -48.2
-74.825 5.2345 391 -52
-74.8083 5.2345 323 -58.3
-74.7917 5.2345 361 -67.3
-74.775 5.2345 421 -77.5
-74.7584 5.2345 417 -87.5
-74.7417 5.2345 373 -94.8
-74.725 5.2345 253 -97.8
-74.7083 5.2345 485 -95.5
-74.6917 5.2345 331 -88
-74.675 5.2345 377 -76.7
-74.6584 5.2345 623 -63.4
-74.6417 5.2345 727 -50.9
-74.625 5.2345 873 -40.6
-75.9084 5.2178 2109 153.1
-75.8917 5.2178 1795 133
-75.875 5.2178 1567 118.2
-75.8583 5.2178 1505 108.7
-75.8417 5.2178 1537 103.9
-75.825 5.2178 1557 102
-75.8083 5.2178 1365 100.4
-75.7917 5.2178 1479 96.8
-75.775 5.2178 1705 89.1
-75.7584 5.2178 1905 76.1
-75.7417 5.2178 1565 58.4
-75.725 5.2178 1247 37.3
-75.7083 5.2178 881 16.2
-75.6917 5.2178 827 -2.2
-75.675 5.2178 883 -14.2
-75.6584 5.2178 971 -18.3
-75.6417 5.2178 907 -13.8
-75.625 5.2178 905 -1.9
-75.6083 5.2178 979 14.4
-75.5917 5.2178 1171 32.4
-75.575 5.2178 1463 48.6
-75.5583 5.2178 1357 61.5
-75.5417 5.2178 1529 71
-75.525 5.2178 1831 78.8
-75.5084 5.2178 1951 88.2
-75.4917 5.2178 2171 102.6
-75.475 5.2178 2243 124.8
-75.4583 5.2178 2349 155.9
-75.4417 5.2178 2451 193.9
-75.425 5.2178 2511 235.9
-75.4084 5.2178 2809 275.5
-75.3917 5.2178 3217 307.8
-75.375 5.2178 3549 327
-75.3583 5.2178 3475 331.1
-75.3417 5.2178 3189 320.1
-75.325 5.2178 3281 296.5
-75.3083 5.2178 3111 265.9
-75.2917 5.2178 3149 233.2
-75.275 5.2178 2807 204.4
-75.2584 5.2178 2719 182.1
-75.2417 5.2178 2339 167.5
-75.225 5.2178 2143 159.2
-75.2083 5.2178 2445 154.2
-75.1917 5.2178 2339 149
-75.175 5.2178 2181 140.7
-75.1584 5.2178 2011 127.8
-75.1417 5.2178 1737 110.9
-75.125 5.2178 1831 91.4
-75.1083 5.2178 1429 72.6
-75.0917 5.2178 1251 56.6
-75.075 5.2178 1551 45.3
-75.0583 5.2178 1517 38.7
-75.0417 5.2178 1507 35.5
-75.025 5.2178 1407 33.8
-75.0084 5.2178 1345 31.1
-74.9917 5.2178 1139 25.6
-74.975 5.2178 939 16.6
-74.9583 5.2178 873 4.7
-74.9417 5.2178 775 -8.4
-74.925 5.2178 749 -21
-74.9084 5.2178 633 -31.2
-74.8917 5.2178 469 -38.3
-74.875 5.2178 439 -42.5
-74.8583 5.2178 423 -45
-74.8417 5.2178 383 -47.6
-74.825 5.2178 373 -51.9
-74.8083 5.2178 333 -58.9
-74.7917 5.2178 315 -68.4
-74.775 5.2178 289 -79.1
-74.7584 5.2178 313 -89.3
-74.7417 5.2178 289 -96.6
-74.725 5.2178 355 -99.5
-74.7083 5.2178 391 -96.9
-74.6917 5.2178 303 -89.2
-74.675 5.2178 403 -77.9
-74.6584 5.2178 591 -64.8
-74.6417 5.2178 813 -52.5
-74.625 5.2178 1039 -42.8
-75.9084 5.2013 1987 138.3
-75.8917 5.2013 1645 119.7
-75.875 5.2013 1455 107.2
-75.8583 5.2013 1667 100.5
-75.8417 5.2013 1547 98.2
-75.825 5.2013 1339 98.5
-75.8083 5.2013 1281 98.3
-75.7917 5.2013 1385 95.3
-75.775 5.2013 1691 87.4
-75.7584 5.2013 1821 73.8
-75.7417 5.2013 1395 55.5
-75.725 5.2013 1103 34.2
-75.7083 5.2013 869 13.4
-75.6917 5.2013 881 -3.8
-75.675 5.2013 959 -14.1
-75.6584 5.2013 935 -16
-75.6417 5.2013 919 -9.4
-75.625 5.2013 963 4.4
-75.6083 5.2013 1073 21.8
-75.5917 5.2013 1393 39.9
-75.575 5.2013 1323 55
-75.5583 5.2013 1313 65.9
-75.5417 5.2013 1531 72.6
-75.525 5.2013 1677 77.3
-75.5084 5.2013 1775 83.7
-75.4917 5.2013 2017 95.7
-75.475 5.2013 2145 116.5
-75.4583 5.2013 2223 147.2
-75.4417 5.2013 2217 186.1
-75.425 5.2013 2433 229.9
-75.4084 5.2013 2621 271.9
-75.3917 5.2013 2877 306.8
-75.375 5.2013 3327 328.4
-75.3583 5.2013 3633 334.2
-75.3417 5.2013 3591 323.6
-75.325 5.2013 3597 299.2
-75.3083 5.2013 3373 266.7
-75.2917 5.2013 3081 230.9
-75.275 5.2013 2989 198.4
-75.2584 5.2013 2703 172.2
-75.2417 5.2013 2433 154.1
-75.225 5.2013 2167 143.3
-75.2083 5.2013 2279 137
-75.1917 5.2013 2505 132.1
-75.175 5.2013 2369 125.6
-75.1584 5.2013 2137 115.9
-75.1417 5.2013 1813 103
-75.125 5.2013 1571 87.9
-75.1083 5.2013 1371 73.1
-75.0917 5.2013 1555 60.4
-75.075 5.2013 1633 51.3
-75.0583 5.2013 1559 45.6
-75.0417 5.2013 1501 42.2
-75.025 5.2013 1487 39.3
-75.0084 5.2013 1329 34.8
-74.9917 5.2013 1101 27.5
-74.975 5.2013 933 17.1
-74.9583 5.2013 899 4.1
-74.9417 5.2013 843 -9.4
-74.925 5.2013 731 -22
-74.9084 5.2013 569 -31.8
-74.8917 5.2013 481 -38.5
-74.875 5.2013 451 -42.4
-74.8583 5.2013 471 -44.9
-74.8417 5.2013 407 -47.7
-74.825 5.2013 389 -52.5
-74.8083 5.2013 331 -59.8
-74.7917 5.2013 301 -69.8
-74.775 5.2013 325 -80.7
-74.7584 5.2013 253 -90.9
-74.7417 5.2013 245 -98
-74.725 5.2013 291 -100.7
-74.7083 5.2013 319 -97.9
-74.6917 5.2013 281 -90.1
-74.675 5.2013 373 -78.9
-74.6584 5.2013 729 -66
-74.6417 5.2013 951 -54.1
-74.625 5.2013 1199 -44.8
-75.9084 5.1847 1799 121.3
-75.8917 5.1847 1535 104.8
-75.875 5.1847 1395 95.1
-75.8583 5.1847 1713 91.4
-75.8417 5.1847 1539 92.1
-75.825 5.1847 1235 94.9
-75.8083 5.1847 1213 96.5
-75.7917 5.1847 1427 94.6
-75.775 5.1847 1687 87.1
-75.7584 5.1847 1665 73.5
-75.7417 5.1847 1507 55
-75.725 5.1847 1329 33.6
-75.7083 5.1847 939 13.1
-75.6917 5.1847 857 -3.5
-75.675 5.1847 835 -12.8
-75.6584 5.1847 861 -13.5
-75.6417 5.1847 913 -5.7
-75.625 5.1847 971 8.8
-75.6083 5.1847 1085 26.3
-75.5917 5.1847 1281 43.7
-75.575 5.1847 1385 57.3
-75.5583 5.1847 1443 65.8
-75.5417 5.1847 1619 69.7
-75.525 5.1847 1687 71.2
-75.5084 5.1847 1759 74.7
-75.4917 5.1847 1893 84.2
-75.475 5.1847 1985 103.2
-75.4583 5.1847 2151 133.4
-75.4417 5.1847 2379 172.7
-75.425 5.1847 2719 218.2
-75.4084 5.1847 2857 262.7
-75.3917 5.1847 3067 300.8
-75.375 5.1847 3405 325.7
-75.3583 5.1847 3627 334.4
-75.3417 5.1847 3585 326
-75.325 5.1847 3603 302.7
-75.3083 5.1847 3309 269.8
-75.2917 5.1847 3179 232.4
-75.275 5.1847 3101 197.2
-75.2584 5.1847 2725 167.6
-75.2417 5.1847 2471 146
-75.225 5.1847 2323 132.2
-75.2083 5.1847 2055 123.8
-75.1917 5.1847 2027 118.1
-75.175 5.1847 1903 112.3
-75.1584 5.1847 2135 104.5
-75.1417 5.1847 2127 94.6
-75.125 5.1847 1767 82.9
-75.1083 5.1847 1371 71.6
-75.0917 5.1847 1713 61.8
-75.075 5.1847 1691 54.6
-75.0583 5.1847 1677 49.8
-75.0417 5.1847 1587 46.4
-75.025 5.1847 1325 42.7
-75.0084 5.1847 1191 37.1
-74.9917 5.1847 1111 28.5
-74.975 5.1847 1029 17.1
-74.9583 5.1847 931 3.5
-74.9417 5.1847 775 -10.2
-74.925 5.1847 725 -22.7
-74.9084 5.1847 567 -32.2
-74.8917 5.1847 459 -38.6
-74.875 5.1847 443 -42.4
-74.8583 5.1847 435 -45
-74.8417 5.1847 417 -48.1
-74.825 5.1847 361 -53.2
-74.8083 5.1847 347 -61
-74.7917 5.1847 351 -71.1
-74.775 5.1847 285 -82
-74.7584 5.1847 253 -92.1
-74.7417 5.1847 393 -99
-74.725 5.1847 353 -101.4
-74.7083 5.1847 265 -98.6
-74.6917 5.1847 247 -90.8
-74.675 5.1847 355 -79.6
-74.6584 5.1847 587 -66.9
-74.6417 5.1847 981 -55
-74.625 5.1847 1323 -45.7
-75.9084 5.1681 1689 105.2
-75.8917 5.1681 1419 90.7
-75.875 5.1681 1327 83.4
-75.8583 5.1681 1561 82.3
-75.8417 5.1681 1357 85.5
-75.825 5.1681 1133 90.5
-75.8083 5.1681 1239 93.8
-75.7917 5.1681 1369 93.2
-75.775 5.1681 1583 86.5
-75.7584 5.1681 1517 73.3
-75.7417 5.1681 1293 55.1
-75.725 5.1681 1227 33.8
-75.7083 5.1681 931 13.6
-75.6917 5.1681 955 -2.7
-75.675 5.1681 855 -11.7
-75.6584 5.1681 823 -12.1
-75.6417 5.1681 907 -4.4
-75.625 5.1681 919 9.8
-75.6083 5.1681 1009 26.6
-75.5917 5.1681 1195 42.8
-75.575 5.1681 1373 54.8
-75.5583 5.1681 1533 61.3
-75.5417 5.1681 1763 63
-75.525 5.1681 1937 62.1
-75.5084 5.1681 1911 63.4
-75.4917 5.1681 2109 71
-75.475 5.1681 2037 88.7
-75.4583 5.1681 2135 118.3
-75.4417 5.1681 2399 158
-75.425 5.1681 2725 204.9
-75.4084 5.1681 2597 251.8
-75.3917 5.1681 2829 293.1
-75.375 5.1681 3167 321.6
-75.3583 5.1681 3371 333.9
-75.3417 5.1681 3463 328.7
-75.325 5.1681 3513 307.5
-75.3083 5.1681 2907 275.5
-75.2917 5.1681 2833 237.6
-75.275 5.1681 3133 200.5
-75.2584 5.1681 2943 168
-75.2417 5.1681 2813 143.2
-75.225 5.1681 2383 126
-75.2083 5.1681 2041 114.9
-75.1917 5.1681 1851 107.7
-75.175 5.1681 1747 101.5
-75.1584 5.1681 1717 94.7
-75.1417 5.1681 1755 86.6
-75.125 5.1681 1589 77.5
-75.1083 5.1681 1535 68.7
-75.0917 5.1681 1885 61.2
-75.075 5.1681 1765 55.6
-75.0583 5.1681 1643 51.7
-75.0417 5.1681 1613 48.3
-75.025 5.1681 1349 44.2
-75.0084 5.1681 1245 37.9
-74.9917 5.1681 1129 28.6
-74.975 5.1681 963 16.7
-74.9583 5.1681 839 2.9
-74.9417 5.1681 879 -10.7
-74.925 5.1681 731 -22.9
-74.9084 5.1681 527 -32.2
-74.8917 5.1681 433 -38.4
-74.875 5.1681 501 -42.3
-74.8583 5.1681 561 -45
-74.8417 5.1681 419 -48.5
-74.825 5.1681 451 -53.9
-74.8083 5.1681 469 -61.9
-74.7917 5.1681 417 -72.1
-74.775 5.1681 285 -83
-74.7584 5.1681 263 -92.9
-74.7417 5.1681 447 -99.7
-74.725 5.1681 275 -101.9
-74.7083 5.1681 259 -99
-74.6917 5.1681 239 -91.2
-74.675 5.1681 451 -80
-74.6584 5.1681 609 -67.1
-74.6417 5.1681 1013 -54.7
-74.625 5.1681 1277 -44.6
-75.9084 5.1515 1601 91.8
-75.8917 5.1515 1363 78.9
-75.875 5.1515 1259 73.1
-75.8583 5.1515 1303 73.6
-75.8417 5.1515 1203 78.4
-75.825 5.1515 1097 84.9
-75.8083 5.1515 1235 89.6
-75.7917 5.1515 1381 90.2
-75.775 5.1515 1643 84.5
-75.7584 5.1515 1357 72.2
-75.7417 5.1515 1189 54.6
-75.725 5.1515 1023 33.9
-75.7083 5.1515 955 13.9
-75.6917 5.1515 967 -2.3
-75.675 5.1515 869 -11.5
-75.6584 5.1515 869 -12.5
-75.6417 5.1515 853 -5.5
-75.625 5.1515 861 7.7
-75.6083 5.1515 953 23.3
-75.5917 5.1515 1171 38.2
-75.575 5.1515 1311 49
-75.5583 5.1515 1519 54.3
-75.5417 5.1515 1609 54.8
-75.525 5.1515 1853 52.9
-75.5084 5.1515 1963 53.1
-75.4917 5.1515 1881 59.7
-75.475 5.1515 1887 76.7
-75.4583 5.1515 2105 106
-75.4417 5.1515 2407 145.9
-75.425 5.1515 2461 193.9
-75.4084 5.1515 2409 242.6
-75.3917 5.1515 2715 286.7
-75.375 5.1515 2891 318.4
-75.3583 5.1515 3049 334.3
-75.3417 5.1515 3377 332.3
-75.325 5.1515 3485 313.7
-75.3083 5.1515 2977 283.1
-75.2917 5.1515 2579 245.3
-75.275 5.1515 2571 206.9
-75.2584 5.1515 2473 172
-75.2417 5.1515 2399 144.1
-75.225 5.1515 2353 123.7
-75.2083 5.1515 1957 110
-75.1917 5.1515 2187 100.8
-75.175 5.1515 2237 93.8
-75.1584 5.1515 2107 87.3
-75.1417 5.1515 1807 80.3
-75.125 5.1515 1661 72.9
-75.1083 5.1515 1841 65.9
-75.0917 5.1515 1809 60
-75.075 5.1515 1717 55.4
-75.0583 5.1515 1627 52
-75.0417 5.1515 1515 48.7
-75.025 5.1515 1301 44.2
-75.0084 5.1515 1077 37.4
-74.9917 5.1515 981 27.8
-74.975 5.1515 885 15.7
-74.9583 5.1515 997 2.1
-74.9417 5.1515 867 -11.3
-74.925 5.1515 713 -23.1
-74.9084 5.1515 509 -32
-74.8917 5.1515 467 -38.1
-74.875 5.1515 667 -42.1
-74.8583 5.1515 571 -45.1
-74.8417 5.1515 585 -48.8
-74.825 5.1515 497 -54.5
-74.8083 5.1515 383 -62.6
-74.7917 5.1515 333 -72.8
-74.775 5.1515 255 -83.6
-74.7584 5.1515 367 -93.5
-74.7417 5.1515 369 -100.1
-74.725 5.1515 241 -102.4
-74.7083 5.1515 223 -99.5
-74.6917 5.1515 251 -91.7
-74.675 5.1515 391 -80.2
-74.6584 5.1515 637 -66.5
-74.6417 5.1515 1083 -53.1
-74.625 5.1515 1093 -41.3
-75.9084 5.1349 1575 82.6
-75.8917 5.1349 1297 70.4
-75.875 5.1349 1207 65.1
-75.8583 5.1349 1091 66
-75.8417 5.1349 1051 71.2
-75.825 5.1349 1069 78.2
-75.8083 5.1349 1201 83.7
-75.7917 5.1349 1385 85.1
-75.775 5.1349 1711 80.5
-75.7584 5.1349 1443 69.3
-75.7417 5.1349 1133 52.9
-75.725 5.1349 1011 33
-75.7083 5.1349 969 13.6
-75.6917 5.1349 889 -2.6
-75.675 5.1349 847 -12.3
-75.6584 5.1349 913 -14.3
-75.6417 5.1349 921 -8.5
-75.625 5.1349 891 3.3
-75.6083 5.1349 955 17.7
-75.5917 5.1349 1283 31.8
-75.575 5.1349 1379 42.2
-75.5583 5.1349 1467 47.6
-75.5417 5.1349 1359 48.5
-75.525 5.1349 1761 47.1
-75.5084 5.1349 1701 47.8
-75.4917 5.1349 1851 54.6
-75.475 5.1349 1869 71.6
-75.4583 5.1349 2013 100.7
-75.4417 5.1349 2169 140.6
-75.425 5.1349 2259 188.9
-75.4084 5.1349 2647 238.5
-75.3917 5.1349 2861 284.1
-75.375 5.1349 3105 318
-75.3583 5.1349 3271 336.5
-75.3417 5.1349 3305 337.1
-75.325 5.1349 3469 320.6
-75.3083 5.1349 2939 291.4
-75.2917 5.1349 2507 253.7
-75.275 5.1349 2457 214.5
-75.2584 5.1349 2323 177.7
-75.2417 5.1349 2179 147.3
-75.225 5.1349 2053 124.3
-75.2083 5.1349 2119 108.3
-75.1917 5.1349 2413 97.5
-75.175 5.1349 2471 89.8
-75.1584 5.1349 2421 83.3
-75.1417 5.1349 2055 77.1
-75.125 5.1349 1879 70.8
-75.1083 5.1349 1677 64.9
-75.0917 5.1349 1475 59.7
-75.075 5.1349 1459 55.5
-75.0583 5.1349 1489 52
-75.0417 5.1349 1185 48.2
-75.025 5.1349 1113 43.1
-75.0084 5.1349 1215 35.9
-74.9917 5.1349 1135 26
-74.975 5.1349 1111 13.9
-74.9583 5.1349 1005 0.6
-74.9417 5.1349 851 -12.3
-74.925 5.1349 681 -23.6
-74.9084 5.1349 437 -32.3
-74.8917 5.1349 391 -38.2
-74.875 5.1349 555 -42.2
-74.8583 5.1349 627 -45.3
-74.8417 5.1349 543 -49.3
-74.825 5.1349 475 -55.1
-74.8083 5.1349 463 -63.3
-74.7917 5.1349 351 -73.5
-74.775 5.1349 295 -84.2
-74.7584 5.1349 429 -94
-74.7417 5.1349 275 -100.8
-74.725 5.1349 201 -103.2
-74.7083 5.1349 221 -100.4
-74.6917 5.1349 331 -92.4
-74.675 5.1349 431 -80.4
-74.6584 5.1349 595 -65.5
-74.6417 5.1349 1005 -50.2
-74.625 5.1349 1033 -35.9
-75.9084 5.1183 1545 77.2
-75.8917 5.1183 1237 65.1
-75.875 5.1183 1087 59.5
-75.8583 5.1183 1041 59.7
-75.8417 5.1183 1013 64.2
-75.825 5.1183 1069 70.8
-75.8083 5.1183 1179 76.3
-75.7917 5.1183 1507 78.3
-75.775 5.1183 1401 74.7
-75.7584 5.1183 1269 64.9
-75.7417 5.1183 1069 49.9
-75.725 5.1183 1013 31.3
-75.7083 5.1183 979 12.7
-75.6917 5.1183 961 -3.3
-75.675 5.1183 887 -13.4
-75.6584 5.1183 943 -16.4
-75.6417 5.1183 979 -12
-75.625 5.1183 957 -1.6
-75.6083 5.1183 1067 12
-75.5917 5.1183 1221 25.8
-75.575 5.1183 1247 36.8
-75.5583 5.1183 1319 43.5
-75.5417 5.1183 1531 46.2
-75.525 5.1183 1495 46.7
-75.5084 5.1183 1727 49.1
-75.4917 5.1183 2093 57.1
-75.475 5.1183 2079 74.6
-75.4583 5.1183 2049 103.5
-75.4417 5.1183 2169 143
-75.425 5.1183 2331 190.6
-75.4084 5.1183 2567 239.8
-75.3917 5.1183 3083 285.5
-75.375 5.1183 3499 320.2
-75.3583 5.1183 3553 339.9
-75.3417 5.1183 3549 341.9
-75.325 5.1183 3537 326.8
-75.3083 5.1183 2899 298.4
-75.2917 5.1183 2799 260.9
-75.275 5.1183 2771 221
-75.2584 5.1183 2557 182.8
-75.2417 5.1183 2323 150.7
-75.225 5.1183 2373 125.9
-75.2083 5.1183 2525 108.5
-75.1917 5.1183 2437 96.9
-75.175 5.1183 2191 89.1
-75.1584 5.1183 2177 83.1
-75.1417 5.1183 1987 77.6
-75.125 5.1183 1691 72.1
-75.1083 5.1183 1327 66.7
-75.0917 5.1183 1267 61.5
-75.075 5.1183 1265 56.9
-75.0583 5.1183 1171 52.5
-75.0417 5.1183 1325 47.7
-75.025 5.1183 1449 41.6
-75.0084 5.1183 1379 33.6
-74.9917 5.1183 1273 23.2
-74.975 5.1183 1139 11.2
-74.9583 5.1183 1001 -1.9
-74.9417 5.1183 833 -14.3
-74.925 5.1183 635 -25.1
-74.9084 5.1183 409 -33.4
-74.8917 5.1183 353 -39.2
-74.875 5.1183 365 -43.1
-74.8583 5.1183 487 -46.3
-74.8417 5.1183 591 -50.3
-74.825 5.1183 483 -56.1
-74.8083 5.1183 401 -64.2
-74.7917 5.1183 359 -74.3
-74.775 5.1183 361 -85
-74.7584 5.1183 391 -94.8
-74.7417 5.1183 255 -101.8
-74.725 5.1183 209 -104.5
-74.7083 5.1183 219 -101.8
-74.6917 5.1183 307 -93.6
-74.675 5.1183 369 -80.8
-74.6584 5.1183 577 -64.4
-74.6417 5.1183 987 -46.6
-74.625 5.1183 1117 -29.2
-75.9084 5.1017 1369 74.9
-75.8917 5.1017 1133 62.6
-75.875 5.1017 1017 56
-75.8583 5.1017 1009 54.8
-75.8417 5.1017 995 57.8
-75.825 5.1017 1081 63.3
-75.8083 5.1017 1285 68.2
-75.7917 5.1017 1587 70.4
-75.775 5.1017 1285 67.8
-75.7584 5.1017 1197 59.6
-75.7417 5.1017 1157 46.4
-75.725 5.1017 1095 29.6
-75.7083 5.1017 1093 12.2
-75.6917 5.1017 995 -3.2
-75.675 5.1017 939 -13.6
-75.6584 5.1017 943 -17.4
-75.6417 5.1017 1013 -14.1
-75.625 5.1017 1059 -4.6
-75.6083 5.1017 1125 8.5
-75.5917 5.1017 1227 22.8
-75.575 5.1017 1355 35.1
-75.5583 5.1017 1553 44.2
-75.5417 5.1017 1739 49.7
-75.525 5.1017 1803 53.3
-75.5084 5.1017 1919 58.1
-75.4917 5.1017 2113 67.8
-75.475 5.1017 2293 85.9
-75.4583 5.1017 2375 114.2
-75.4417 5.1017 2305 152.3
-75.425 5.1017 2551 198
-75.4084 5.1017 2817 245.4
-75.3917 5.1017 3161 289.6
-75.375 5.1017 3459 323.3
-75.3583 5.1017 3647 342.7
-75.3417 5.1017 3595 344.8
-75.325 5.1017 3203 330
-75.3083 5.1017 3085 301.8
-75.2917 5.1017 3439 264.1
-75.275 5.1017 3085 223.8
-75.2584 5.1017 2693 184.9
-75.2417 5.1017 2473 152.1
-75.225 5.1017 2605 126.8
-75.2083 5.1017 2447 109.3
-75.1917 5.1017 1881 98.2
-75.175 5.1017 1747 91.2
-75.1584 5.1017 1677 86.4
-75.1417 5.1017 1557 82.1
-75.125 5.1017 1491 77.3
-75.1083 5.1017 1479 72.1
-75.0917 5.1017 1713 66.4
-75.075 5.1017 1515 60.6
-75.0583 5.1017 1539 54.6
-75.0417 5.1017 1577 47.9
-75.025 5.1017 1393 40.1
-75.0084 5.1017 1357 30.8
-74.9917 5.1017 1237 19.6
-74.975 5.1017 1103 7.3
-74.9583 5.1017 1001 -5.6
-74.9417 5.1017 867 -17.7
-74.925 5.1017 631 -28.1
-74.9084 5.1017 391 -36.1
-74.8917 5.1017 329 -41.6
-74.875 5.1017 319 -45.3
-74.8583 5.1017 341 -48.5
-74.8417 5.1017 461 -52.3
-74.825 5.1017 451 -58
-74.8083 5.1017 393 -65.8
-74.7917 5.1017 353 -75.7
-74.775 5.1017 399 -86.3
-74.7584 5.1017 397 -96.2
-74.7417 5.1017 257 -103.4
-74.725 5.1017 209 -106.4
-74.7083 5.1017 227 -103.9
-74.6917 5.1017 315 -95.4
-74.675 5.1017 355 -81.7
-74.6584 5.1017 561 -63.6
-74.6417 5.1017 999 -43.2
-74.625 5.1017 1175 -22.4
-75.9084 5.0851 1361 74.2
-75.8917 5.0851 1079 61.8
-75.875 5.0851 999 53.9
-75.8583 5.0851 967 51
-75.8417 5.0851 1003 52.2
-75.825 5.0851 1131 56.1
-75.8083 5.0851 1373 60.2
-75.7917 5.0851 1677 62.5
-75.775 5.0851 1401 60.8
-75.7584 5.0851 1361 54.3
-75.7417 5.0851 1225 43.2
-75.725 5.0851 1079 28.6
-75.7083 5.0851 1013 12.9
-75.6917 5.0851 999 -1.5
-75.675 5.0851 987 -11.6
-75.6584 5.0851 1005 -15.9
-75.6417 5.0851 1125 -13.4
-75.625 5.0851 1197 -4.6
-75.6083 5.0851 1261 8.4
-75.5917 5.0851 1291 23.6
-75.575 5.0851 1383 37.8
-75.5583 5.0851 1501 49.7
-75.5417 5.0851 1759 58.5
-75.525 5.0851 1997 65.4
-75.5084 5.0851 2065 72.9
-75.4917 5.0851 2155 84.2
-75.475 5.0851 2299 102.4
-75.4583 5.0851 2445 129.6
-75.4417 5.0851 2511 165.4
-75.425 5.0851 2677 208.1
-75.4084 5.0851 2861 252.4
-75.3917 5.0851 3167 293.7
-75.375 5.0851 3499 325.1
-75.3583 5.0851 3639 342.9
-75.3417 5.0851 3459 344
-75.325 5.0851 3455 328.7
-75.3083 5.0851 3303 300.2
-75.2917 5.0851 3695 262.4
-75.275 5.0851 3115 221.9
-75.2584 5.0851 2611 183
-75.2417 5.0851 2303 150.4
-75.225 5.0851 2183 125.8
-75.2083 5.0851 2085 109.5
-75.1917 5.0851 1989 100.1
-75.175 5.0851 2149 95.2
-75.1584 5.0851 1893 92.5
-75.1417 5.0851 1579 89.9
-75.125 5.0851 1775 86.1
-75.1083 5.0851 1925 80.9
-75.0917 5.0851 1919 74.3
-75.075 5.0851 1729 66.8
-75.0583 5.0851 1687 58.4
-75.0417 5.0851 1637 49.2
-75.025 5.0851 1301 39.2
-75.0084 5.0851 1295 28
-74.9917 5.0851 1261 15.6
-74.975 5.0851 1093 2.6
-74.9583 5.0851 937 -10.5
-74.9417 5.0851 849 -22.4
-74.925 5.0851 607 -32.6
-74.9084 5.0851 369 -40.3
-74.8917 5.0851 315 -45.6
-74.875 5.0851 315 -49.2
-74.8583 5.0851 297 -52.1
-74.8417 5.0851 293 -55.7
-74.825 5.0851 291 -60.9
-74.8083 5.0851 289 -68.3
-74.7917 5.0851 309 -77.9
-74.775 5.0851 383 -88.3
-74.7584 5.0851 337 -98.2
-74.7417 5.0851 235 -105.6
-74.725 5.0851 199 -108.9
-74.7083 5.0851 239 -106.5
-74.6917 5.0851 265 -97.8
-74.675 5.0851 325 -83.1
-74.6584 5.0851 507 -63.3
-74.6417 5.0851 879 -40.5
-74.625 5.0851 1229 -16.7
-75.9084 5.0685 1293 73.7
-75.8917 5.0685 1057 61.3
-75.875 5.0685 979 52.6
-75.8583 5.0685 955 48.1
-75.8417 5.0685 1005 47.6
-75.825 5.0685 1183 49.9
-75.8083 5.0685 1483 53.1
-75.7917 5.0685 1431 55.3
-75.775 5.0685 1173 54.7
-75.7584 5.0685 1113 50.1
-75.7417 5.0685 985 41.4
-75.725 5.0685 977 29.2
-75.7083 5.0685 1083 15.7
-75.6917 5.0685 1155 2.8
-75.675 5.0685 1051 -6.6
-75.6584 5.0685 1101 -10.9
-75.6417 5.0685 1123 -8.9
-75.625 5.0685 1125 -0.5
-75.6083 5.0685 1205 12.5
-75.5917 5.0685 1229 28.5
-75.575 5.0685 1353 44.6
-75.5583 5.0685 1481 59
-75.5417 5.0685 1791 70.8
-75.525 5.0685 2057 80.4
-75.5084 5.0685 2069 90
-75.4917 5.0685 2105 102.1
-75.475 5.0685 2181 119.7
-75.4583 5.0685 2251 144.9
-75.4417 5.0685 2415 177.5
-75.425 5.0685 2761 216.4
-75.4084 5.0685 3207 256.8
-75.3917 5.0685 3509 294.4
-75.375 5.0685 3685 322.9
-75.3583 5.0685 3671 338.5
-75.3417 5.0685 3565 338.2
-75.325 5.0685 3583 322
-75.3083 5.0685 3431 293.1
-75.2917 5.0685 3407 255.1
-75.275 5.0685 3131 214.8
-75.2584 5.0685 2941 176.5
-75.2417 5.0685 2599 145
-75.225 5.0685 2413 122.1
-75.2083 5.0685 2269 108.2
-75.1917 5.0685 2067 101.8
-75.175 5.0685 1871 100
-75.1584 5.0685 1779 100.2
-75.1417 5.0685 1781 99.9
-75.125 5.0685 1869 97.5
-75.1083 5.0685 1665 92.5
-75.0917 5.0685 1907 84.8
-75.075 5.0685 1985 75.2
-75.0583 5.0685 1595 64.1
-75.0417 5.0685 1475 52
-75.025 5.0685 1295 39.2
-75.0084 5.0685 1235 25.7
-74.9917 5.0685 1179 11.7
-74.975 5.0685 1121 -2.3
-74.9583 5.0685 967 -16
-74.9417 5.0685 775 -28.1
-74.925 5.0685 565 -38.4
-74.9084 5.0685 335 -46
-74.8917 5.0685 295 -51.2
-74.875 5.0685 297 -54.7
-74.8583 5.0685 301 -57.3
-74.8417 5.0685 279 -60.4
-74.825 5.0685 281 -65.1
-74.8083 5.0685 283 -71.9
-74.7917 5.0685 259 -80.8
-74.775 5.0685 381 -90.9
-74.7584 5.0685 339 -100.7
-74.7417 5.0685 239 -108.2
-74.725 5.0685 203 -111.6
-74.7083 5.0685 259 -109.2
-74.6917 5.0685 305 -100.3
-74.675 5.0685 377 -84.9
-74.6584 5.0685 551 -63.8
-74.6417 5.0685 939 -39.1
-74.625 5.0685 1247 -12.9
-75.9084 5.0519 1297 72.5
-75.8917 5.0519 1083 60.5
-75.875 5.0519 959 51.3
-75.8583 5.0519 947 45.7
-75.8417 5.0519 999 43.7
-75.825 5.0519 1239 44.7
-75.8083 5.0519 1369 47.1
-75.7917 5.0519 1473 49.5
-75.775 5.0519 1201 49.9
-75.7584 5.0519 991 47.4
-75.7417 5.0519 941 41.3
-75.725 5.0519 1079 32
-75.7083 5.0519 1113 21
-75.6917 5.0519 1297 10
-75.675 5.0519 1215 1.6
-75.6584 5.0519 1171 -2.5
-75.6417 5.0519 1285 -0.7
-75.625 5.0519 1239 7.1
-75.6083 5.0519 1237 20.1
-75.5917 5.0519 1241 36.5
-75.575 5.0519 1397 53.6
-75.5583 5.0519 1495 69.9
-75.5417 5.0519 1777 83.6
-75.525 5.0519 1919 95
-75.5084 5.0519 1911 105.5
-75.4917 5.0519 2075 117.5
-75.475 5.0519 2167 133.6
-75.4583 5.0519 2297 156
-75.4417 5.0519 2357 185
-75.425 5.0519 2509 219.8
-75.4084 5.0519 2835 256.2
-75.3917 5.0519 3281 290.3
-75.375 5.0519 3431 316
-75.3583 5.0519 3619 329.7
-75.3417 5.0519 3675 328.2
-75.325 5.0519 3649 311.4
-75.3083 5.0519 3623 282.3
-75.2917 5.0519 3493 244.5
-75.275 5.0519 3429 204.7
-75.2584 5.0519 3127 167.4
-75.2417 5.0519 2747 137.4
-75.225 5.0519 2337 116.8
-75.2083 5.0519 2143 105.9
-75.1917 5.0519 1961 103
-75.175 5.0519 1833 104.8
-75.1584 5.0519 1881 108.5
-75.1417 5.0519 1861 110.8
-75.125 5.0519 1787 110.1
-75.1083 5.0519 1857 105.4
-75.0917 5.0519 1619 96.7
-75.075 5.0519 1979 85.1
-75.0583 5.0519 1647 71.2
-75.0417 5.0519 1391 56.1
-75.025 5.0519 1275 40.3
-75.0084 5.0519 1199 24.4
-74.9917 5.0519 1089 8.5
-74.975 5.0519 997 -6.9
-74.9583 5.0519 943 -21.4
-74.9417 5.0519 777 -34.1
-74.925 5.0519 505 -44.6
-74.9084 5.0519 311 -52.5
-74.8917 5.0519 281 -57.8
-74.875 5.0519 285 -61.2
-74.8583 5.0519 257 -63.5
-74.8417 5.0519 257 -66.1
-74.825 5.0519 279 -70.1
-74.8083 5.0519 257 -76.1
-74.7917 5.0519 251 -84.3
-74.775 5.0519 297 -93.8
-74.7584 5.0519 265 -103.2
-74.7417 5.0519 221 -110.5
-74.725 5.0519 215 -113.9
-74.7083 5.0519 253 -111.6
-74.6917 5.0519 291 -102.5
-74.675 5.0519 369 -86.6
-74.6584 5.0519 537 -64.6
-74.6417 5.0519 805 -38.8
-74.625 5.0519 1191 -11.3
-75.9084 5.0353 1109 69.7
-75.8917 5.0353 1087 58.6
-75.875 5.0353 943 49.5
-75.8583 5.0353 945 43.3
-75.8417 5.0353 1011 40.5
-75.825 5.0353 1127 40.6
-75.8083 5.0353 1443 42.6
-75.7917 5.0353 1433 45.3
-75.775 5.0353 1037 47
-75.7584 5.0353 923 46.6
-75.7417 5.0353 1007 43.4
-75.725 5.0353 1143 37.1
-75.7083 5.0353 1059 28.9
-75.6917 5.0353 1239 20.1
-75.675 5.0353 1325 12.8
-75.6584 5.0353 1325 9
-75.6417 5.0353 1361 10.4
-75.625 5.0353 1349 17.4
-75.6083 5.0353 1335 29.6
-75.5917 5.0353 1237 45.5
-75.575 5.0353 1281 62.7
-75.5583 5.0353 1449 79.3
-75.5417 5.0353 1731 93.5
-75.525 5.0353 1823 105.1
-75.5084 5.0353 2025 115.2
-75.4917 5.0353 2003 125.8
-75.475 5.0353 2035 139.7
-75.4583 5.0353 2113 159
-75.4417 5.0353 2235 184.5
-75.425 5.0353 2415 215.7
-75.4084 5.0353 2629 249
-75.3917 5.0353 2893 280.7
-75.375 5.0353 3055 304.9
-75.3583 5.0353 3381 317.9
-75.3417 5.0353 3671 316.4
-75.325 5.0353 3695 300
-75.3083 5.0353 3675 271.5
-75.2917 5.0353 3571 234.4
-75.275 5.0353 3297 195.3
-75.2584 5.0353 3033 158.9
-75.2417 5.0353 2681 130.4
-75.225 5.0353 2269 111.9
-75.2083 5.0353 2201 103.6
-75.1917 5.0353 2049 103.9
-75.175 5.0353 2037 109.3
-75.1584 5.0353 2189 116.3
-75.1417 5.0353 1931 121.3
-75.125 5.0353 2081 122.2
-75.1083 5.0353 1885 118
-75.0917 5.0353 1553 108.6
-75.075 5.0353 1977 95.3
-75.0583 5.0353 1929 79
-75.0417 5.0353 1621 61.2
-75.025 5.0353 1375 42.8
-75.0084 5.0353 1253 24.6
-74.9917 5.0353 1149 6.7
-74.975 5.0353 813 -10
-74.9583 5.0353 925 -25.6
-74.9417 5.0353 695 -39.1
-74.925 5.0353 481 -50.4
-74.9084 5.0353 291 -58.8
-74.8917 5.0353 273 -64.4
-74.875 5.0353 271 -67.9
-74.8583 5.0353 283 -70.1
-74.8417 5.0353 287 -72.2
-74.825 5.0353 271 -75.5
-74.8083 5.0353 249 -80.6
-74.7917 5.0353 255 -87.8
-74.775 5.0353 341 -96.4
-74.7584 5.0353 303 -105.3
-74.7417 5.0353 225 -112.2
-74.725 5.0353 225 -115.3
-74.7083 5.0353 271 -112.8
-74.6917 5.0353 295 -103.5
-74.675 5.0353 367 -87.4
-74.6584 5.0353 513 -65.2
-74.6417 5.0353 905 -39.2
-74.625 5.0353 1309 -11.6
-75.9084 5.0186 1073 65.5
-75.8917 5.0186 1063 55.4
-75.875 5.0186 933 46.9
-75.8583 5.0186 943 40.7
-75.8417 5.0186 981 37.5
-75.825 5.0186 1113 37.2
-75.8083 5.0186 1427 39.2
-75.7917 5.0186 1243 42.5
-75.775 5.0186 901 45.7
-75.7584 5.0186 1035 47.7
-75.7417 5.0186 1219 47.4
-75.725 5.0186 1111 44.3
-75.7083 5.0186 1151 39
-75.6917 5.0186 1119 32.3
-75.675 5.0186 1263 26.3
-75.6584 5.0186 1269 22.7
-75.6417 5.0186 1421 23.4
-75.625 5.0186 1515 29.1
-75.6083 5.0186 1301 39.7
-75.5917 5.0186 1275 54.2
-75.575 5.0186 1385 70
-75.5583 5.0186 1555 85.5
-75.5417 5.0186 1727 98.7
-75.525 5.0186 1843 109.1
-75.5084 5.0186 2101 117.6
-75.4917 5.0186 2241 126
-75.475 5.0186 2113 137.2
-75.4583 5.0186 2183 153.6
-75.4417 5.0186 2239 176.3
-75.425 5.0186 2417 205.1
-75.4084 5.0186 2577 236.8
-75.3917 5.0186 2775 268
-75.375 5.0186 3033 292.6
-75.3583 5.0186 3287 306.8
-75.3417 5.0186 3517 306.9
-75.325 5.0186 3593 292.2
-75.3083 5.0186 3587 265.1
-75.2917 5.0186 3453 229
-75.275 5.0186 3081 190.7
-75.2584 5.0186 2773 154.9
-75.2417 5.0186 2543 127.1
-75.225 5.0186 2583 109.7
-75.2083 5.0186 2183 103.2
-75.1917 5.0186 2203 105.7
-75.175 5.0186 2367 113.6
-75.1584 5.0186 2077 123.2
-75.1417 5.0186 2137 130.4
-75.125 5.0186 2181 132.8
-75.1083 5.0186 1855 129.2
-75.0917 5.0186 1483 119.4
-75.075 5.0186 1811 104.8
-75.0583 5.0186 1601 86.7
-75.0417 5.0186 1711 66.9
-75.025 5.0186 1501 46.3
-75.0084 5.0186 1355 26.2
-74.9917 5.0186 1173 6.7
-74.975 5.0186 955 -11.4
-74.9583 5.0186 735 -28.1
-74.9417 5.0186 653 -42.7
-74.925 5.0186 491 -54.8
-74.9084 5.0186 291 -64
-74.8917 5.0186 273 -70.3
-74.875 5.0186 273 -74.1
-74.8583 5.0186 317 -76.3
-74.8417 5.0186 325 -78
-74.825 5.0186 285 -80.5
-74.8083 5.0186 279 -84.7
-74.7917 5.0186 263 -90.9
-74.775 5.0186 355 -98.5
-74.7584 5.0186 319 -106.4
-74.7417 5.0186 231 -112.7
-74.725 5.0186 227 -115.4
-74.7083 5.0186 257 -112.6
-74.6917 5.0186 289 -103.1
-74.675 5.0186 393 -87
-74.6584 5.0186 621 -65
-74.6417 5.0186 1029 -39.5
-74.625 5.0186 1339 -12.9
-75.9084 5.002 1033 60.3
-75.8917 5.002 1041 51.2
-75.875 5.002 933 43.4
-75.8583 5.002 933 37.6
-75.8417 5.002 991 34.5
-75.825 5.002 1217 34.3
-75.8083 5.002 1479 36.6
-75.7917 5.002 1055 40.9
-75.775 5.002 919 45.8
-75.7584 5.002 1237 50.3
-75.7417 5.002 1427 53
-75.725 5.002 1129 53.1
-75.7083 5.002 1179 50.5
-75.6917 5.002 1197 46
-75.675 5.002 1203 41.1
-75.6584 5.002 1219 37.4
-75.6417 5.002 1305 36.9
-75.625 5.002 1413 40.7
-75.6083 5.002 1321 49
-75.5917 5.002 1373 60.8
-75.575 5.002 1521 74.2
-75.5583 5.002 1571 87.3
-75.5417 5.002 1639 98.2
-75.525 5.002 2067 106.3
-75.5084 5.002 2213 112.3
-75.4917 5.002 2329 118.2
-75.475 5.002 2213 127
-75.4583 5.002 2383 141.2
-75.4417 5.002 2363 162.4
-75.425 5.002 2525 190.7
-75.4084 5.002 2777 223.1
-75.3917 5.002 2927 256.1
-75.375 5.002 3205 283.6
-75.3583 5.002 3503 301.3
-75.3417 5.002 3645 304.9
-75.325 5.002 3685 293.4
-75.3083 5.002 3577 268.6
-75.2917 5.002 3415 233.9
-75.275 5.002 3291 195.9
-75.2584 5.002 2809 159.8
-75.2417 5.002 2641 131.5
-75.225 5.002 2413 113.5
-75.2083 5.002 2299 106.8
-75.1917 5.002 2425 109.7
-75.175 5.002 2217 118.3
-75.1584 5.002 2193 129
-75.1417 5.002 2457 137.3
-75.125 5.002 2153 140.6
-75.1083 5.002 1793 137.3
-75.0917 5.002 1449 127.4
-75.075 5.002 1773 112.2
-75.0583 5.002 1371 93
-75.0417 5.002 1209 72.1
-75.025 5.002 1151 50.3
-75.0084 5.002 1153 29.1
-74.9917 5.002 1165 8.5
-74.975 5.002 1049 -10.7
-74.9583 5.002 1001 -28.4
-74.9417 5.002 731 -44
-74.925 5.002 479 -57.2
-74.9084 5.002 289 -67.4
-74.8917 5.002 285 -74.6
-74.875 5.002 331 -78.9
-74.8583 5.002 371 -81.2
-74.8417 5.002 319 -82.7
-74.825 5.002 303 -84.6
-74.8083 5.002 273 -87.9
-74.7917 5.002 275 -93
-74.775 5.002 373 -99.5
-74.7584 5.002 275 -106.5
-74.7417 5.002 229 -111.9
-74.725 5.002 223 -113.9
-74.7083 5.002 257 -110.5
-74.6917 5.002 323 -100.8
-74.675 5.002 419 -84.8
-74.6584 5.002 623 -63.3
-74.6417 5.002 1039 -38.9
-74.625 5.002 1481 -14.1
-75.9084 4.9855 1121 54.4
-75.8917 4.9855 993 46.1
-75.875 4.9855 929 39
-75.8583 4.9855 933 33.8
-75.8417 4.9855 1077 31.1
-75.825 4.9855 1307 31.3
-75.8083 4.9855 1379 34.4
-75.7917 4.9855 943 40
-75.775 4.9855 981 46.8
-75.7584 4.9855 1231 53.9
-75.7417 4.9855 1443 59.6
-75.725 4.9855 1245 62.8
-75.7083 4.9855 1269 62.9
-75.6917 4.9855 1279 60.3
-75.675 4.9855 1273 56.2
-75.6584 4.9855 1317 52.1
-75.6417 4.9855 1339 50.2
-75.625 4.9855 1447 51.6
-75.6083 4.9855 1369 56.9
-75.5917 4.9855 1419 65.5
-75.575 4.9855 1505 75.5
-75.5583 4.9855 1627 85.5
-75.5417 4.9855 1655 93.4
-75.525 4.9855 2049 98.7
-75.5084 4.9855 2215 102.2
-75.4917 4.9855 2429 105.8
-75.475 4.9855 2383 112.8
-75.4583 4.9855 2443 126
-75.4417 4.9855 2489 147.4
-75.425 4.9855 2583 177.1
-75.4084 4.9855 2813 212.3
-75.3917 4.9855 3095 249.4
-75.375 4.9855 3497 281.9
-75.3583 4.9855 3717 305.1
-75.3417 4.9855 3817 313.8
-75.325 4.9855 3837 306.5
-75.3083 4.9855 3557 284.7
-75.2917 4.9855 3265 251.3
-75.275 4.9855 3027 213.3
-75.2584 4.9855 3161 175.7
-75.2417 4.9855 2935 145.2
-75.225 4.9855 2711 124.7
-75.2083 4.9855 2443 115.6
-75.1917 4.9855 2433 116.6
-75.175 4.9855 2499 123.9
-75.1584 4.9855 2543 133.8
-75.1417 4.9855 2343 141.8
-75.125 4.9855 2123 145.1
-75.1083 4.9855 1799 141.9
-75.0917 4.9855 1409 131.9
-75.075 4.9855 1677 116.6
-75.0583 4.9855 1281 97.2
-75.0417 4.9855 1437 76
-75.025 4.9855 1485 54
-75.0084 4.9855 1069 32.4
-74.9917 4.9855 1013 11.4
-74.975 4.9855 1111 -8.3
-74.9583 4.9855 997 -26.8
-74.9417 4.9855 707 -43.3
-74.925 4.9855 447 -57.6
-74.9084 4.9855 305 -68.8
-74.8917 4.9855 311 -76.9
-74.875 4.9855 335 -82
-74.8583 4.9855 345 -84.6
-74.8417 4.9855 325 -86.1
-74.825 4.9855 279 -87.4
-74.8083 4.9855 271 -90
-74.7917 4.9855 293 -94.1
-74.775 4.9855 355 -99.7
-74.7584 4.9855 277 -105.6
-74.7417 4.9855 265 -110
-74.725 4.9855 231 -111.1
-74.7083 4.9855 223 -107.1
-74.6917 4.9855 299 -97
-74.675 4.9855 441 -80.9
-74.6584 4.9855 645 -59.9
-74.6417 4.9855 1179 -36.8
-74.625 4.9855 1309 -14
-75.9084 4.9688 1121 48.3
-75.8917 4.9688 945 40.4
-75.875 4.9688 923 34
-75.8583 4.9688 939 29.3
-75.8417 4.9688 1131 27.3
-75.825 4.9688 1409 28.2
-75.8083 4.9688 1159 32.4
-75.7917 4.9688 919 39.4
-75.775 4.9688 983 48.4
-75.7584 4.9688 1243 58.1
-75.7417 4.9688 1509 66.7
-75.725 4.9688 1357 72.8
-75.7083 4.9688 1281 75.3
-75.6917 4.9688 1329 74.3
-75.675 4.9688 1289 70.8
-75.6584 4.9688 1375 66.1
-75.6417 4.9688 1401 62.5
-75.625 4.9688 1413 61.3
-75.6083 4.9688 1469 63.4
-75.5917 4.9688 1599 68.6
-75.575 4.9688 1631 75.3
-75.5583 4.9688 1807 82.1
-75.5417 4.9688 1799 87.2
-75.525 4.9688 1851 90.1
-75.5084 4.9688 2159 91.6
-75.4917 4.9688 2361 93.9
-75.475 4.9688 2571 100.4
-75.4583 4.9688 2501 114.1
-75.4417 4.9688 2663 137.2
-75.425 4.9688 2713 170
-75.4084 4.9688 2905 209.8
-75.3917 4.9688 3441 252.7
-75.375 4.9688 3759 291.6
-75.3583 4.9688 3911 321.4
-75.3417 4.9688 3805 336.1
-75.325 4.9688 3633 333.7
-75.3083 4.9688 3515 314.8
-75.2917 4.9688 3553 282.5
-75.275 4.9688 3613 243.5
-75.2584 4.9688 3431 203.3
-75.2417 4.9688 3087 168.9
-75.225 4.9688 2829 143.8
-75.2083 4.9688 2809 130.1
-75.1917 4.9688 2813 126.8
-75.175 4.9688 2893 130.6
-75.1584 4.9688 2597 137.9
-75.1417 4.9688 2109 144
-75.125 4.9688 1957 146.1
-75.1083 4.9688 1765 142.3
-75.0917 4.9688 1345 132.2
-75.075 4.9688 1397 117.1
-75.0583 4.9688 1327 98.2
-75.0417 4.9688 1795 77.5
-75.025 4.9688 1575 56.1
-75.0084 4.9688 1309 35
-74.9917 4.9688 1193 14.3
-74.975 4.9688 935 -5.3
-74.9583 4.9688 819 -24.1
-74.9417 4.9688 647 -41.2
-74.925 4.9688 433 -56.3
-74.9084 4.9688 343 -68.5
-74.8917 4.9688 329 -77.5
-74.875 4.9688 353 -83.3
-74.8583 4.9688 355 -86.4
-74.8417 4.9688 329 -87.9
-74.825 4.9688 279 -89
-74.8083 4.9688 271 -91.1
-74.7917 4.9688 259 -94.5
-74.775 4.9688 357 -99.2
-74.7584 4.9688 263 -104.2
-74.7417 4.9688 231 -107.7
-74.725 4.9688 223 -107.8
-74.7083 4.9688 265 -102.9
-74.6917 4.9688 475 -92.1
-74.675 4.9688 737 -75.8
-74.6584 4.9688 855 -55
-74.6417 4.9688 1257 -32.9
-74.625 4.9688 1171 -12
-75.9084 4.9522 981 42.1
-75.8917 4.9522 925 34.4
-75.875 4.9522 921 28.4
-75.8583 4.9522 927 24.3
-75.8417 4.9522 1203 23
-75.825 4.9522 1471 24.9
-75.8083 4.9522 1179 30.3
-75.7917 4.9522 947 39.1
-75.775 4.9522 989 50.2
-75.7584 4.9522 1215 62.5
-75.7417 4.9522 1573 73.8
-75.725 4.9522 1363 82.5
-75.7083 4.9522 1377 87.2
-75.6917 4.9522 1525 87.5
-75.675 4.9522 1373 84.3
-75.6584 4.9522 1473 78.9
-75.6417 4.9522 1541 73.7
-75.625 4.9522 1523 70.1
-75.6083 4.9522 1521 69.3
-75.5917 4.9522 1713 71.5
-75.575 4.9522 1835 75.4
-75.5583 4.9522 1919 79.8
-75.5417 4.9522 2031 82.9
-75.525 4.9522 1895 84.3
-75.5084 4.9522 1947 85.1
-75.4917 4.9522 2129 87.3
-75.475 4.9522 2473 94.5
-75.4583 4.9522 2617 110
-75.4417 4.9522 2917 136
-75.425 4.9522 2971 173.1
-75.4084 4.9522 3357 218.2
-75.3917 4.9522 3621 267.4
-75.375 4.9522 3897 313.1
-75.3583 4.9522 3985 349.6
-75.3417 4.9522 3867 370.2
-75.325 4.9522 3793 372.3
-75.3083 4.9522 3791 356.1
-75.2917 4.9522 3779 324.2
-75.275 4.9522 3723 283.5
-75.2584 4.9522 3465 239.6
-75.2417 4.9522 3419 200.1
-75.225 4.9522 3165 169
-75.2083 4.9522 3159 149.1
-75.1917 4.9522 3109 139.8
-75.175 4.9522 3077 138.3
-75.1584 4.9522 2583 141.1
-75.1417 4.9522 2139 143.9
-75.125 4.9522 1787 143.8
-75.1083 4.9522 1843 138.8
-75.0917 4.9522 1581 128.3
-75.075 4.9522 1281 113.6
-75.0583 4.9522 1639 95.4
-75.0417 4.9522 1803 75.9
-75.025 4.9522 1401 55.7
-75.0084 4.9522 1263 35.8
-74.9917 4.9522 1267 16.1
-74.975 4.9522 1171 -2.9
-74.9583 4.9522 935 -21.4
-74.9417 4.9522 657 -38.7
-74.925 4.9522 409 -54.3
-74.9084 4.9522 327 -67.2
-74.8917 4.9522 303 -76.9
-74.875 4.9522 319 -83.3
-74.8583 4.9522 339 -86.9
-74.8417 4.9522 339 -88.6
-74.825 4.9522 317 -89.8
-74.8083 4.9522 249 -91.6
-74.7917 4.9522 237 -94.7
-74.775 4.9522 289 -98.8
-74.7584 4.9522 239 -103.1
-74.7417 4.9522 235 -105.7
-74.725 4.9522 241 -104.9
-74.7083 4.9522 257 -98.9
-74.6917 4.9522 341 -87.2
-74.675 4.9522 563 -70.1
-74.6584 4.9522 653 -49.2
-74.6417 4.9522 997 -27.6
-74.625 4.9522 903 -7.9
-75.9084 4.9356 951 36.1
-75.8917 4.9356 917 28.3
-75.875 4.9356 907 22.6
-75.8583 4.9356 947 19.1
-75.8417 4.9356 1067 18.6
-75.825 4.9356 1389 21.6
-75.8083 4.9356 1037 28.4
-75.7917 4.9356 961 39
-75.775 4.9356 1105 52.2
-75.7584 4.9356 1313 66.7
-75.7417 4.9356 1585 80.3
-75.725 4.9356 1459 91.2
-75.7083 4.9356 1431 97.6
-75.6917 4.9356 1589 99
-75.675 4.9356 1453 96.1
-75.6584 4.9356 1519 90.1
-75.6417 4.9356 1531 83.5
-75.625 4.9356 1547 78.1
-75.6083 4.9356 1557 75.4
-75.5917 4.9356 1629 75.7
-75.575 4.9356 1973 78.1
-75.5583 4.9356 2111 81.4
-75.5417 4.9356 2403 84.1
-75.525 4.9356 2153 85.8
-75.5084 4.9356 2249 87.4
-75.4917 4.9356 2155 91
-75.475 4.9356 2231 100.3
-75.4583 4.9356 2477 118.5
-75.4417 4.9356 2849 147.9
-75.425 4.9356 3199 189.2
-75.4084 4.9356 3299 239.1
-75.3917 4.9356 3607 293.7
-75.375 4.9356 3825 344.9
-75.3583 4.9356 4035 386.7
-75.3417 4.9356 4153 411.8
-75.325 4.9356 4117 417.2
-75.3083 4.9356 4069 402.6
-75.2917 4.9356 3943 370.4
-75.275 4.9356 3641 327.4
-75.2584 4.9356 3765 279.3
-75.2417 4.9356 3565 234.4
-75.225 4.9356 3525 196.7
-75.2083 4.9356 3509 170
-75.1917 4.9356 3375 153.8
-75.175 4.9356 2893 146.1
-75.1584 4.9356 2529 143.5
-75.1417 4.9356 2241 142.1
-75.125 4.9356 1887 138.9
-75.1083 4.9356 1649 132
-75.0917 4.9356 1515 120.8
-75.075 4.9356 1633 106.1
-75.0583 4.9356 1725 88.8
-75.0417 4.9356 1701 70.6
-75.025 4.9356 1321 52
-75.0084 4.9356 1221 33.7
-74.9917 4.9356 1303 15.5
-74.975 4.9356 1107 -2.4
-74.9583 4.9356 927 -20.2
-74.9417 4.9356 633 -37.1
-74.925 4.9356 387 -52.7
-74.9084 4.9356 307 -65.8
-74.8917 4.9356 285 -76
-74.875 4.9356 271 -82.8
-74.8583 4.9356 265 -86.8
-74.8417 4.9356 257 -88.9
-74.825 4.9356 263 -90.3
-74.8083 4.9356 239 -92.2
-74.7917 4.9356 231 -95.3
-74.775 4.9356 255 -99.2
-74.7584 4.9356 251 -103.1
-74.7417 4.9356 235 -105
-74.725 4.9356 263 -103.3
-74.7083 4.9356 423 -96.3
-74.6917 4.9356 633 -83.3
-74.675 4.9356 577 -65.2
-74.6584 4.9356 591 -43.5
-74.6417 4.9356 713 -21.6
-74.625 4.9356 917 -2.3
-75.9084 4.919 913 30.1
-75.8917 4.919 909 22.2
-75.875 4.919 903 16.8
-75.8583 4.919 987 14
-75.8417 4.919 1081 14.5
-75.825 4.919 1129 18.7
-75.8083 4.919 971 26.9
-75.7917 4.919 1089 39.1
-75.775 4.919 1283 54.1
-75.7584 4.919 1269 70.5
-75.7417 4.919 1577 86
-75.725 4.919 1675 98.5
-75.7083 4.919 1379 106.1
-75.6917 4.919 1567 108.3
-75.675 4.919 1585 105.6
-75.6584 4.919 1663 99.3
-75.6417 4.919 1597 92
-75.625 4.919 1569 85.7
-75.6083 4.919 1609 82.2
-75.5917 4.919 1663 81.9
-75.575 4.919 1915 84.4
-75.5583 4.919 2157 88.4
-75.5417 4.919 2523 92.4
-75.525 4.919 2421 96.2
-75.5084 4.919 2409 100.2
-75.4917 4.919 2483 106.7
-75.475 4.919 2457 119
-75.4583 4.919 2483 140.3
-75.4417 4.919 2759 172.9
-75.425 4.919 2951 217.4
-75.4084 4.919 3219 270.5
-75.3917 4.919 3591 328.4
-75.375 4.919 3937 382.7
-75.3583 4.919 4295 427.4
-75.3417 4.919 4495 454.6
-75.325 4.919 4633 461.4
-75.3083 4.919 4407 447
-75.2917 4.919 4071 413.7
-75.275 4.919 3973 368.3
-75.2584 4.919 3843 316.4
-75.2417 4.919 3551 266.4
-75.225 4.919 3287 222.8
-75.2083 4.919 3167 189.7
-75.1917 4.919 3035 167.1
-75.175 4.919 2847 153.2
-75.1584 4.919 2715 145.1
-75.1417 4.919 2541 139.1
-75.125 4.919 2257 132.4
-75.1083 4.919 1993 123.1
-75.0917 4.919 1925 110.6
-75.075 4.919 1695 95.6
-75.0583 4.919 1575 78.9
-75.0417 4.919 1461 61.9
-75.025 4.919 1275 44.9
-75.0084 4.919 1277 28.4
-74.9917 4.919 1275 11.9
-74.975 4.919 1033 -4.5
-74.9583 4.919 877 -21.1
-74.9417 4.919 583 -37.2
-74.925 4.919 337 -52.3
-74.9084 4.919 277 -65.2
-74.8917 4.919 271 -75.4
-74.875 4.919 263 -82.4
-74.8583 4.919 263 -86.7
-74.8417 4.919 309 -89.2
-74.825 4.919 311 -91
-74.8083 4.919 249 -93.4
-74.7917 4.919 235 -96.8
-74.775 4.919 289 -100.9
-74.7584 4.919 293 -104.7
-74.7417 4.919 249 -106.1
-74.725 4.919 259 -103.6
-74.7083 4.919 481 -95.4
-74.6917 4.919 853 -81.1
-74.675 4.919 817 -61.6
-74.6584 4.919 765 -38.6
-74.6417 4.919 1217 -15.8
-74.625 4.919 1301 3.9
-75.9084 4.9024 901 24.1
-75.8917 4.9024 899 16.5
-75.875 4.9024 903 11.6
-75.8583 4.9024 987 9.6
-75.8417 4.9024 1035 11.2
-75.825 4.9024 985 16.6
-75.8083 4.9024 995 26.1
-75.7917 4.9024 1077 39.6
-75.775 4.9024 1369 55.8
-75.7584 4.9024 1435 73.5
-75.7417 4.9024 1655 90
-75.725 4.9024 1753 103.5
-75.7083 4.9024 1717 111.9
-75.6917 4.9024 1527 114.6
-75.675 4.9024 1667 112.1
-75.6584 4.9024 1853 105.9
-75.6417 4.9024 1799 98.7
-75.625 4.9024 1613 92.5
-75.6083 4.9024 1661 89.5
-75.5917 4.9024 1701 90.3
-75.575 4.9024 1873 94.5
-75.5583 4.9024 1919 101.1
-75.5417 4.9024 2331 108.5
-75.525 4.9024 2277 116
-75.5084 4.9024 2341 124.1
-75.4917 4.9024 2563 134.5
-75.475 4.9024 2837 150.4
-75.4583 4.9024 2859 174.5
-75.4417 4.9024 2797 209.2
-75.425 4.9024 3085 254.8
-75.4084 4.9024 3319 308.4
-75.3917 4.9024 3595 366.2
-75.375 4.9024 4017 419.9
-75.3583 4.9024 4487 463.7
-75.3417 4.9024 4741 490
-75.325 4.9024 5053 495.7
-75.3083 4.9024 4725 480
-75.2917 4.9024 4389 445.1
-75.275 4.9024 4091 397.5
-75.2584 4.9024 3799 342.9
-75.2417 4.9024 3529 289.7
-75.225 4.9024 3451 242.2
-75.2083 4.9024 3279 204.7
-75.1917 4.9024 3103 177.3
-75.175 4.9024 2969 158.7
-75.1584 4.9024 2805 146
-75.1417 4.9024 2487 135.9
-75.125 4.9024 2239 125.7
-75.1083 4.9024 2079 113.7
-75.0917 4.9024 2059 99.5
-75.075 4.9024 1731 83.7
-75.0583 4.9024 1603 67
-75.0417 4.9024 1463 50.7
-75.025 4.9024 1303 34.9
-75.0084 4.9024 1255 19.9
-74.9917 4.9024 1281 5.1
-74.975 4.9024 1071 -9.7
-74.9583 4.9024 847 -24.7
-74.9417 4.9024 533 -39.5
-74.925 4.9024 307 -53.7
-74.9084 4.9024 261 -65.9
-74.8917 4.9024 261 -75.7
-74.875 4.9024 257 -82.7
-74.8583 4.9024 253 -87.2
-74.8417 4.9024 257 -90.2
-74.825 4.9024 279 -92.6
-74.8083 4.9024 249 -95.6
-74.7917 4.9024 239 -99.6
-74.775 4.9024 263 -104.1
-74.7584 4.9024 269 -108
-74.7417 4.9024 229 -109.2
-74.725 4.9024 259 -106
-74.7083 4.9024 365 -96.7
-74.6917 4.9024 609 -81
-74.675 4.9024 919 -60
-74.6584 4.9024 991 -35.4
-74.6417 4.9024 1187 -11.3
-74.625 4.9024 1589 9.6
-75.9084 4.8858 901 18.4
-75.8917 4.8858 901 11.3
-75.875 4.8858 913 7.3
-75.8583 4.8858 929 6.4
-75.8417 4.8858 1025 9.1
-75.825 4.8858 1053 15.6
-75.8083 4.8858 1059 26.1
-75.7917 4.8858 1089 40.4
-75.775 4.8858 1257 57.2
-75.7584 4.8858 1557 75.3
-75.7417 4.8858 1667 92.1
-75.725 4.8858 1729 105.8
-75.7083 4.8858 1899 114.4
-75.6917 4.8858 1643 117.3
-75.675 4.8858 1839 115.2
-75.6584 4.8858 2003 109.5
-75.6417 4.8858 1789 103
-75.625 4.8858 1641 98
-75.6083 4.8858 1753 96.7
-75.5917 4.8858 1807 100
-75.575 4.8858 1949 107.4
-75.5583 4.8858 2055 118.2
-75.5417 4.8858 2083 130.3
-75.525 4.8858 2269 143.1
-75.5084 4.8858 2551 156.3
-75.4917 4.8858 2737 171.5
-75.475 4.8858 2949 191
-75.4583 4.8858 3107 217.5
-75.4417 4.8858 3183 252.7
-75.425 4.8858 3233 297.2
-75.4084 4.8858 3565 348.2
-75.3917 4.8858 3725 402.1
-75.375 4.8858 3865 451.3
-75.3583 4.8858 4309 490.5
-75.3417 4.8858 4787 512.6
-75.325 4.8858 5155 514.6
-75.3083 4.8858 5057 496.2
-75.2917 4.8858 4551 459.3
-75.275 4.8858 4067 410.5
-75.2584 4.8858 3773 355.1
-75.2417 4.8858 3639 300.9
-75.225 4.8858 3545 252.3
-75.2083 4.8858 3297 213.2
-75.1917 4.8858 3143 183.7
-75.175 4.8858 3013 162.4
-75.1584 4.8858 2825 146.7
-75.1417 4.8858 2549 133.5
-75.125 4.8858 2321 120.2
-75.1083 4.8858 2249 105.6
-75.0917 4.8858 2119 89.2
-75.075 4.8858 1437 72.1
-75.0583 4.8858 1237 54.7
-75.0417 4.8858 1217 38.4
-75.025 4.8858 1121 23.2
-75.0084 4.8858 1235 9.3
-74.9917 4.8858 1205 -4
-74.975 4.8858 1041 -17.2
-74.9583 4.8858 827 -30.6
-74.9417 4.8858 511 -43.9
-74.925 4.8858 301 -56.7
-74.9084 4.8858 287 -67.9
-74.8917 4.8858 275 -77.1
-74.875 4.8858 259 -83.9
-74.8583 4.8858 257 -88.5
-74.8417 4.8858 251 -91.9
-74.825 4.8858 245 -95
-74.8083 4.8858 237 -98.7
-74.7917 4.8858 233 -103.4
-74.775 4.8858 237 -108.4
-74.7584 4.8858 247 -112.5
-74.7417 4.8858 225 -113.6
-74.725 4.8858 375 -109.8
-74.7083 4.8858 533 -99.6
-74.6917 4.8858 709 -82.6
-74.675 4.8858 947 -60.1
-74.6584 4.8858 1293 -34
-74.6417 4.8858 1255 -8.4
-74.625 4.8858 1633 13.9
-75.9084 4.8692 911 13.2
-75.8917 4.8692 921 7.2
-75.875 4.8692 965 4.3
-75.8583 4.8692 1037 4.7
-75.8417 4.8692 1001 8.6
-75.825 4.8692 1063 16.1
-75.8083 4.8692 1063 27.2
-75.7917 4.8692 1113 41.6
-75.775 4.8692 1431 58.1
-75.7584 4.8692 1363 75.6
-75.7417 4.8692 1393 91.7
-75.725 4.8692 1617 104.8
-75.7083 4.8692 1911 113.1
-75.6917 4.8692 1801 116
-75.675 4.8692 1781 114.3
-75.6584 4.8692 1671 109.5
-75.6417 4.8692 1731 104.3
-75.625 4.8692 1689 101.2
-75.6083 4.8692 1763 102.5
-75.5917 4.8692 1827 109.1
-75.575 4.8692 2065 120.8
-75.5583 4.8692 2257 136.6
-75.5417 4.8692 2383 154.5
-75.525 4.8692 2543 173.3
-75.5084 4.8692 2831 192.4
-75.4917 4.8692 3003 212.7
-75.475 4.8692 3105 235.8
-75.4583 4.8692 3239 263.7
-75.4417 4.8692 3411 297.9
-75.425 4.8692 3591 338.9
-75.4084 4.8692 3697 384.1
-75.3917 4.8692 3649 430.5
-75.375 4.8692 4033 471.5
-75.3583 4.8692 4315 502.4
-75.3417 4.8692 4605 517.1
-75.325 4.8692 4883 513.3
-75.3083 4.8692 4753 491
-75.2917 4.8692 4503 452.4
-75.275 4.8692 4159 403.6
-75.2584 4.8692 3973 349.6
-75.2417 4.8692 3733 297.7
-75.225 4.8692 3557 251.5
-75.2083 4.8692 3261 214.3
-75.1917 4.8692 3117 185.9
-75.175 4.8692 3001 164.8
-75.1584 4.8692 2831 148.3
-75.1417 4.8692 2521 133.4
-75.125 4.8692 2261 117.9
-75.1083 4.8692 1991 100.8
-75.0917 4.8692 1813 82.1
-75.075 4.8692 1721 62.9
-75.0583 4.8692 1631 44.1
-75.0417 4.8692 1213 26.9
-75.025 4.8692 965 11.7
-75.0084 4.8692 1179 -1.8
-74.9917 4.8692 1171 -14.1
-74.975 4.8692 1007 -25.9
-74.9583 4.8692 787 -37.7
-74.9417 4.8692 493 -49.4
-74.925 4.8692 343 -60.8
-74.9084 4.8692 335 -70.9
-74.8917 4.8692 293 -79.3
-74.875 4.8692 285 -85.7
-74.8583 4.8692 281 -90.5
-74.8417 4.8692 267 -94.3
-74.825 4.8692 241 -98
-74.8083 4.8692 233 -102.4
-74.7917 4.8692 231 -107.7
-74.775 4.8692 229 -113.1
-74.7584 4.8692 239 -117.3
-74.7417 4.8692 239 -118.1
-74.725 4.8692 307 -113.8
-74.7083 4.8692 415 -102.8
-74.6917 4.8692 619 -84.9
-74.675 4.8692 865 -61.3
-74.6584 4.8692 913 -34.1
-74.6417 4.8692 967 -7.3
-74.625 4.8692 1429 16.1
-75.9084 4.8526 909 8.7
-75.8917 4.8526 929 4.1
-75.875 4.8526 987 2.8
-75.8583 4.8526 1085 4.7
-75.8417 4.8526 1111 9.8
-75.825 4.8526 1111 17.9
-75.8083 4.8526 1095 29.1
-75.7917 4.8526 1135 42.8
-75.775 4.8526 1257 58.2
-75.7584 4.8526 1251 74.2
-75.7417 4.8526 1377 88.8
-75.725 4.8526 1689 100.7
-75.7083 4.8526 1793 108.2
-75.6917 4.8526 1567 111
-75.675 4.8526 1507 109.8
-75.6584 4.8526 1501 106.1
-75.6417 4.8526 1687 102.7
-75.625 4.8526 1829 101.8
-75.6083 4.8526 1805 106
-75.5917 4.8526 1875 116.3
-75.575 4.8526 1981 132.5
-75.5583 4.8526 2155 153.6
-75.5417 4.8526 2475 177.5
-75.525 4.8526 2681 202.8
-75.5084 4.8526 3011 228
-75.4917 4.8526 3163 253.5
-75.475 4.8526 3289 279.9
-75.4583 4.8526 3471 308.7
-75.4417 4.8526 3573 340.8
-75.425 4.8526 3705 376.6
-75.4084 4.8526 3831 413.7
-75.3917 4.8526 3893 449.9
-75.375 4.8526 4071 479.6
-75.3583 4.8526 4329 499.3
-75.3417 4.8526 4533 504.3
-75.325 4.8526 4423 493
-75.3083 4.8526 4297 466.3
-75.2917 4.8526 4155 426.3
-75.275 4.8526 3827 379
-75.2584 4.8526 3523 328.8
-75.2417 4.8526 3395 281.9
-75.225 4.8526 3379 241.4
-75.2083 4.8526 3113 209.5
-75.1917 4.8526 2803 185.4
-75.175 4.8526 2829 167.1
-75.1584 4.8526 2687 151.8
-75.1417 4.8526 2485 136.7
-75.125 4.8526 2021 119.8
-75.1083 4.8526 2017 100.6
-75.0917 4.8526 1957 79.3
-75.075 4.8526 1685 57.7
-75.0583 4.8526 1403 36.7
-75.0417 4.8526 1125 18
-75.025 4.8526 1005 1.8
-75.0084 4.8526 1139 -11.8
-74.9917 4.8526 1233 -23.6
-74.975 4.8526 979 -34.4
-74.9583 4.8526 763 -44.9
-74.9417 4.8526 483 -55.1
-74.925 4.8526 369 -65.1
-74.9084 4.8526 355 -74.1
-74.8917 4.8526 335 -81.8
-74.875 4.8526 315 -87.9
-74.8583 4.8526 299 -92.7
-74.8417 4.8526 287 -96.9
-74.825 4.8526 267 -101.1
-74.8083 4.8526 245 -106
-74.7917 4.8526 235 -111.7
-74.775 4.8526 227 -117.1
-74.7584 4.8526 233 -121.1
-74.7417 4.8526 263 -121.5
-74.725 4.8526 301 -116.6
-74.7083 4.8526 319 -105.1
-74.6917 4.8526 519 -86.6
-74.675 4.8526 717 -62.5
-74.6584 4.8526 641 -34.9
-74.6417 4.8526 1017 -7.6
-74.625 4.8526 1279 16.4
-75.9084 4.836 915 5.3
-75.8917 4.836 951 2.4
-75.875 4.836 1017 2.8
-75.8583 4.836 1121 6.2
-75.8417 4.836 1167 12.3
-75.825 4.836 1149 20.9
-75.8083 4.836 1141 31.5
-75.7917 4.836 1153 43.9
-75.775 4.836 1217 57.4
-75.7584 4.836 1261 71.1
-75.7417 4.836 1347 83.6
-75.725 4.836 1519 93.7
-75.7083 4.836 1521 100.2
-75.6917 4.836 1431 102.9
-75.675 4.836 1439 102.3
-75.6584 4.836 1523 99.9
-75.6417 4.836 1723 98.2
-75.625 4.836 1893 99.6
-75.6083 4.836 1887 106.4
-75.5917 4.836 2003 119.9
-75.575 4.836 2017 139.9
-75.5583 4.836 2199 165.8
-75.5417 4.836 2443 195.1
-75.525 4.836 2825 226.4
-75.5084 4.836 3113 257.5
-75.4917 4.836 3395 288.1
-75.475 4.836 3599 317.8
-75.4583 4.836 3729 347.4
-75.4417 4.836 3843 377
-75.425 4.836 3837 406.7
-75.4084 4.836 4023 434.8
-75.3917 4.836 4115 459.4
-75.375 4.836 4367 476.5
-75.3583 4.836 4443 483.5
-75.3417 4.836 4475 477.7
-75.325 4.836 4253 458.2
-75.3083 4.836 4045 426.9
-75.2917 4.836 3839 386.2
-75.275 4.836 3689 341.7
-75.2584 4.836 3567 297.3
-75.2417 4.836 3335 257.9
-75.225 4.836 3003 225.7
-75.2083 4.836 2887 201.7
-75.1917 4.836 2585 184.3
-75.175 4.836 2535 171
-75.1584 4.836 2387 158.6
-75.1417 4.836 2307 144.5
-75.125 4.836 2107 126.9
-75.1083 4.836 2085 105.9
-75.0917 4.836 1611 82.1
-75.075 4.836 1397 57.6
-75.0583 4.836 1337 34
-75.0417 4.836 1195 13.2
-75.025 4.836 1047 -4.5
-75.0084 4.836 1001 -18.9
-74.9917 4.836 1023 -30.8
-74.975 4.836 989 -41
-74.9583 4.836 689 -50.6
-74.9417 4.836 469 -59.7
-74.925 4.836 397 -68.6
-74.9084 4.836 379 -76.7
-74.8917 4.836 353 -83.9
-74.875 4.836 335 -89.9
-74.8583 4.836 299 -94.8
-74.8417 4.836 287 -99.3
-74.825 4.836 271 -103.8
-74.8083 4.836 255 -108.8
-74.7917 4.836 237 -114.2
-74.775 4.836 227 -119.2
-74.7584 4.836 227 -122.5
-74.7417 4.836 241 -122.2
-74.725 4.836 275 -116.6
-74.7083 4.836 271 -104.7
-74.6917 4.836 341 -86.2
-74.675 4.836 483 -62.5
-74.6584 4.836 773 -35.3
-74.6417 4.836 977 -8.6
-74.625 4.836 1123 15.1
-75.9084 4.8194 923 2.9
-75.8917 4.8194 967 1.7
-75.875 4.8194 1055 3.9
-75.8583 4.8194 1157 8.9
-75.8417 4.8194 1183 15.9
-75.825 4.8194 1163 24.5
-75.8083 4.8194 1193 34.2
-75.7917 4.8194 1201 44.7
-75.775 4.8194 1219 55.6
-75.7584 4.8194 1263 66.6
-75.7417 4.8194 1305 76.6
-75.725 4.8194 1331 85
-75.7083 4.8194 1371 90.6
-75.6917 4.8194 1409 93.2
-75.675 4.8194 1449 93.4
-75.6584 4.8194 1561 92.2
-75.6417 4.8194 1781 92.1
-75.625 4.8194 1785 95.2
-75.6083 4.8194 1877 103.9
-75.5917 4.8194 1965 119.5
-75.575 4.8194 2127 142.2
-75.5583 4.8194 2295 171.6
-75.5417 4.8194 2385 205.4
-75.525 4.8194 2985 241.9
-75.5084 4.8194 3299 278.5
-75.4917 4.8194 3647 314.1
-75.475 4.8194 3933 347.3
-75.4583 4.8194 4047 377.9
-75.4417 4.8194 4099 405.4
-75.425 4.8194 4001 429.6
-75.4084 4.8194 4195 448.8
-75.3917 4.8194 4427 461.9
-75.375 4.8194 4659 466.2
-75.3583 4.8194 4633 460.5
-75.3417 4.8194 4401 443.6
-75.325 4.8194 4247 416.1
-75.3083 4.8194 4011 380.6
-75.2917 4.8194 3855 339.8
-75.275 4.8194 3991 299.1
-75.2584 4.8194 3685 261.7
-75.2417 4.8194 3295 231.3
-75.225 4.8194 3023 209
-75.2083 4.8194 2829 194.3
-75.1917 4.8194 2741 185
-75.175 4.8194 2605 177.7
-75.1584 4.8194 2419 169.2
-75.1417 4.8194 2287 156.8
-75.125 4.8194 2281 139
-75.1083 4.8194 2149 116.3
-75.0917 4.8194 1739 89.9
-75.075 4.8194 1869 62.5
-75.0583 4.8194 1463 36
-75.0417 4.8194 1391 12.7
-75.025 4.8194 1121 -6.9
-75.0084 4.8194 869 -22.4
-74.9917 4.8194 895 -34.8
-74.975 4.8194 845 -45
-74.9583 4.8194 709 -54.1
-74.9417 4.8194 453 -62.5
-74.925 4.8194 429 -70.7
-74.9084 4.8194 403 -78.4
-74.8917 4.8194 373 -85.4
-74.875 4.8194 355 -91.3
-74.8583 4.8194 329 -96.5
-74.8417 4.8194 309 -101.1
-74.825 4.8194 277 -105.6
-74.8083 4.8194 253 -110.3
-74.7917 4.8194 237 -114.9
-74.775 4.8194 231 -118.8
-74.7584 4.8194 235 -120.9
-74.7417 4.8194 229 -119.4
-74.725 4.8194 275 -113.1
-74.7083 4.8194 347 -101
-74.6917 4.8194 519 -82.9
-74.675 4.8194 563 -60.3
-74.6584 4.8194 989 -34.7
-74.6417 4.8194 1287 -9.6
-74.625 4.8194 1065 12.7
-75.9084 4.8028 935 1.2
-75.8917 4.8028 947 1.8
-75.875 4.8028 1053 5.7
-75.8583 4.8028 1159 12.1
-75.8417 4.8028 1175 19.8
-75.825 4.8028 1173 28.2
-75.8083 4.8028 1177 36.6
-75.7917 4.8028 1183 44.9
-75.775 4.8028 1213 53.2
-75.7584 4.8028 1253 61.5
-75.7417 4.8028 1281 69.2
-75.725 4.8028 1313 76
-75.7083 4.8028 1357 81.1
-75.6917 4.8028 1415 84.1
-75.675 4.8028 1503 85.1
-75.6584 4.8028 1527 85.3
-75.6417 4.8028 1651 86.3
-75.625 4.8028 1765 90.2
-75.6083 4.8028 1897 99.4
-75.5917 4.8028 1979 115.6
-75.575 4.8028 2165 139.2
-75.5583 4.8028 2503 170.3
-75.5417 4.8028 2835 206.9
-75.525 4.8028 3129 247.4
-75.5084 4.8028 3569 288.6
-75.4917 4.8028 3927 329.2
-75.475 4.8028 4075 366.2
-75.4583 4.8028 4367 398.9
-75.4417 4.8028 4237 425.6
-75.425 4.8028 4087 445.8
-75.4084 4.8028 4125 457.9
-75.3917 4.8028 4453 461.2
-75.375 4.8028 4747 454.5
-75.3583 4.8028 4547 437.4
-75.3417 4.8028 4333 410.9
-75.325 4.8028 4079 376.3
-75.3083 4.8028 4061 337.4
-75.2917 4.8028 4021 297.2
-75.275 4.8028 3711 260.8
-75.2584 4.8028 3665 230.6
-75.2417 4.8028 3537 209.2
-75.225 4.8028 3229 196.7
-75.2083 4.8028 3127 191.2
-75.1917 4.8028 2983 189.8
-75.175 4.8028 2681 188.4
-75.1584 4.8028 2499 183.5
-75.1417 4.8028 2591 172.7
-75.125 4.8028 2573 154.6
-75.1083 4.8028 2505 130.4
-75.0917 4.8028 2131 101.5
-75.075 4.8028 1691 71.4
-75.0583 4.8028 1445 42.1
-75.0417 4.8028 1337 16.3
-75.025 4.8028 1129 -5.3
-75.0084 4.8028 893 -22.2
-74.9917 4.8028 705 -35.4
-74.975 4.8028 647 -45.9
-74.9583 4.8028 645 -54.9
-74.9417 4.8028 479 -63.2
-74.925 4.8028 425 -71.2
-74.9084 4.8028 405 -78.9
-74.8917 4.8028 367 -86
-74.875 4.8028 365 -92.2
-74.8583 4.8028 345 -97.6
-74.8417 4.8028 299 -102.2
-74.825 4.8028 275 -106.4
-74.8083 4.8028 257 -110.1
-74.7917 4.8028 235 -113.4
-74.775 4.8028 237 -115.6
-74.7584 4.8028 231 -115.8
-74.7417 4.8028 239 -112.8
-74.725 4.8028 315 -105.5
-74.7083 4.8028 633 -93.5
-74.6917 4.8028 755 -76.4
-74.675 4.8028 929 -55.6
-74.6584 4.8028 1145 -32.5
-74.6417 4.8028 1249 -10.1
-74.625 4.8028 975 9.7
-75.9084 4.7862 921 -0.1
-75.8917 4.7862 959 2.1
-75.875 4.7862 1051 7.6
-75.8583 4.7862 1023 15.2
-75.8417 4.7862 1155 23.5
-75.825 4.7862 1179 31.4
-75.8083 4.7862 1167 38.5
-75.7917 4.7862 1175 44.7
-75.775 4.7862 1203 50.6
-75.7584 4.7862 1245 56.5
-75.7417 4.7862 1293 62.5
-75.725 4.7862 1349 68.4
-75.7083 4.7862 1419 73.4
-75.6917 4.7862 1447 77.3
-75.675 4.7862 1513 79.5
-75.6584 4.7862 1645 80.7
-75.6417 4.7862 1613 82.3
-75.625 4.7862 1743 86.1
-75.6083 4.7862 1891 94.5
-75.5917 4.7862 2075 109.4
-75.575 4.7862 2343 132.1
-75.5583 4.7862 2403 163
-75.5417 4.7862 2867 200.6
-75.525 4.7862 3355 243.7
-75.5084 4.7862 3701 288.8
-75.4917 4.7862 4057 334
-75.475 4.7862 4253 375.4
-75.4583 4.7862 4271 411.3
-75.4417 4.7862 4155 439
-75.425 4.7862 4035 457.3
-75.4084 4.7862 4023 464.8
-75.3917 4.7862 4387 460.9
-75.375 4.7862 4633 445.6
-75.3583 4.7862 4495 419.6
-75.3417 4.7862 4167 385.4
-75.325 4.7862 4025 345.4
-75.3083 4.7862 3837 304.2
-75.2917 4.7862 3789 265.1
-75.275 4.7862 3865 232.8
-75.2584 4.7862 3909 209.3
-75.2417 4.7862 3759 196
-75.225 4.7862 3695 192
-75.2083 4.7862 3591 194.3
-75.1917 4.7862 3401 199.4
-75.175 4.7862 3041 202.5
-75.1584 4.7862 2659 200.4
-75.1417 4.7862 2741 190.4
-75.125 4.7862 2757 171.8
-75.1083 4.7862 2717 145.9
-75.0917 4.7862 2235 114.8
-75.075 4.7862 1889 82.2
-75.0583 4.7862 1497 50.4
-75.0417 4.7862 1249 22.5
-75.025 4.7862 1383 -0.8
-75.0084 4.7862 1161 -19.1
-74.9917 4.7862 997 -33.2
-74.975 4.7862 825 -44.3
-74.9583 4.7862 575 -53.6
-74.9417 4.7862 505 -62.2
-74.925 4.7862 387 -70.5
-74.9084 4.7862 361 -78.5
-74.8917 4.7862 341 -86.1
-74.875 4.7862 319 -92.7
-74.8583 4.7862 293 -98.3
-74.8417 4.7862 267 -102.8
-74.825 4.7862 251 -106.2
-74.8083 4.7862 249 -108.6
-74.7917 4.7862 239 -109.9
-74.775 4.7862 247 -109.9
-74.7584 4.7862 229 -107.8
-74.7417 4.7862 287 -103
-74.725 4.7862 513 -94.8
-74.7083 4.7862 799 -83
-74.6917 4.7862 949 -67.4
-74.675 4.7862 1263 -49.1
-74.6584 4.7862 1363 -29.2
-74.6417 4.7862 1035 -10.2
-74.625 4.7862 871 6.4
