Lon Lat H AAL
-74.9084 5.8648 801 -0.2
-74.8917 5.8648 775 1
-74.875 5.8648 545 -0.1
-74.8583 5.8648 411 -4.1
-74.8417 5.8648 485 -10.5
-74.825 5.8648 375 -18.3
-74.8083 5.8648 365 -25.4
-74.7917 5.8648 385 -30.6
-74.775 5.8648 371 -33.1
-74.7584 5.8648 289 -32.9
-74.7417 5.8648 215 -31
-74.725 5.8648 183 -28.8
-74.7083 5.8648 193 -27.8
-74.6917 5.8648 193 -29.1
-74.675 5.8648 175 -32.9
-74.6584 5.8648 155 -39
-74.6417 5.8648 151 -46.1
-74.625 5.8648 153 -53.3
-74.6083 5.8648 155 -59.1
-74.5917 5.8648 161 -63.1
-74.575 5.8648 149 -65
-74.5583 5.8648 149 -65.4
-74.5417 5.8648 157 -65.1
-74.525 5.8648 171 -64.9
-74.5084 5.8648 189 -65.5
-74.4917 5.8648 189 -67.5
-74.475 5.8648 191 -70.7
-74.4583 5.8648 197 -74.9
-74.4417 5.8648 209 -79.6
-74.425 5.8648 235 -83.9
-74.4084 5.8648 261 -87
-74.3917 5.8648 263 -88.1
-74.375 5.8648 251 -86.3
-74.3583 5.8648 237 -81.1
-74.3417 5.8648 291 -72.4
-74.325 5.8648 459 -60.6
-74.3083 5.8648 807 -46.8
-74.2917 5.8648 1107 -32.6
-74.275 5.8648 849 -20.3
-74.2584 5.8648 981 -11.7
-74.2417 5.8648 1003 -8.8
-74.225 5.8648 905 -12.5
-74.2083 5.8648 623 -22.5
-74.1917 5.8648 583 -37.7
-74.175 5.8648 833 -55.2
-74.1584 5.8648 553 -72.6
-74.1417 5.8648 467 -86.2
-74.125 5.8648 633 -94.1
-74.1083 5.8648 531 -94.4
-74.0917 5.8648 509 -86.9
-74.075 5.8648 707 -72.5
-74.0583 5.8648 529 -52.4
-74.0417 5.8648 565 -28.9
-74.025 5.8648 929 -3.2
-74.0084 5.8648 1453 22.6
-73.9917 5.8648 1979 48.1
-73.975 5.8648 2121 72
-73.9583 5.8648 2291 94.1
-73.9417 5.8648 2451 113.4
-73.925 5.8648 2445 129.1
-73.9084 5.8648 2551 140.1
-73.8917 5.8648 2617 145.7
-73.875 5.8648 2611 145.2
-73.8583 5.8648 2677 138.9
-73.8417 5.8648 2647 128.4
-73.825 5.8648 2217 115.1
-73.8083 5.8648 1901 101.9
-73.7917 5.8648 1831 90.5
-73.775 5.8648 1857 83
-73.7584 5.8648 1729 79.9
-73.7417 5.8648 1707 80.8
-73.725 5.8648 1699 84.5
-73.7083 5.8648 1739 89
-73.6917 5.8648 1689 92.8
-73.675 5.8648 1655 94.8
-73.6584 5.8648 1723 94.6
-73.6417 5.8648 1775 93.2
-73.625 5.8648 1889 91.9
-73.6083 5.8648 2043 92.4
-73.5917 5.8648 1871 96
-73.575 5.8648 1705 103.2
-73.5583 5.8648 1803 113.4
-73.5417 5.8648 1927 124.9
-73.525 5.8648 1957 136.1
-73.5084 5.8648 2097 144.6
-73.4917 5.8648 2175 149.3
-73.475 5.8648 2333 150
-73.4583 5.8648 2493 147.3
-73.4417 5.8648 2331 143.5
-73.425 5.8648 2275 140.6
-73.4084 5.8648 2225 141.1
-73.3917 5.8648 2157 146.2
-73.375 5.8648 2133 156.1
-73.3583 5.8648 2245 169.8
-73.3417 5.8648 2393 184.9
-73.325 5.8648 2633 199
-73.3083 5.8648 2579 209.5
-73.2917 5.8648 2913 215.1
-73.275 5.8648 2933 215.5
-73.2584 5.8648 2649 211.8
-73.2417 5.8648 2435 206.7
-73.225 5.8648 2613 202.4
-73.2083 5.8648 2795 201.8
-73.1917 5.8648 2855 206
-73.175 5.8648 2805 215.2
-73.1584 5.8648 2799 228.1
-73.1417 5.8648 2967 241.8
-73.125 5.8648 3239 254.2
-73.1083 5.8648 3285 262.3
-73.0917 5.8648 3291 265.2
-73.075 5.8648 3067 262.9
-73.0583 5.8648 3167 256.8
-73.0417 5.8648 2957 249.8
-73.025 5.8648 2833 244
-73.0084 5.8648 2777 241.6
-72.9917 5.8648 2739 242.9
-72.975 5.8648 2837 246.7
-72.9583 5.8648 2719 250.9
-72.9417 5.8648 2601 251.9
-72.925 5.8648 2581 247.5
-74.9084 5.8482 603 -1.3
-74.8917 5.8482 637 0.8
-74.875 5.8482 409 0.3
-74.8583 5.8482 397 -3.6
-74.8417 5.8482 495 -10
-74.825 5.8482 375 -18
-74.8083 5.8482 383 -25.4
-74.7917 5.8482 411 -30.9
-74.775 5.8482 361 -33.6
-74.7584 5.8482 259 -33.8
-74.7417 5.8482 195 -32.4
-74.725 5.8482 181 -30.9
-74.7083 5.8482 171 -31
-74.6917 5.8482 163 -33.4
-74.675 5.8482 159 -38.2
-74.6584 5.8482 155 -44.9
-74.6417 5.8482 149 -52.1
-74.625 5.8482 151 -58.6
-74.6083 5.8482 149 -63.2
-74.5917 5.8482 167 -65.4
-74.575 5.8482 163 -65.6
-74.5583 5.8482 163 -64.4
-74.5417 5.8482 153 -63.2
-74.525 5.8482 159 -62.7
-74.5084 5.8482 167 -63.7
-74.4917 5.8482 181 -66.5
-74.475 5.8482 197 -70.8
-74.4583 5.8482 215 -75.9
-74.4417 5.8482 205 -81
-74.425 5.8482 233 -85.1
-74.4084 5.8482 257 -87.4
-74.3917 5.8482 267 -87.2
-74.375 5.8482 273 -84.1
-74.3583 5.8482 243 -77.8
-74.3417 5.8482 287 -68.4
-74.325 5.8482 441 -56.5
-74.3083 5.8482 767 -43.1
-74.2917 5.8482 847 -29.6
-74.275 5.8482 1045 -18.2
-74.2584 5.8482 1179 -10.5
-74.2417 5.8482 937 -8.4
-74.225 5.8482 683 -12.6
-74.2083 5.8482 573 -22.9
-74.1917 5.8482 681 -38.3
-74.175 5.8482 665 -55.9
-74.1584 5.8482 615 -73.4
-74.1417 5.8482 511 -87.1
-74.125 5.8482 843 -95.1
-74.1083 5.8482 665 -95.5
-74.0917 5.8482 445 -88.2
-74.075 5.8482 531 -74.1
-74.0583 5.8482 557 -54.8
-74.0417 5.8482 743 -32.6
-74.025 5.8482 1115 -9.1
-74.0084 5.8482 1781 14
-73.9917 5.8482 1999 36.1
-73.975 5.8482 2079 56.5
-73.9583 5.8482 2191 75.3
-73.9417 5.8482 2343 92.3
-73.925 5.8482 2481 107.2
-73.9084 5.8482 2529 118.9
-73.8917 5.8482 2589 126.9
-73.875 5.8482 2651 130.4
-73.8583 5.8482 2667 129
-73.8417 5.8482 2439 123.4
-73.825 5.8482 2093 114.6
-73.8083 5.8482 1911 104.6
-73.7917 5.8482 1831 95.2
-73.775 5.8482 1833 88.4
-73.7584 5.8482 1793 85
-73.7417 5.8482 1923 85.2
-73.725 5.8482 1897 88.5
-73.7083 5.8482 1731 93.2
-73.6917 5.8482 1859 98.3
-73.675 5.8482 1763 102.2
-73.6584 5.8482 1777 104.6
-73.6417 5.8482 1917 105.5
-73.625 5.8482 1963 105.9
-73.6083 5.8482 2045 106.9
-73.5917 5.8482 1801 109.4
-73.575 5.8482 1735 114.2
-73.5583 5.8482 1873 121.2
-73.5417 5.8482 2043 129.2
-73.525 5.8482 2121 137.3
-73.5084 5.8482 2225 144
-73.4917 5.8482 2371 148.4
-73.475 5.8482 2481 150.3
-73.4583 5.8482 2511 150.4
-73.4417 5.8482 2285 150.2
-73.425 5.8482 2093 151.3
-73.4084 5.8482 2083 155.5
-73.3917 5.8482 2109 163.7
-73.375 5.8482 2197 175.8
-73.3583 5.8482 2651 191
-73.3417 5.8482 2735 206.9
-73.325 5.8482 2473 221.9
-73.3083 5.8482 2743 233.2
-73.2917 5.8482 2969 239.8
-73.275 5.8482 2947 241.1
-73.2584 5.8482 2891 238
-73.2417 5.8482 2585 232.4
-73.225 5.8482 2531 226.1
-73.2083 5.8482 2645 221.5
-73.1917 5.8482 3115 219.5
-73.175 5.8482 3327 220.6
-73.1584 5.8482 3307 224.1
-73.1417 5.8482 3367 228.1
-73.125 5.8482 3327 231.2
-73.1083 5.8482 3183 231.7
-73.0917 5.8482 3005 229.1
-73.075 5.8482 2891 224.1
-73.0583 5.8482 2897 217.9
-73.0417 5.8482 2735 212.9
-73.025 5.8482 2669 210.6
-73.0084 5.8482 2709 212.3
-72.9917 5.8482 2801 217.6
-72.975 5.8482 2819 224.8
-72.9583 5.8482 2637 231.4
-72.9417 5.8482 2533 234.1
-72.925 5.8482 2501 230.7
-74.9084 5.8316 513 -2.5
-74.8917 5.8316 439 0.4
-74.875 5.8316 433 0.6
-74.8583 5.8316 411 -2.8
-74.8417 5.8316 487 -9
-74.825 5.8316 375 -17
-74.8083 5.8316 419 -24.4
-74.7917 5.8316 391 -30.2
-74.775 5.8316 329 -33.2
-74.7584 5.8316 223 -33.8
-74.7417 5.8316 187 -33.3
-74.725 5.8316 181 -32.8
-74.7083 5.8316 171 -34
-74.6917 5.8316 159 -37.5
-74.675 5.8316 167 -43.2
-74.6584 5.8316 151 -50.3
-74.6417 5.8316 151 -57.2
-74.625 5.8316 161 -62.8
-74.6083 5.8316 149 -66
-74.5917 5.8316 165 -66.7
-74.575 5.8316 179 -65.5
-74.5583 5.8316 185 -63.4
-74.5417 5.8316 173 -61.8
-74.525 5.8316 169 -61.7
-74.5084 5.8316 181 -63.7
-74.4917 5.8316 179 -67.8
-74.475 5.8316 191 -73.1
-74.4583 5.8316 209 -78.8
-74.4417 5.8316 229 -83.7
-74.425 5.8316 221 -86.9
-74.4084 5.8316 239 -87.7
-74.3917 5.8316 261 -85.7
-74.375 5.8316 277 -80.9
-74.3583 5.8316 269 -73.3
-74.3417 5.8316 271 -63.3
-74.325 5.8316 387 -51.5
-74.3083 5.8316 531 -38.9
-74.2917 5.8316 633 -26.6
-74.275 5.8316 1019 -16.6
-74.2584 5.8316 1111 -10.2
-74.2417 5.8316 793 -9.1
-74.225 5.8316 715 -13.9
-74.2083 5.8316 795 -24.4
-74.1917 5.8316 841 -39.4
-74.175 5.8316 557 -56.3
-74.1584 5.8316 505 -72.9
-74.1417 5.8316 655 -85.5
-74.125 5.8316 815 -92.4
-74.1083 5.8316 645 -92
-74.0917 5.8316 491 -84.2
-74.075 5.8316 367 -70.5
-74.0583 5.8316 533 -52.3
-74.0417 5.8316 759 -32.3
-74.025 5.8316 1303 -12
-74.0084 5.8316 1775 6.9
-73.9917 5.8316 1835 24.4
-73.975 5.8316 1897 40.3
-73.9583 5.8316 2143 55.5
-73.9417 5.8316 2187 70.3
-73.925 5.8316 2477 84.9
-73.9084 5.8316 2475 98.5
-73.8917 5.8316 2487 110.4
-73.875 5.8316 2471 119.1
-73.8583 5.8316 2339 123.8
-73.8417 5.8316 2191 124.1
-73.825 5.8316 2041 120.4
-73.8083 5.8316 1949 114.1
-73.7917 5.8316 1857 106.8
-73.775 5.8316 1925 100.7
-73.7584 5.8316 1951 97.1
-73.7417 5.8316 2155 96.8
-73.725 5.8316 1967 99.7
-73.7083 5.8316 1843 104.9
-73.6917 5.8316 2003 111.1
-73.675 5.8316 1909 116.8
-73.6584 5.8316 1925 121
-73.6417 5.8316 1983 123.3
-73.625 5.8316 2121 124
-73.6083 5.8316 1973 124
-73.5917 5.8316 1777 124.1
-73.575 5.8316 1803 125.4
-73.5583 5.8316 1961 128.4
-73.5417 5.8316 2141 132.9
-73.525 5.8316 2285 138.6
-73.5084 5.8316 2381 144.5
-73.4917 5.8316 2523 150
-73.475 5.8316 2609 154.9
-73.4583 5.8316 2531 159.2
-73.4417 5.8316 2171 163.7
-73.425 5.8316 2121 169.3
-73.4084 5.8316 2217 177
-73.3917 5.8316 2181 187.5
-73.375 5.8316 2465 200.4
-73.3583 5.8316 2943 215.4
-73.3417 5.8316 2721 230.4
-73.325 5.8316 2717 244.1
-73.3083 5.8316 2571 254.5
-73.2917 5.8316 2635 260.5
-73.275 5.8316 2861 261.6
-73.2584 5.8316 2943 258.2
-73.2417 5.8316 2859 251.7
-73.225 5.8316 2927 243.4
-73.2083 5.8316 3033 235.1
-73.1917 5.8316 3147 227.9
-73.175 5.8316 3127 222.2
-73.1584 5.8316 3157 218
-73.1417 5.8316 3151 214.3
-73.125 5.8316 3065 210.3
-73.1083 5.8316 3013 205.4
-73.0917 5.8316 2803 199.3
-73.075 5.8316 2683 193
-73.0583 5.8316 2677 187.4
-73.0417 5.8316 2593 184.4
-73.025 5.8316 2559 184.7
-73.0084 5.8316 2697 188.8
-72.9917 5.8316 2671 196.1
-72.975 5.8316 2551 204.1
-72.9583 5.8316 2801 210.8
-72.9417 5.8316 2705 213
-72.925 5.8316 2537 209.4
-74.9084 5.8151 645 -4.1
-74.8917 5.8151 555 -0.4
-74.875 5.8151 465 0.4
-74.8583 5.8151 485 -2.4
-74.8417 5.8151 469 -8.2
-74.825 5.8151 373 -15.9
-74.8083 5.8151 459 -23.2
-74.7917 5.8151 373 -28.9
-74.775 5.8151 309 -32.3
-74.7584 5.8151 209 -33.4
-74.7417 5.8151 197 -33.7
-74.725 5.8151 179 -34.3
-74.7083 5.8151 169 -36.6
-74.6917 5.8151 175 -41.1
-74.675 5.8151 169 -47.4
-74.6584 5.8151 153 -54.5
-74.6417 5.8151 151 -60.9
-74.625 5.8151 151 -65.5
-74.6083 5.8151 155 -67.4
-74.5917 5.8151 167 -66.8
-74.575 5.8151 189 -64.7
-74.5583 5.8151 215 -62.4
-74.5417 5.8151 201 -61.3
-74.525 5.8151 183 -62.3
-74.5084 5.8151 193 -65.7
-74.4917 5.8151 193 -71.1
-74.475 5.8151 207 -77.2
-74.4583 5.8151 251 -82.9
-74.4417 5.8151 263 -86.9
-74.425 5.8151 245 -88.4
-74.4084 5.8151 235 -87
-74.3917 5.8151 253 -82.7
-74.375 5.8151 265 -75.9
-74.3583 5.8151 267 -67
-74.3417 5.8151 363 -56.7
-74.325 5.8151 431 -45.4
-74.3083 5.8151 609 -34.2
-74.2917 5.8151 901 -23.8
-74.275 5.8151 993 -15.7
-74.2584 5.8151 1201 -11
-74.2417 5.8151 1003 -11.1
-74.225 5.8151 761 -16.4
-74.2083 5.8151 757 -26.7
-74.1917 5.8151 767 -40.8
-74.175 5.8151 661 -56.3
-74.1584 5.8151 585 -70.9
-74.1417 5.8151 857 -81.6
-74.125 5.8151 731 -86.5
-74.1083 5.8151 579 -84.6
-74.0917 5.8151 477 -76.1
-74.075 5.8151 391 -62.7
-74.0583 5.8151 487 -46.1
-74.0417 5.8151 863 -29.1
-74.025 5.8151 1265 -13
-74.0084 5.8151 1379 0.8
-73.9917 5.8151 1761 12.9
-73.975 5.8151 1767 24
-73.9583 5.8151 1889 35.5
-73.9417 5.8151 1963 48.5
-73.925 5.8151 2093 63.7
-73.9084 5.8151 2101 80.2
-73.8917 5.8151 2241 97.2
-73.875 5.8151 2197 112.2
-73.8583 5.8151 2277 124
-73.8417 5.8151 2203 130.8
-73.825 5.8151 1989 132.6
-73.8083 5.8151 1911 130.2
-73.7917 5.8151 1957 125.2
-73.775 5.8151 2071 120
-73.7584 5.8151 2207 116.4
-73.7417 5.8151 2209 115.7
-73.725 5.8151 2059 118.6
-73.7083 5.8151 1995 124.1
-73.6917 5.8151 2139 131.3
-73.675 5.8151 2107 138
-73.6584 5.8151 2117 143.1
-73.6417 5.8151 2137 145.4
-73.625 5.8151 2245 144.9
-73.6083 5.8151 2003 142.4
-73.5917 5.8151 1907 138.7
-73.575 5.8151 1887 135.7
-73.5583 5.8151 2101 134.4
-73.5417 5.8151 2273 135.6
-73.525 5.8151 2423 139.6
-73.5084 5.8151 2545 145.9
-73.4917 5.8151 2611 154
-73.475 5.8151 2701 163.1
-73.4583 5.8151 2513 172.7
-73.4417 5.8151 2243 182.5
-73.425 5.8151 2185 192.9
-73.4084 5.8151 2263 203.8
-73.3917 5.8151 2373 215.6
-73.375 5.8151 2811 228
-73.3583 5.8151 3369 241
-73.3417 5.8151 2757 253.1
-73.325 5.8151 2923 263.6
-73.3083 5.8151 2925 271.1
-73.2917 5.8151 2767 274.7
-73.275 5.8151 2863 274.1
-73.2584 5.8151 3207 269.3
-73.2417 5.8151 3349 261.2
-73.225 5.8151 3177 250.8
-73.2083 5.8151 2985 239.5
-73.1917 5.8151 2973 228.1
-73.175 5.8151 3015 217.6
-73.1584 5.8151 3063 208
-73.1417 5.8151 3121 199.3
-73.125 5.8151 2979 191.1
-73.1083 5.8151 2831 183.3
-73.0917 5.8151 2709 176.1
-73.075 5.8151 2551 170.1
-73.0583 5.8151 2657 166
-73.0417 5.8151 2593 164.7
-73.025 5.8151 2505 166.7
-73.0084 5.8151 2525 171.7
-72.9917 5.8151 2537 178.6
-72.975 5.8151 2503 185.3
-72.9583 5.8151 2729 190
-72.9417 5.8151 2869 190.3
-72.925 5.8151 2689 185.5
-74.9084 5.7985 785 -6.1
-74.8917 5.7985 839 -1.8
-74.875 5.7985 651 -0.5
-74.8583 5.7985 623 -2.8
-74.8417 5.7985 461 -8.2
-74.825 5.7985 417 -15.4
-74.8083 5.7985 453 -22.4
-74.7917 5.7985 371 -27.9
-74.775 5.7985 277 -31.3
-74.7584 5.7985 191 -32.9
-74.7417 5.7985 179 -33.9
-74.725 5.7985 195 -35.4
-74.7083 5.7985 179 -38.6
-74.6917 5.7985 181 -43.9
-74.675 5.7985 173 -50.4
-74.6584 5.7985 163 -57.4
-74.6417 5.7985 151 -63
-74.625 5.7985 173 -66.5
-74.6083 5.7985 195 -67.3
-74.5917 5.7985 191 -65.9
-74.575 5.7985 193 -63.6
-74.5583 5.7985 213 -61.8
-74.5417 5.7985 193 -61.9
-74.525 5.7985 187 -64.5
-74.5084 5.7985 181 -69.5
-74.4917 5.7985 185 -76.1
-74.475 5.7985 215 -82.5
-74.4583 5.7985 215 -87.5
-74.4417 5.7985 273 -89.7
-74.425 5.7985 283 -88.6
-74.4084 5.7985 259 -84.3
-74.3917 5.7985 243 -77.3
-74.375 5.7985 267 -68.4
-74.3583 5.7985 333 -58.5
-74.3417 5.7985 519 -48.3
-74.325 5.7985 501 -38.3
-74.3083 5.7985 411 -29.2
-74.2917 5.7985 821 -21.3
-74.275 5.7985 1121 -15.7
-74.2584 5.7985 1051 -13.1
-74.2417 5.7985 1167 -14.5
-74.225 5.7985 843 -20.1
-74.2083 5.7985 793 -29.7
-74.1917 5.7985 603 -42.3
-74.175 5.7985 617 -55.6
-74.1584 5.7985 623 -67.5
-74.1417 5.7985 633 -75.5
-74.125 5.7985 755 -77.9
-74.1083 5.7985 757 -74.3
-74.0917 5.7985 537 -65
-74.075 5.7985 655 -52.2
-74.0583 5.7985 777 -37.8
-74.0417 5.7985 1273 -24.5
-74.025 5.7985 1277 -13.4
-74.0084 5.7985 1385 -5.1
-73.9917 5.7985 1555 1.2
-73.975 5.7985 1591 7.6
-73.9583 5.7985 1453 15.9
-73.9417 5.7985 2009 28.1
-73.925 5.7985 2111 44.9
-73.9084 5.7985 2037 65.5
-73.8917 5.7985 2151 88.5
-73.875 5.7985 2259 110.7
-73.8583 5.7985 2351 130
-73.8417 5.7985 2317 143.7
-73.825 5.7985 2089 151.2
-73.8083 5.7985 2123 152.8
-73.7917 5.7985 2187 150.2
-73.775 5.7985 2257 146.1
-73.7584 5.7985 2435 142.7
-73.7417 5.7985 2441 142
-73.725 5.7985 2319 144.9
-73.7083 5.7985 2201 150.7
-73.6917 5.7985 2237 158.3
-73.675 5.7985 2307 165.2
-73.6584 5.7985 2273 169.9
-73.6417 5.7985 2337 170.7
-73.625 5.7985 2355 167.3
-73.6083 5.7985 2127 160.6
-73.5917 5.7985 2009 152.1
-73.575 5.7985 1971 144.1
-73.5583 5.7985 2187 138.4
-73.5417 5.7985 2375 136.8
-73.525 5.7985 2519 140
-73.5084 5.7985 2667 147.9
-73.4917 5.7985 2671 159.8
-73.475 5.7985 2565 174.1
-73.4583 5.7985 2503 189.8
-73.4417 5.7985 2599 205.3
-73.425 5.7985 2345 220
-73.4084 5.7985 2379 233.4
-73.3917 5.7985 2751 245.5
-73.375 5.7985 3067 256.1
-73.3583 5.7985 3373 265.3
-73.3417 5.7985 2921 272.8
-73.325 5.7985 2965 278.1
-73.3083 5.7985 3055 280.7
-73.2917 5.7985 3053 280.2
-73.275 5.7985 3281 276.1
-73.2584 5.7985 3241 268.6
-73.2417 5.7985 3095 258.2
-73.225 5.7985 2875 245.5
-73.2083 5.7985 2893 231.9
-73.1917 5.7985 2991 218
-73.175 5.7985 3039 204.9
-73.1584 5.7985 3003 192.9
-73.1417 5.7985 2869 182.4
-73.125 5.7985 2759 173.3
-73.1083 5.7985 2643 165.7
-73.0917 5.7985 2563 159.8
-73.075 5.7985 2509 155.7
-73.0583 5.7985 2583 153.8
-73.0417 5.7985 2531 154.1
-73.025 5.7985 2485 156.8
-73.0084 5.7985 2551 160.9
-72.9917 5.7985 2485 165.7
-72.975 5.7985 2531 169.3
-72.9583 5.7985 2845 170.5
-72.9417 5.7985 3033 168
-72.925 5.7985 2915 161.9
-74.9084 5.7819 857 -8.3
-74.8917 5.7819 909 -3.9
-74.875 5.7819 713 -2.3
-74.8583 5.7819 633 -4.3
-74.8417 5.7819 481 -9.3
-74.825 5.7819 425 -16
-74.8083 5.7819 429 -22.5
-74.7917 5.7819 335 -27.7
-74.775 5.7819 253 -30.9
-74.7584 5.7819 197 -32.7
-74.7417 5.7819 195 -34.2
-74.725 5.7819 189 -36.5
-74.7083 5.7819 169 -40.4
-74.6917 5.7819 169 -46
-74.675 5.7819 175 -52.6
-74.6584 5.7819 153 -59
-74.6417 5.7819 153 -63.8
-74.625 5.7819 181 -66.2
-74.6083 5.7819 191 -66.2
-74.5917 5.7819 185 -64.3
-74.575 5.7819 175 -62.4
-74.5583 5.7819 177 -61.7
-74.5417 5.7819 175 -63.4
-74.525 5.7819 173 -67.9
-74.5084 5.7819 175 -74.5
-74.4917 5.7819 183 -81.8
-74.475 5.7819 199 -88
-74.4583 5.7819 197 -91.4
-74.4417 5.7819 253 -91.1
-74.425 5.7819 237 -86.7
-74.4084 5.7819 215 -79.1
-74.3917 5.7819 223 -69.1
-74.375 5.7819 309 -58.5
-74.3583 5.7819 471 -48
-74.3417 5.7819 759 -38.7
-74.325 5.7819 573 -30.8
-74.3083 5.7819 491 -24.4
-74.2917 5.7819 837 -19.7
-74.275 5.7819 887 -17
-74.2584 5.7819 1013 -16.6
-74.2417 5.7819 959 -19.1
-74.225 5.7819 797 -24.7
-74.2083 5.7819 765 -33.2
-74.1917 5.7819 633 -43.6
-74.175 5.7819 855 -54.1
-74.1584 5.7819 695 -62.9
-74.1417 5.7819 611 -67.8
-74.125 5.7819 881 -67.6
-74.1083 5.7819 713 -62.3
-74.0917 5.7819 463 -52.7
-74.075 5.7819 865 -41.1
-74.0583 5.7819 1333 -29.5
-74.0417 5.7819 1417 -20.3
-74.025 5.7819 1423 -14.6
-74.0084 5.7819 1631 -11.9
-73.9917 5.7819 1495 -10.9
-73.975 5.7819 1359 -8.6
-73.9583 5.7819 1361 -2.5
-73.9417 5.7819 1771 9.9
-73.925 5.7819 1843 29.4
-73.9084 5.7819 2005 54.9
-73.8917 5.7819 2245 84.5
-73.875 5.7819 2441 114.2
-73.8583 5.7819 2443 141
-73.8417 5.7819 2499 161.3
-73.825 5.7819 2275 174.2
-73.8083 5.7819 2307 179.7
-73.7917 5.7819 2411 179.5
-73.775 5.7819 2513 176.7
-73.7584 5.7819 2717 173.8
-73.7417 5.7819 2647 173.4
-73.725 5.7819 2477 176.4
-73.7083 5.7819 2397 182.4
-73.6917 5.7819 2419 189.9
-73.675 5.7819 2457 196.1
-73.6584 5.7819 2479 199
-73.6417 5.7819 2535 196.8
-73.625 5.7819 2525 189.2
-73.6083 5.7819 2249 177.4
-73.5917 5.7819 2043 163.2
-73.575 5.7819 2003 150
-73.5583 5.7819 2273 140.2
-73.5417 5.7819 2457 136.5
-73.525 5.7819 2563 139.8
-73.5084 5.7819 2701 150.2
-73.4917 5.7819 2691 166.5
-73.475 5.7819 2557 186.5
-73.4583 5.7819 2499 208.2
-73.4417 5.7819 2637 229
-73.425 5.7819 2535 247.5
-73.4084 5.7819 2851 262.5
-73.3917 5.7819 3163 273.8
-73.375 5.7819 3489 281.4
-73.3583 5.7819 3201 285.8
-73.3417 5.7819 3177 287.4
-73.325 5.7819 3205 286.3
-73.3083 5.7819 3215 282.8
-73.2917 5.7819 3457 276.6
-73.275 5.7819 3147 267.9
-73.2584 5.7819 2913 256.7
-73.2417 5.7819 2837 243.5
-73.225 5.7819 2711 228.7
-73.2083 5.7819 2749 213.5
-73.1917 5.7819 2953 198.6
-73.175 5.7819 2957 185.1
-73.1584 5.7819 2795 173.5
-73.1417 5.7819 2591 164.1
-73.125 5.7819 2547 157.1
-73.1083 5.7819 2529 152.4
-73.0917 5.7819 2499 149.7
-73.075 5.7819 2491 148.8
-73.0583 5.7819 2493 149.4
-73.0417 5.7819 2485 151.1
-73.025 5.7819 2507 153.5
-73.0084 5.7819 2537 155.8
-72.9917 5.7819 2485 157.2
-72.975 5.7819 2497 156.8
-72.9583 5.7819 2713 154
-72.9417 5.7819 2623 148.8
-72.925 5.7819 2651 141.8
-74.9084 5.7653 709 -10.3
-74.8917 5.7653 833 -6.2
-74.875 5.7653 647 -4.9
-74.8583 5.7653 619 -7
-74.8417 5.7653 439 -11.8
-74.825 5.7653 393 -18.1
-74.8083 5.7653 419 -24
-74.7917 5.7653 325 -28.7
-74.775 5.7653 239 -31.7
-74.7584 5.7653 207 -33.4
-74.7417 5.7653 203 -35.1
-74.725 5.7653 167 -37.8
-74.7083 5.7653 161 -42.1
-74.6917 5.7653 167 -48
-74.675 5.7653 155 -54.3
-74.6584 5.7653 149 -60
-74.6417 5.7653 159 -63.8
-74.625 5.7653 173 -65.2
-74.6083 5.7653 163 -64.5
-74.5917 5.7653 163 -62.7
-74.575 5.7653 165 -61.4
-74.5583 5.7653 167 -62.1
-74.5417 5.7653 173 -65.7
-74.525 5.7653 175 -72
-74.5084 5.7653 181 -79.8
-74.4917 5.7653 185 -87.4
-74.475 5.7653 203 -92.5
-74.4583 5.7653 193 -93.6
-74.4417 5.7653 191 -90
-74.425 5.7653 195 -81.9
-74.4084 5.7653 221 -70.7
-74.3917 5.7653 301 -58.1
-74.375 5.7653 305 -46.1
-74.3583 5.7653 529 -35.8
-74.3417 5.7653 727 -28.3
-74.325 5.7653 643 -23.3
-74.3083 5.7653 623 -20.5
-74.2917 5.7653 771 -19.4
-74.275 5.7653 737 -19.7
-74.2584 5.7653 1133 -21.3
-74.2417 5.7653 991 -24.6
-74.225 5.7653 715 -29.7
-74.2083 5.7653 679 -36.5
-74.1917 5.7653 827 -44.3
-74.175 5.7653 703 -51.6
-74.1584 5.7653 695 -57.1
-74.1417 5.7653 799 -59
-74.125 5.7653 841 -56.7
-74.1083 5.7653 633 -50.3
-74.0917 5.7653 593 -41
-74.075 5.7653 1141 -31.2
-74.0583 5.7653 1589 -23
-74.0417 5.7653 1507 -18.3
-74.025 5.7653 1543 -17.8
-74.0084 5.7653 1615 -20.3
-73.9917 5.7653 1467 -23.7
-73.975 5.7653 1149 -24.3
-73.9583 5.7653 1179 -19
-73.9417 5.7653 1485 -5.2
-73.925 5.7653 1557 18
-73.9084 5.7653 1779 49
-73.8917 5.7653 2053 85.4
-73.875 5.7653 2401 122.1
-73.8583 5.7653 2671 155.8
-73.8417 5.7653 2651 182
-73.825 5.7653 2565 199.6
-73.8083 5.7653 2539 208.4
-73.7917 5.7653 2677 210.3
-73.775 5.7653 2819 208.8
-73.7584 5.7653 2829 206.8
-73.7417 5.7653 2647 207
-73.725 5.7653 2561 210.4
-73.7083 5.7653 2587 216.4
-73.6917 5.7653 2651 223.3
-73.675 5.7653 2659 227.9
-73.6584 5.7653 2675 228
-73.6417 5.7653 2663 221.7
-73.625 5.7653 2705 208.8
-73.6083 5.7653 2363 191.1
-73.5917 5.7653 2129 171
-73.575 5.7653 2037 152.9
-73.5583 5.7653 2287 139.7
-73.5417 5.7653 2487 134.6
-73.525 5.7653 2685 138.9
-73.5084 5.7653 2683 152.3
-73.4917 5.7653 2615 173.4
-73.475 5.7653 2521 198.7
-73.4583 5.7653 2551 225.8
-73.4417 5.7653 2619 251
-73.425 5.7653 2741 272.2
-73.4084 5.7653 3077 287.8
-73.3917 5.7653 3491 297.4
-73.375 5.7653 3453 301.2
-73.3583 5.7653 3369 300.1
-73.3417 5.7653 3565 295.1
-73.325 5.7653 3517 287.1
-73.3083 5.7653 3449 276.7
-73.2917 5.7653 3237 264.3
-73.275 5.7653 2945 250.3
-73.2584 5.7653 2749 234.8
-73.2417 5.7653 2643 218.5
-73.225 5.7653 2621 201.9
-73.2083 5.7653 2629 186.1
-73.1917 5.7653 2707 171.8
-73.175 5.7653 2691 160.1
-73.1584 5.7653 2575 151.3
-73.1417 5.7653 2555 145.9
-73.125 5.7653 2509 143.5
-73.1083 5.7653 2499 143.6
-73.0917 5.7653 2511 145.7
-73.075 5.7653 2515 148.6
-73.0583 5.7653 2505 151.8
-73.0417 5.7653 2497 154.4
-73.025 5.7653 2579 155.8
-73.0084 5.7653 2585 155.4
-72.9917 5.7653 2481 153.1
-72.975 5.7653 2481 148.6
-72.9583 5.7653 2673 142.4
-72.9417 5.7653 2505 135.4
-72.925 5.7653 2571 128.8
-74.9084 5.7488 589 -11.7
-74.8917 5.7488 557 -8.5
-74.875 5.7488 475 -8
-74.8583 5.7488 505 -10.6
-74.8417 5.7488 451 -15.6
-74.825 5.7488 403 -21.6
-74.8083 5.7488 391 -27
-74.7917 5.7488 313 -31.1
-74.775 5.7488 239 -33.5
-74.7584 5.7488 217 -35.1
-74.7417 5.7488 183 -36.9
-74.725 5.7488 163 -39.8
-74.7083 5.7488 177 -44.3
-74.6917 5.7488 165 -50.1
-74.675 5.7488 153 -56
-74.6584 5.7488 149 -60.9
-74.6417 5.7488 157 -63.8
-74.625 5.7488 155 -64.3
-74.6083 5.7488 159 -63.1
-74.5917 5.7488 163 -61.4
-74.575 5.7488 169 -61
-74.5583 5.7488 171 -63.2
-74.5417 5.7488 173 -68.5
-74.525 5.7488 183 -76.3
-74.5084 5.7488 195 -84.8
-74.4917 5.7488 211 -91.9
-74.475 5.7488 193 -95.2
-74.4583 5.7488 199 -93.4
-74.4417 5.7488 227 -86
-74.425 5.7488 207 -74
-74.4084 5.7488 229 -59.6
-74.3917 5.7488 305 -44.7
-74.375 5.7488 363 -32.2
-74.3583 5.7488 471 -23.1
-74.3417 5.7488 755 -18.1
-74.325 5.7488 939 -16.7
-74.3083 5.7488 955 -17.9
-74.2917 5.7488 577 -20.5
-74.275 5.7488 797 -23.6
-74.2584 5.7488 1255 -26.9
-74.2417 5.7488 1081 -30.4
-74.225 5.7488 815 -34.4
-74.2083 5.7488 943 -39
-74.1917 5.7488 757 -43.8
-74.175 5.7488 607 -48
-74.1584 5.7488 589 -50.3
-74.1417 5.7488 561 -49.8
-74.125 5.7488 525 -45.9
-74.1083 5.7488 567 -39.3
-74.0917 5.7488 681 -31.2
-74.075 5.7488 1139 -23.9
-74.0583 5.7488 1545 -19.4
-74.0417 5.7488 1661 -19.1
-74.025 5.7488 1397 -23.2
-74.0084 5.7488 1199 -29.9
-73.9917 5.7488 1079 -36.4
-73.975 5.7488 869 -38.4
-73.9583 5.7488 1061 -32.6
-73.9417 5.7488 1199 -16.3
-73.925 5.7488 1431 11.2
-73.9084 5.7488 1631 47.7
-73.8917 5.7488 1909 90.3
-73.875 5.7488 2339 133.1
-73.8583 5.7488 2723 172.3
-73.8417 5.7488 2843 203.1
-73.825 5.7488 2911 224
-73.8083 5.7488 2835 235.2
-73.7917 5.7488 2919 238.9
-73.775 5.7488 3009 238.7
-73.7584 5.7488 2829 237.7
-73.7417 5.7488 2651 238.8
-73.725 5.7488 2663 242.9
-73.7083 5.7488 2793 248.9
-73.6917 5.7488 2875 254.9
-73.675 5.7488 2931 257.3
-73.6584 5.7488 2825 253.9
-73.6417 5.7488 2833 242.9
-73.625 5.7488 2805 224.4
-73.6083 5.7488 2401 200.8
-73.5917 5.7488 2185 175.3
-73.575 5.7488 2087 153
-73.5583 5.7488 2349 137.3
-73.5417 5.7488 2443 131.8
-73.525 5.7488 2561 137.7
-73.5084 5.7488 2557 154.3
-73.4917 5.7488 2455 179.7
-73.475 5.7488 2485 209.7
-73.4583 5.7488 2671 241
-73.4417 5.7488 2643 269.1
-73.425 5.7488 2827 291.8
-73.4084 5.7488 3197 306.8
-73.3917 5.7488 3501 313.9
-73.375 5.7488 3551 313.7
-73.3583 5.7488 3485 307.1
-73.3417 5.7488 3389 295.8
-73.325 5.7488 3181 281
-73.3083 5.7488 3083 264.1
-73.2917 5.7488 2973 245.5
-73.275 5.7488 2737 226.2
-73.2584 5.7488 2607 206.5
-73.2417 5.7488 2557 187.4
-73.225 5.7488 2559 169.6
-73.2083 5.7488 2589 154.1
-73.1917 5.7488 2577 141.8
-73.175 5.7488 2537 133.6
-73.1584 5.7488 2597 129.6
-73.1417 5.7488 2663 129.8
-73.125 5.7488 2521 133.6
-73.1083 5.7488 2541 139.6
-73.0917 5.7488 2617 146.9
-73.075 5.7488 2497 153.7
-73.0583 5.7488 2585 159
-73.0417 5.7488 2645 161.8
-73.025 5.7488 2747 161.7
-73.0084 5.7488 2645 158.6
-72.9917 5.7488 2499 152.7
-72.975 5.7488 2477 145
-72.9583 5.7488 2509 136.6
-72.9417 5.7488 2499 129.3
-72.925 5.7488 2477 124.8
-74.9084 5.7322 427 -12
-74.8917 5.7322 445 -10.2
-74.875 5.7322 607 -11.1
-74.8583 5.7322 579 -14.8
-74.8417 5.7322 361 -20.2
-74.825 5.7322 407 -26.2
-74.8083 5.7322 385 -31.2
-74.7917 5.7322 301 -34.6
-74.775 5.7322 243 -36.5
-74.7584 5.7322 207 -37.7
-74.7417 5.7322 187 -39.5
-74.725 5.7322 175 -42.5
-74.7083 5.7322 173 -47.1
-74.6917 5.7322 169 -52.7
-74.675 5.7322 155 -58.2
-74.6584 5.7322 151 -62.3
-74.6417 5.7322 151 -64.3
-74.625 5.7322 155 -64
-74.6083 5.7322 161 -62.4
-74.5917 5.7322 171 -60.9
-74.575 5.7322 169 -61.3
-74.5583 5.7322 179 -64.8
-74.5417 5.7322 185 -71.4
-74.525 5.7322 187 -80.1
-74.5084 5.7322 203 -88.6
-74.4917 5.7322 219 -94.6
-74.475 5.7322 229 -95.5
-74.4583 5.7322 223 -90.2
-74.4417 5.7322 217 -79
-74.425 5.7322 229 -63.3
-74.4084 5.7322 281 -46.2
-74.3917 5.7322 421 -30
-74.375 5.7322 443 -17.8
-74.3583 5.7322 697 -10.7
-74.3417 5.7322 857 -9
-74.325 5.7322 1057 -11.7
-74.3083 5.7322 837 -16.9
-74.2917 5.7322 635 -23
-74.275 5.7322 1041 -28.4
-74.2584 5.7322 1311 -32.7
-74.2417 5.7322 1317 -35.7
-74.225 5.7322 883 -38
-74.2083 5.7322 797 -40
-74.1917 5.7322 711 -41.8
-74.175 5.7322 731 -42.9
-74.1584 5.7322 591 -42.8
-74.1417 5.7322 659 -40.6
-74.125 5.7322 729 -36.2
-74.1083 5.7322 749 -30.4
-74.0917 5.7322 753 -24.2
-74.075 5.7322 801 -20
-74.0583 5.7322 1219 -19.2
-74.0417 5.7322 1005 -22.8
-74.025 5.7322 663 -30.6
-74.0084 5.7322 581 -39.9
-73.9917 5.7322 637 -47.8
-73.975 5.7322 709 -49.6
-73.9583 5.7322 867 -41.8
-73.9417 5.7322 1107 -22.1
-73.925 5.7322 1349 9.9
-73.9084 5.7322 1645 51.4
-73.8917 5.7322 1959 98.9
-73.875 5.7322 2353 145.9
-73.8583 5.7322 2699 188.5
-73.8417 5.7322 2947 221.6
-73.825 5.7322 3105 244.2
-73.8083 5.7322 3099 256.5
-73.7917 5.7322 3139 261.1
-73.775 5.7322 2943 261.9
-73.7584 5.7322 2775 262.2
-73.7417 5.7322 2633 264.5
-73.725 5.7322 2691 269.5
-73.7083 5.7322 2893 275.7
-73.6917 5.7322 3087 280.8
-73.675 5.7322 3213 281
-73.6584 5.7322 3051 273.9
-73.6417 5.7322 3019 258.1
-73.625 5.7322 2801 234.2
-73.6083 5.7322 2413 205.5
-73.5917 5.7322 2233 175.7
-73.575 5.7322 2135 150.4
-73.5583 5.7322 2409 133.5
-73.5417 5.7322 2511 128.5
-73.525 5.7322 2523 136.6
-73.5084 5.7322 2433 156.3
-73.4917 5.7322 2451 185.3
-73.475 5.7322 2555 218.5
-73.4583 5.7322 2759 252.3
-73.4417 5.7322 3055 281.7
-73.425 5.7322 2989 304.1
-73.4084 5.7322 2853 317.6
-73.3917 5.7322 3045 321.8
-73.375 5.7322 3251 317.5
-73.3583 5.7322 3041 306.1
-73.3417 5.7322 3003 289.5
-73.325 5.7322 2999 269.1
-73.3083 5.7322 2983 246.6
-73.2917 5.7322 2919 222.8
-73.275 5.7322 2715 199
-73.2584 5.7322 2651 175.9
-73.2417 5.7322 2625 154.7
-73.225 5.7322 2601 136.4
-73.2083 5.7322 2561 122.4
-73.1917 5.7322 2589 113.2
-73.175 5.7322 2559 109.8
-73.1584 5.7322 2695 111.8
-73.1417 5.7322 2637 118.7
-73.125 5.7322 2563 129.1
-73.1083 5.7322 2591 141.1
-73.0917 5.7322 2571 153.1
-73.075 5.7322 2537 162.8
-73.0583 5.7322 2635 169.4
-73.0417 5.7322 2797 171.6
-73.025 5.7322 2963 169.6
-73.0084 5.7322 2771 163.8
-72.9917 5.7322 2741 155.3
-72.975 5.7322 2583 145.9
-72.9583 5.7322 2497 137.3
-72.9417 5.7322 2477 131.7
-72.925 5.7322 2479 131.1
-74.9084 5.7156 577 -11.1
-74.8917 5.7156 639 -11.1
-74.875 5.7156 633 -13.8
-74.8583 5.7156 593 -19
-74.8417 5.7156 403 -25.3
-74.825 5.7156 371 -31.5
-74.8083 5.7156 357 -36.1
-74.7917 5.7156 283 -38.9
-74.775 5.7156 243 -40.2
-74.7584 5.7156 217 -41
-74.7417 5.7156 185 -42.6
-74.725 5.7156 181 -45.7
-74.7083 5.7156 181 -50.3
-74.6917 5.7156 171 -55.9
-74.675 5.7156 161 -61
-74.6584 5.7156 155 -64.5
-74.6417 5.7156 151 -65.7
-74.625 5.7156 155 -64.6
-74.6083 5.7156 157 -62.7
-74.5917 5.7156 159 -61.4
-74.575 5.7156 167 -62.5
-74.5583 5.7156 173 -66.8
-74.5417 5.7156 185 -74.2
-74.525 5.7156 209 -83.1
-74.5084 5.7156 281 -90.9
-74.4917 5.7156 365 -95.1
-74.475 5.7156 237 -93.2
-74.4583 5.7156 233 -84.4
-74.4417 5.7156 207 -69.6
-74.425 5.7156 273 -50.8
-74.4084 5.7156 361 -31.7
-74.3917 5.7156 599 -15.1
-74.375 5.7156 557 -4.1
-74.3583 5.7156 683 0.2
-74.3417 5.7156 859 -1.7
-74.325 5.7156 1053 -8.6
-74.3083 5.7156 697 -17.5
-74.2917 5.7156 859 -26.4
-74.275 5.7156 1101 -33.4
-74.2584 5.7156 975 -37.7
-74.2417 5.7156 1037 -39.6
-74.225 5.7156 841 -39.6
-74.2083 5.7156 793 -38.8
-74.1917 5.7156 839 -37.8
-74.175 5.7156 619 -36.5
-74.1584 5.7156 713 -34.7
-74.1417 5.7156 947 -31.9
-74.125 5.7156 971 -28.1
-74.1083 5.7156 829 -23.8
-74.0917 5.7156 1007 -20.3
-74.075 5.7156 1233 -19.2
-74.0583 5.7156 909 -21.7
-74.0417 5.7156 553 -28.4
-74.025 5.7156 683 -38.3
-74.0084 5.7156 789 -48.7
-73.9917 5.7156 819 -56.1
-73.975 5.7156 659 -56
-73.9583 5.7156 899 -45.1
-73.9417 5.7156 1153 -21.5
-73.925 5.7156 1439 14.7
-73.9084 5.7156 1631 59.9
-73.8917 5.7156 1923 110.4
-73.875 5.7156 2287 159.3
-73.8583 5.7156 2585 202.7
-73.8417 5.7156 2861 235.8
-73.825 5.7156 3199 257.8
-73.8083 5.7156 3247 269.7
-73.7917 5.7156 3049 274.4
-73.775 5.7156 2829 275.9
-73.7584 5.7156 2667 277.4
-73.7417 5.7156 2571 281.2
-73.725 5.7156 2681 287.5
-73.7083 5.7156 2879 294.1
-73.6917 5.7156 3057 298.5
-73.675 5.7156 3249 296.5
-73.6584 5.7156 3333 286
-73.6417 5.7156 3155 266.1
-73.625 5.7156 2817 237.7
-73.6083 5.7156 2473 205
-73.5917 5.7156 2265 172.3
-73.575 5.7156 2219 145.6
-73.5583 5.7156 2249 128.9
-73.5417 5.7156 2409 125.5
-73.525 5.7156 2411 136.1
-73.5084 5.7156 2403 158.6
-73.4917 5.7156 2447 190.2
-73.475 5.7156 2583 225.2
-73.4583 5.7156 2869 259.6
-73.4417 5.7156 3225 288.5
-73.425 5.7156 3475 309.3
-73.4084 5.7156 3309 320.3
-73.3917 5.7156 3293 321.4
-73.375 5.7156 2947 313.6
-73.3583 5.7156 2955 298.4
-73.3417 5.7156 3053 277.9
-73.325 5.7156 3005 253.4
-73.3083 5.7156 2851 226.9
-73.2917 5.7156 2865 199.3
-73.275 5.7156 2799 172.3
-73.2584 5.7156 2693 146.8
-73.2417 5.7156 2599 124.6
-73.225 5.7156 2559 106.8
-73.2083 5.7156 2581 95
-73.1917 5.7156 2613 90
-73.175 5.7156 2591 92
-73.1584 5.7156 2703 100.6
-73.1417 5.7156 2737 114.1
-73.125 5.7156 2665 130.8
-73.1083 5.7156 2619 147.9
-73.0917 5.7156 2683 163.4
-73.075 5.7156 2661 174.8
-73.0583 5.7156 2755 181.1
-73.0417 5.7156 2963 181.9
-73.025 5.7156 3021 177.5
-73.0084 5.7156 2923 169.5
-72.9917 5.7156 2853 159.5
-72.975 5.7156 2677 150
-72.9583 5.7156 2537 143.1
-72.9417 5.7156 2487 141.2
-72.925 5.7156 2515 146
-74.9084 5.699 651 -9
-74.8917 5.699 601 -11.2
-74.875 5.699 559 -16.1
-74.8583 5.699 553 -23
-74.8417 5.699 379 -30.3
-74.825 5.699 413 -36.7
-74.8083 5.699 331 -41.1
-74.7917 5.699 257 -43.2
-74.775 5.699 189 -43.9
-74.7584 5.699 193 -44.3
-74.7417 5.699 173 -45.8
-74.725 5.699 181 -49.1
-74.7083 5.699 193 -53.9
-74.6917 5.699 185 -59.5
-74.675 5.699 183 -64.4
-74.6584 5.699 169 -67.5
-74.6417 5.699 155 -68.1
-74.625 5.699 155 -66.5
-74.6083 5.699 159 -64.3
-74.5917 5.699 159 -63
-74.575 5.699 177 -64.4
-74.5583 5.699 181 -69.1
-74.5417 5.699 191 -76.5
-74.525 5.699 215 -85
-74.5084 5.699 385 -91.5
-74.4917 5.699 277 -93.5
-74.475 5.699 235 -88.6
-74.4583 5.699 243 -76.5
-74.4417 5.699 239 -58.7
-74.425 5.699 299 -37.6
-74.4084 5.699 417 -17.5
-74.3917 5.699 663 -1.4
-74.375 5.699 791 7.5
-74.3583 5.699 753 8.7
-74.3417 5.699 1071 3
-74.325 5.699 887 -7.4
-74.3083 5.699 687 -19.3
-74.2917 5.699 685 -30.1
-74.275 5.699 639 -37.6
-74.2584 5.699 709 -41.1
-74.2417 5.699 893 -41
-74.225 5.699 1021 -38.5
-74.2083 5.699 935 -35.1
-74.1917 5.699 1131 -31.8
-74.175 5.699 745 -28.9
-74.1584 5.699 941 -26.5
-74.1417 5.699 1145 -24.3
-74.125 5.699 997 -22
-74.1083 5.699 921 -20
-74.0917 5.699 1361 -19.3
-74.075 5.699 1573 -21
-74.0583 5.699 1123 -26
-74.0417 5.699 645 -34.2
-74.025 5.699 845 -44.5
-74.0084 5.699 1053 -53.8
-73.9917 5.699 1105 -58.9
-73.975 5.699 835 -55.4
-73.9583 5.699 825 -40.5
-73.9417 5.699 1049 -13
-73.925 5.699 1395 26.5
-73.9084 5.699 1559 73.6
-73.8917 5.699 1891 124.6
-73.875 5.699 2341 172.5
-73.8583 5.699 2531 213.6
-73.8417 5.699 2975 243.8
-73.825 5.699 3261 262.9
-73.8083 5.699 3097 272.8
-73.7917 5.699 2935 276.3
-73.775 5.699 2757 278
-73.7584 5.699 2591 280.7
-73.7417 5.699 2581 286.2
-73.725 5.699 2669 294.1
-73.7083 5.699 2819 301.6
-73.6917 5.699 3005 305.5
-73.675 5.699 3223 302
-73.6584 5.699 3351 288.7
-73.6417 5.699 3137 265.6
-73.625 5.699 2801 234
-73.6083 5.699 2499 199
-73.5917 5.699 2315 165.2
-73.575 5.699 2137 139
-73.5583 5.699 2243 124
-73.5417 5.699 2293 123.2
-73.525 5.699 2257 136.6
-73.5084 5.699 2295 161.4
-73.4917 5.699 2411 194.5
-73.475 5.699 2653 229.6
-73.4583 5.699 3071 262.9
-73.4417 5.699 3373 289.6
-73.425 5.699 3655 307.6
-73.4084 5.699 3437 315.5
-73.3917 5.699 3157 313.5
-73.375 5.699 2967 303.1
-73.3583 5.699 2971 285.4
-73.3417 5.699 3029 262.6
-73.325 5.699 3035 236
-73.3083 5.699 2913 207.5
-73.2917 5.699 2775 177.9
-73.275 5.699 2713 149.3
-73.2584 5.699 2613 122.8
-73.2417 5.699 2571 100.8
-73.225 5.699 2561 84.6
-73.2083 5.699 2629 76.1
-73.1917 5.699 2637 75.7
-73.175 5.699 2643 83.5
-73.1584 5.699 2713 98.4
-73.1417 5.699 2797 117.8
-73.125 5.699 2727 139.6
-73.1083 5.699 2611 160.1
-73.0917 5.699 2655 177.1
-73.075 5.699 2787 188.2
-73.0583 5.699 2829 192.7
-73.0417 5.699 2973 190.9
-73.025 5.699 2811 183.8
-73.0084 5.699 2681 174
-72.9917 5.699 2673 163.7
-72.975 5.699 2515 155.8
-72.9583 5.699 2481 152.4
-72.9417 5.699 2509 155.8
-72.925 5.699 2545 167.2
-74.9084 5.6824 707 -6.2
-74.8917 5.6824 639 -10.8
-74.875 5.6824 573 -17.9
-74.8583 5.6824 513 -26.6
-74.8417 5.6824 361 -34.9
-74.825 5.6824 363 -41.6
-74.8083 5.6824 317 -45.6
-74.7917 5.6824 239 -47.1
-74.775 5.6824 207 -47.3
-74.7584 5.6824 195 -47.3
-74.7417 5.6824 177 -48.7
-74.725 5.6824 191 -52.2
-74.7083 5.6824 197 -57.3
-74.6917 5.6824 179 -63.2
-74.675 5.6824 183 -68.1
-74.6584 5.6824 173 -70.9
-74.6417 5.6824 159 -71.2
-74.625 5.6824 157 -69.3
-74.6083 5.6824 159 -66.8
-74.5917 5.6824 161 -65.4
-74.575 5.6824 167 -66.8
-74.5583 5.6824 177 -71.4
-74.5417 5.6824 189 -78.4
-74.525 5.6824 285 -85.9
-74.5084 5.6824 377 -90.6
-74.4917 5.6824 243 -90.2
-74.475 5.6824 259 -82.5
-74.4583 5.6824 283 -67.6
-74.4417 5.6824 417 -47.5
-74.425 5.6824 351 -25
-74.4084 5.6824 613 -4.9
-74.3917 5.6824 907 9.8
-74.375 5.6824 849 16.3
-74.3583 5.6824 1001 14.3
-74.3417 5.6824 1091 5.3
-74.325 5.6824 769 -8.1
-74.3083 5.6824 1005 -21.8
-74.2917 5.6824 823 -33.3
-74.275 5.6824 667 -40.2
-74.2584 5.6824 685 -42
-74.2417 5.6824 843 -39.7
-74.225 5.6824 1111 -34.7
-74.2083 5.6824 1063 -29.1
-74.1917 5.6824 1149 -24.3
-74.175 5.6824 761 -20.9
-74.1584 5.6824 959 -19.1
-74.1417 5.6824 1297 -18.3
-74.125 5.6824 1177 -18.2
-74.1083 5.6824 1137 -18.9
-74.0917 5.6824 1469 -20.7
-74.075 5.6824 1193 -24.5
-74.0583 5.6824 783 -30.6
-74.0417 5.6824 585 -38.7
-74.025 5.6824 745 -47.4
-74.0084 5.6824 847 -53.8
-73.9917 5.6824 1069 -54.9
-73.975 5.6824 1031 -46.8
-73.9583 5.6824 1071 -27.4
-73.9417 5.6824 1097 3.6
-73.925 5.6824 1291 45.1
-73.9084 5.6824 1567 92.2
-73.8917 5.6824 2037 141.1
-73.875 5.6824 2295 185.1
-73.8583 5.6824 2569 221.1
-73.8417 5.6824 3047 245.9
-73.825 5.6824 3107 260.1
-73.8083 5.6824 2907 266.2
-73.7917 5.6824 2755 267.8
-73.775 5.6824 2653 269.2
-73.7584 5.6824 2563 273
-73.7417 5.6824 2641 280.3
-73.725 5.6824 2697 289.9
-73.7083 5.6824 2869 298.5
-73.6917 5.6824 3107 302.4
-73.675 5.6824 3267 297.7
-73.6584 5.6824 3241 282.5
-73.6417 5.6824 2983 257.1
-73.625 5.6824 2675 223.8
-73.6083 5.6824 2441 188.2
-73.5917 5.6824 2239 155.1
-73.575 5.6824 2093 130.9
-73.5583 5.6824 2151 119.1
-73.5417 5.6824 2165 121.6
-73.525 5.6824 2211 138
-73.5084 5.6824 2313 164.8
-73.4917 5.6824 2407 198.2
-73.475 5.6824 2749 232.2
-73.4583 5.6824 3235 262.9
-73.4417 5.6824 3425 286.3
-73.425 5.6824 3431 300.6
-73.4084 5.6824 3105 305.2
-73.3917 5.6824 3133 300.6
-73.375 5.6824 3119 288.3
-73.3583 5.6824 3067 269.5
-73.3417 5.6824 3145 246.2
-73.325 5.6824 3051 219.2
-73.3083 5.6824 2863 190.4
-73.2917 5.6824 2777 160.5
-73.275 5.6824 2665 131.8
-73.2584 5.6824 2603 105.7
-73.2417 5.6824 2589 85
-73.225 5.6824 2621 71.4
-73.2083 5.6824 2621 66.6
-73.1917 5.6824 2641 71.2
-73.175 5.6824 2667 84.5
-73.1584 5.6824 2729 105
-73.1417 5.6824 2737 129.3
-73.125 5.6824 2771 154.4
-73.1083 5.6824 2675 176.4
-73.0917 5.6824 2669 192.8
-73.075 5.6824 2797 201.6
-73.0583 5.6824 2777 202.8
-73.0417 5.6824 2879 197.4
-73.025 5.6824 2779 187.4
-73.0084 5.6824 2565 176.2
-72.9917 5.6824 2521 166.4
-72.975 5.6824 2485 161.3
-72.9583 5.6824 2491 162.8
-72.9417 5.6824 2645 172.3
-72.925 5.6824 2591 190.5
-74.9084 5.6658 733 -3.5
-74.8917 5.6658 623 -10.4
-74.875 5.6658 617 -19.6
-74.8583 5.6658 475 -29.9
-74.8417 5.6658 377 -39
-74.825 5.6658 361 -45.8
-74.8083 5.6658 311 -49.4
-74.7917 5.6658 225 -50.2
-74.775 5.6658 201 -49.7
-74.7584 5.6658 191 -49.4
-74.7417 5.6658 203 -50.8
-74.725 5.6658 201 -54.6
-74.7083 5.6658 183 -60.1
-74.6917 5.6658 171 -66.4
-74.675 5.6658 167 -71.6
-74.6584 5.6658 163 -74.5
-74.6417 5.6658 157 -74.6
-74.625 5.6658 161 -72.5
-74.6083 5.6658 159 -69.9
-74.5917 5.6658 165 -68.3
-74.575 5.6658 183 -69.4
-74.5583 5.6658 185 -73.6
-74.5417 5.6658 211 -79.8
-74.525 5.6658 379 -85.9
-74.5084 5.6658 337 -88.7
-74.4917 5.6658 257 -85.8
-74.475 5.6658 255 -75.8
-74.4583 5.6658 349 -58.7
-74.4417 5.6658 527 -37.3
-74.425 5.6658 465 -14.5
-74.4084 5.6658 723 4.8
-74.3917 5.6658 883 17.6
-74.375 5.6658 969 21.5
-74.3583 5.6658 1129 16.5
-74.3417 5.6658 843 5.1
-74.325 5.6658 967 -10
-74.3083 5.6658 1007 -24.3
-74.2917 5.6658 655 -35.2
-74.275 5.6658 757 -40.5
-74.2584 5.6658 803 -40
-74.2417 5.6658 803 -35.3
-74.225 5.6658 1103 -28.2
-74.2083 5.6658 1225 -21.3
-74.1917 5.6658 1177 -16
-74.175 5.6658 865 -13.3
-74.1584 5.6658 933 -13.2
-74.1417 5.6658 1247 -14.7
-74.125 5.6658 1231 -17.3
-74.1083 5.6658 1347 -20.4
-74.0917 5.6658 1447 -24.1
-74.075 5.6658 1101 -28.7
-74.0583 5.6658 605 -34.3
-74.0417 5.6658 757 -40.3
-74.025 5.6658 607 -45.5
-74.0084 5.6658 679 -47.2
-73.9917 5.6658 857 -42.7
-73.975 5.6658 1127 -29.3
-73.9583 5.6658 1319 -5.4
-73.9417 5.6658 1355 28.4
-73.925 5.6658 1409 70.4
-73.9084 5.6658 1693 115.5
-73.8917 5.6658 2123 159.7
-73.875 5.6658 2353 197.3
-73.8583 5.6658 2757 225.5
-73.8417 5.6658 2997 242.7
-73.825 5.6658 2887 250.2
-73.8083 5.6658 2749 251.4
-73.7917 5.6658 2643 250.2
-73.775 5.6658 2561 250.8
-73.7584 5.6658 2591 255.5
-73.7417 5.6658 2675 264.5
-73.725 5.6658 2805 276
-73.7083 5.6658 2915 285.7
-73.6917 5.6658 3107 289.8
-73.675 5.6658 3277 284.5
-73.6584 5.6658 3059 268
-73.6417 5.6658 2765 241.6
-73.625 5.6658 2545 207.9
-73.6083 5.6658 2321 173.2
-73.5917 5.6658 2139 142.4
-73.575 5.6658 2073 121.7
-73.5583 5.6658 2181 114.1
-73.5417 5.6658 2209 120.6
-73.525 5.6658 2221 140.1
-73.5084 5.6658 2263 168.3
-73.4917 5.6658 2555 201.4
-73.475 5.6658 2701 233.2
-73.4583 5.6658 2917 260.4
-73.4417 5.6658 2943 279.7
-73.425 5.6658 2949 290
-73.4084 5.6658 2971 291.4
-73.3917 5.6658 3191 284.7
-73.375 5.6658 3225 271.5
-73.3583 5.6658 3093 253
-73.3417 5.6658 3053 230.6
-73.325 5.6658 2941 204.9
-73.3083 5.6658 2837 177.3
-73.2917 5.6658 2697 148.6
-73.275 5.6658 2621 121.2
-73.2584 5.6658 2627 96.8
-73.2417 5.6658 2657 78.4
-73.225 5.6658 2645 68
-73.2083 5.6658 2637 67.4
-73.1917 5.6658 2757 76.9
-73.175 5.6658 2697 95.2
-73.1584 5.6658 2713 120.2
-73.1417 5.6658 2759 147.6
-73.125 5.6658 2763 174.2
-73.1083 5.6658 2713 195.5
-73.0917 5.6658 2809 209.2
-73.075 5.6658 2935 214
-73.0583 5.6658 2841 210.3
-73.0417 5.6658 2733 200.5
-73.025 5.6658 2697 187.3
-73.0084 5.6658 2623 175
-72.9917 5.6658 2495 166.4
-72.975 5.6658 2489 164.8
-72.9583 5.6658 2517 171.7
-72.9417 5.6658 2771 187.5
-72.925 5.6658 2723 211.8
-74.9084 5.6492 775 -1.7
-74.8917 5.6492 567 -10.6
-74.875 5.6492 521 -21.5
-74.8583 5.6492 561 -33.1
-74.8417 5.6492 427 -42.7
-74.825 5.6492 375 -49.3
-74.8083 5.6492 299 -52.3
-74.7917 5.6492 219 -52.4
-74.775 5.6492 195 -51.3
-74.7584 5.6492 221 -50.6
-74.7417 5.6492 207 -52.1
-74.725 5.6492 195 -56.2
-74.7083 5.6492 187 -62.2
-74.6917 5.6492 175 -69
-74.675 5.6492 185 -74.6
-74.6584 5.6492 171 -77.8
-74.6417 5.6492 159 -78
-74.625 5.6492 159 -75.8
-74.6083 5.6492 161 -73.1
-74.5917 5.6492 163 -71.3
-74.575 5.6492 171 -72
-74.5583 5.6492 183 -75.6
-74.5417 5.6492 225 -80.6
-74.525 5.6492 475 -85.1
-74.5084 5.6492 349 -86
-74.4917 5.6492 235 -81.1
-74.475 5.6492 319 -69.2
-74.4583 5.6492 361 -50.8
-74.4417 5.6492 537 -28.9
-74.425 5.6492 533 -6.7
-74.4084 5.6492 567 11
-74.3917 5.6492 647 21.6
-74.375 5.6492 1007 23
-74.3583 5.6492 1037 15.8
-74.3417 5.6492 967 2.8
-74.325 5.6492 911 -12.7
-74.3083 5.6492 689 -26.2
-74.2917 5.6492 781 -35.3
-74.275 5.6492 949 -38.2
-74.2584 5.6492 887 -35.1
-74.2417 5.6492 933 -28.2
-74.225 5.6492 1255 -19.7
-74.2083 5.6492 1523 -12.5
-74.1917 5.6492 1433 -8.1
-74.175 5.6492 1079 -7.3
-74.1584 5.6492 1103 -9.7
-74.1417 5.6492 1065 -14
-74.125 5.6492 1081 -19.3
-74.1083 5.6492 1427 -24.4
-74.0917 5.6492 1393 -29.1
-74.075 5.6492 909 -33.1
-74.0583 5.6492 553 -36.5
-74.0417 5.6492 829 -38.8
-74.025 5.6492 725 -38.8
-74.0084 5.6492 949 -34.4
-73.9917 5.6492 981 -23.6
-73.975 5.6492 1247 -4.4
-73.9583 5.6492 1483 23.7
-73.9417 5.6492 1633 59.5
-73.925 5.6492 1723 100.7
-73.9084 5.6492 1913 142
-73.8917 5.6492 2145 179.8
-73.875 5.6492 2417 209.1
-73.8583 5.6492 2961 228.1
-73.8417 5.6492 3023 236.4
-73.825 5.6492 2735 236.1
-73.8083 5.6492 2611 231.8
-73.7917 5.6492 2561 227.3
-73.775 5.6492 2547 226.9
-73.7584 5.6492 2557 232.3
-73.7417 5.6492 2637 242.7
-73.725 5.6492 2791 255.8
-73.7083 5.6492 2955 266.6
-73.6917 5.6492 3153 270.9
-73.675 5.6492 3219 265.1
-73.6584 5.6492 2935 247.9
-73.6417 5.6492 2643 221.2
-73.625 5.6492 2389 188.2
-73.6083 5.6492 2243 155.4
-73.5917 5.6492 2101 128.1
-73.575 5.6492 2079 111.8
-73.5583 5.6492 2117 109
-73.5417 5.6492 2133 119.8
-73.525 5.6492 2161 142.3
-73.5084 5.6492 2311 171.6
-73.4917 5.6492 2801 203.7
-73.475 5.6492 3027 232.9
-73.4583 5.6492 3155 256.2
-73.4417 5.6492 2969 271.2
-73.425 5.6492 2975 277.7
-73.4084 5.6492 3111 276.3
-73.3917 5.6492 3229 268.3
-73.375 5.6492 3121 255.2
-73.3583 5.6492 3049 237.9
-73.3417 5.6492 3017 217.4
-73.325 5.6492 2913 194.1
-73.3083 5.6492 2761 168.8
-73.2917 5.6492 2651 142.3
-73.275 5.6492 2629 117.1
-73.2584 5.6492 2633 95.2
-73.2417 5.6492 2697 79.8
-73.225 5.6492 2655 73.1
-73.2083 5.6492 2771 76.7
-73.1917 5.6492 2877 90.7
-73.175 5.6492 2739 113.2
-73.1584 5.6492 2755 141.5
-73.1417 5.6492 2767 170.6
-73.125 5.6492 2791 196.8
-73.1083 5.6492 2851 215.7
-73.0917 5.6492 2955 225.1
-73.075 5.6492 3081 224.5
-73.0583 5.6492 2989 215.1
-73.0417 5.6492 2877 200.4
-73.025 5.6492 2641 184
-73.0084 5.6492 2521 170.7
-72.9917 5.6492 2501 163.7
-72.975 5.6492 2559 165.7
-72.9583 5.6492 2615 177.8
-72.9417 5.6492 2831 199
-72.925 5.6492 2971 228.4
-74.9084 5.6327 615 -1.7
-74.8917 5.6327 633 -12.1
-74.875 5.6327 505 -24.3
-74.8583 5.6327 567 -36.5
-74.8417 5.6327 437 -46.1
-74.825 5.6327 357 -52.2
-74.8083 5.6327 287 -54.5
-74.7917 5.6327 201 -53.7
-74.775 5.6327 235 -52
-74.7584 5.6327 223 -51.1
-74.7417 5.6327 207 -52.6
-74.725 5.6327 193 -57
-74.7083 5.6327 187 -63.6
-74.6917 5.6327 189 -70.9
-74.675 5.6327 179 -76.9
-74.6584 5.6327 167 -80.3
-74.6417 5.6327 161 -80.8
-74.625 5.6327 161 -78.7
-74.6083 5.6327 163 -75.9
-74.5917 5.6327 167 -74
-74.575 5.6327 175 -74.3
-74.5583 5.6327 183 -77
-74.5417 5.6327 293 -80.8
-74.525 5.6327 465 -83.8
-74.5084 5.6327 309 -83
-74.4917 5.6327 247 -76.4
-74.475 5.6327 301 -63.4
-74.4583 5.6327 477 -44.5
-74.4417 5.6327 667 -23.1
-74.425 5.6327 669 -2.2
-74.4084 5.6327 837 13.5
-74.3917 5.6327 717 21.6
-74.375 5.6327 1101 21
-74.3583 5.6327 965 12.4
-74.3417 5.6327 1071 -0.8
-74.325 5.6327 881 -15.4
-74.3083 5.6327 675 -27
-74.2917 5.6327 711 -33.3
-74.275 5.6327 767 -33.3
-74.2584 5.6327 899 -27.7
-74.2417 5.6327 1065 -19.1
-74.225 5.6327 1341 -10.2
-74.2083 5.6327 1539 -3.9
-74.1917 5.6327 1319 -1.6
-74.175 5.6327 1227 -3.7
-74.1584 5.6327 1181 -9.4
-74.1417 5.6327 945 -16.9
-74.125 5.6327 809 -24.6
-74.1083 5.6327 1233 -30.9
-74.0917 5.6327 1131 -35.3
-74.075 5.6327 673 -37.4
-74.0583 5.6327 645 -37.2
-74.0417 5.6327 637 -34.3
-74.025 5.6327 671 -28
-74.0084 5.6327 1071 -16.8
-73.9917 5.6327 1111 0.7
-73.975 5.6327 1413 25.4
-73.9583 5.6327 1657 57.3
-73.9417 5.6327 1927 94.1
-73.925 5.6327 2127 133.4
-73.9084 5.6327 2255 170
-73.8917 5.6327 2379 200.4
-73.875 5.6327 2757 220.6
-73.8583 5.6327 2925 229.8
-73.8417 5.6327 2861 228.9
-73.825 5.6327 2723 220.9
-73.8083 5.6327 2591 210.9
-73.7917 5.6327 2547 203.2
-73.775 5.6327 2545 201.6
-73.7584 5.6327 2581 207.4
-73.7417 5.6327 2689 219
-73.725 5.6327 2781 233.2
-73.7083 5.6327 2917 244.6
-73.6917 5.6327 3121 249
-73.675 5.6327 3047 242.7
-73.6584 5.6327 2733 225
-73.6417 5.6327 2451 198.4
-73.625 5.6327 2233 166.7
-73.6083 5.6327 2125 136.7
-73.5917 5.6327 2093 113.3
-73.575 5.6327 2099 101.8
-73.5583 5.6327 2093 103.9
-73.5417 5.6327 2133 118.8
-73.525 5.6327 2147 143.9
-73.5084 5.6327 2479 174
-73.4917 5.6327 3017 204.9
-73.475 5.6327 3115 231.3
-73.4583 5.6327 2917 250.9
-73.4417 5.6327 2997 262.1
-73.425 5.6327 3185 265.3
-73.4084 5.6327 3201 261.9
-73.3917 5.6327 3177 253.3
-73.375 5.6327 3071 241
-73.3583 5.6327 3045 225.7
-73.3417 5.6327 3023 207.9
-73.325 5.6327 2843 187.5
-73.3083 5.6327 2747 165.1
-73.2917 5.6327 2671 141.5
-73.275 5.6327 2659 119.2
-73.2584 5.6327 2669 100.3
-73.2417 5.6327 2747 88.3
-73.225 5.6327 2689 85.3
-73.2083 5.6327 2811 92.9
-73.1917 5.6327 2773 110.8
-73.175 5.6327 2717 136.4
-73.1584 5.6327 2713 166.6
-73.1417 5.6327 2735 195.8
-73.125 5.6327 2795 220.2
-73.1083 5.6327 2981 235.2
-73.0917 5.6327 3169 239.3
-73.075 5.6327 3205 232.6
-73.0583 5.6327 2917 217.3
-73.0417 5.6327 2765 197.9
-73.025 5.6327 2599 178.5
-73.0084 5.6327 2523 164.4
-72.9917 5.6327 2505 158.9
-72.975 5.6327 2601 164.1
-72.9583 5.6327 2845 180.3
-72.9417 5.6327 3015 205.7
-72.925 5.6327 3183 238.2
-74.9084 5.6161 683 -3.7
-74.8917 5.6161 569 -15.2
-74.875 5.6161 559 -27.9
-74.8583 5.6161 533 -40.1
-74.8417 5.6161 437 -49.4
-74.825 5.6161 335 -54.7
-74.8083 5.6161 273 -56.1
-74.7917 5.6161 209 -54.5
-74.775 5.6161 245 -52.3
-74.7584 5.6161 229 -51.2
-74.7417 5.6161 223 -52.8
-74.725 5.6161 205 -57.5
-74.7083 5.6161 207 -64.4
-74.6917 5.6161 201 -72.2
-74.675 5.6161 185 -78.5
-74.6584 5.6161 167 -82.2
-74.6417 5.6161 161 -82.9
-74.625 5.6161 163 -81
-74.6083 5.6161 163 -78.2
-74.5917 5.6161 175 -76.1
-74.575 5.6161 191 -75.9
-74.5583 5.6161 237 -77.8
-74.5417 5.6161 471 -80.5
-74.525 5.6161 401 -82.1
-74.5084 5.6161 301 -79.8
-74.4917 5.6161 295 -72.1
-74.475 5.6161 441 -58.5
-74.4583 5.6161 749 -39.9
-74.4417 5.6161 961 -19.6
-74.425 5.6161 1091 -0.8
-74.4084 5.6161 963 12.6
-74.3917 5.6161 871 18.5
-74.375 5.6161 1057 16.3
-74.3583 5.6161 1183 7.2
-74.3417 5.6161 975 -5.2
-74.325 5.6161 707 -17.7
-74.3083 5.6161 683 -26.3
-74.2917 5.6161 803 -29.3
-74.275 5.6161 845 -26.2
-74.2584 5.6161 875 -18.4
-74.2417 5.6161 1037 -9
-74.225 5.6161 1441 -0.7
-74.2083 5.6161 1303 3.5
-74.1917 5.6161 1107 2.6
-74.175 5.6161 953 -3.1
-74.1584 5.6161 937 -12.5
-74.1417 5.6161 955 -23
-74.125 5.6161 787 -32.6
-74.1083 5.6161 1129 -39.3
-74.0917 5.6161 795 -42.4
-74.075 5.6161 671 -41.6
-74.0583 5.6161 991 -36.8
-74.0417 5.6161 839 -28.2
-74.025 5.6161 773 -15.3
-74.0084 5.6161 973 2.7
-73.9917 5.6161 1289 26.5
-73.975 5.6161 1667 56.1
-73.9583 5.6161 1921 91
-73.9417 5.6161 2217 128.2
-73.925 5.6161 2435 165.2
-73.9084 5.6161 2557 196.7
-73.8917 5.6161 2773 219.7
-73.875 5.6161 2745 231.4
-73.8583 5.6161 2749 231.4
-73.8417 5.6161 2705 222.1
-73.825 5.6161 2595 207.1
-73.8083 5.6161 2557 192.2
-73.7917 5.6161 2547 181.6
-73.775 5.6161 2579 179
-73.7584 5.6161 2547 184.9
-73.7417 5.6161 2597 197.1
-73.725 5.6161 2671 212
-73.7083 5.6161 2819 223.5
-73.6917 5.6161 2943 227.4
-73.675 5.6161 2849 220.4
-73.6584 5.6161 2483 202.3
-73.6417 5.6161 2275 176.1
-73.625 5.6161 2115 146
-73.6083 5.6161 2117 118.8
-73.5917 5.6161 2113 99.5
-73.575 5.6161 2161 92.6
-73.5583 5.6161 2101 99.2
-73.5417 5.6161 2151 117.7
-73.525 5.6161 2285 145.1
-73.5084 5.6161 2741 175.5
-73.4917 5.6161 2835 205
-73.475 5.6161 2703 228.8
-73.4583 5.6161 2927 245
-73.4417 5.6161 3157 253
-73.425 5.6161 3149 253.8
-73.4084 5.6161 3207 249.2
-73.3917 5.6161 3095 240.7
-73.375 5.6161 3135 229.8
-73.3583 5.6161 3153 216.9
-73.3417 5.6161 2983 202
-73.325 5.6161 2805 184.8
-73.3083 5.6161 2681 165.6
-73.2917 5.6161 2661 145.2
-73.275 5.6161 2667 126
-73.2584 5.6161 2681 110.4
-73.2417 5.6161 2725 101.9
-73.225 5.6161 2781 102.6
-73.2083 5.6161 2737 113.7
-73.1917 5.6161 2669 134.6
-73.175 5.6161 2673 162.3
-73.1584 5.6161 2707 193.1
-73.1417 5.6161 2739 221.2
-73.125 5.6161 2837 242.5
-73.1083 5.6161 3041 253.1
-73.0917 5.6161 3303 251.5
-73.075 5.6161 3305 239
-73.0583 5.6161 3019 218.2
-73.0417 5.6161 2727 194.6
-73.025 5.6161 2569 172.8
-73.0084 5.6161 2595 158.3
-72.9917 5.6161 2559 154
-72.975 5.6161 2617 161.6
-72.9583 5.6161 2861 180.7
-72.9417 5.6161 3105 208.4
-72.925 5.6161 3247 242.1
-74.9084 5.5995 821 -7.9
-74.8917 5.5995 705 -19.7
-74.875 5.5995 629 -32.4
-74.8583 5.5995 537 -44
-74.8417 5.5995 407 -52.4
-74.825 5.5995 313 -56.8
-74.8083 5.5995 287 -57.4
-74.7917 5.5995 263 -55.2
-74.775 5.5995 267 -52.6
-74.7584 5.5995 249 -51.5
-74.7417 5.5995 227 -53.2
-74.725 5.5995 221 -58.2
-74.7083 5.5995 213 -65.3
-74.6917 5.5995 191 -73.2
-74.675 5.5995 179 -79.7
-74.6584 5.5995 169 -83.5
-74.6417 5.5995 163 -84.2
-74.625 5.5995 167 -82.4
-74.6083 5.5995 167 -79.6
-74.5917 5.5995 177 -77.3
-74.575 5.5995 197 -76.7
-74.5583 5.5995 367 -77.8
-74.5417 5.5995 479 -79.4
-74.525 5.5995 337 -79.7
-74.5084 5.5995 369 -76.3
-74.4917 5.5995 495 -67.9
-74.475 5.5995 581 -54.3
-74.4583 5.5995 959 -36.7
-74.4417 5.5995 1253 -18.2
-74.425 5.5995 1447 -1.6
-74.4084 5.5995 1265 9.3
-74.3917 5.5995 1199 13.2
-74.375 5.5995 1221 10
-74.3583 5.5995 1147 1.2
-74.3417 5.5995 907 -9.6
-74.325 5.5995 737 -19.1
-74.3083 5.5995 749 -24.2
-74.2917 5.5995 891 -23.5
-74.275 5.5995 945 -17.6
-74.2584 5.5995 1093 -8.1
-74.2417 5.5995 995 1.3
-74.225 5.5995 1331 7.9
-74.2083 5.5995 1379 9.1
-74.1917 5.5995 1289 4.3
-74.175 5.5995 977 -5.5
-74.1584 5.5995 817 -18.6
-74.1417 5.5995 769 -31.7
-74.125 5.5995 815 -42.5
-74.1083 5.5995 917 -49
-74.0917 5.5995 601 -50.1
-74.075 5.5995 917 -45.8
-74.0583 5.5995 1123 -36.3
-74.0417 5.5995 1073 -22.2
-74.025 5.5995 865 -3.2
-74.0084 5.5995 1029 20.6
-73.9917 5.5995 1273 49.6
-73.975 5.5995 1669 83.1
-73.9583 5.5995 2035 120.1
-73.9417 5.5995 2421 157.3
-73.925 5.5995 2589 191.8
-73.9084 5.5995 2837 218.9
-73.8917 5.5995 2807 235.9
-73.875 5.5995 2677 240.5
-73.8583 5.5995 2617 233.3
-73.8417 5.5995 2589 217.6
-73.825 5.5995 2607 197.3
-73.8083 5.5995 2625 178.7
-73.7917 5.5995 2547 166
-73.775 5.5995 2575 162.5
-73.7584 5.5995 2577 168.4
-73.7417 5.5995 2575 180.7
-73.725 5.5995 2569 195.4
-73.7083 5.5995 2669 206.3
-73.6917 5.5995 2685 209.3
-73.675 5.5995 2621 201.5
-73.6584 5.5995 2337 182.9
-73.6417 5.5995 2151 157.1
-73.625 5.5995 2143 128.6
-73.6083 5.5995 2171 104.2
-73.5917 5.5995 2211 88.6
-73.575 5.5995 2259 85.7
-73.5583 5.5995 2133 96
-73.5417 5.5995 2139 117.2
-73.525 5.5995 2337 145.9
-73.5084 5.5995 2471 176.2
-73.4917 5.5995 2535 204.2
-73.475 5.5995 2837 225.6
-73.4583 5.5995 3007 239.1
-73.4417 5.5995 3119 244.8
-73.425 5.5995 3023 244
-73.4084 5.5995 3079 239
-73.3917 5.5995 3079 231.2
-73.375 5.5995 3077 222.1
-73.3583 5.5995 3097 211.7
-73.3417 5.5995 3011 199.7
-73.325 5.5995 2731 185.7
-73.3083 5.5995 2659 169.7
-73.2917 5.5995 2711 152.5
-73.275 5.5995 2707 136.7
-73.2584 5.5995 2691 124.5
-73.2417 5.5995 2759 119.4
-73.225 5.5995 2817 123.4
-73.2083 5.5995 2691 137.3
-73.1917 5.5995 2683 160.3
-73.175 5.5995 2713 188.7
-73.1584 5.5995 2761 218.9
-73.1417 5.5995 2881 244.8
-73.125 5.5995 2919 262.5
-73.1083 5.5995 3109 268.4
-73.0917 5.5995 3343 261.8
-73.075 5.5995 3109 244.3
-73.0583 5.5995 2915 219.4
-73.0417 5.5995 2725 192.9
-73.025 5.5995 2611 169.5
-73.0084 5.5995 2807 154.9
-72.9917 5.5995 2719 151.6
-72.975 5.5995 2653 160.7
-72.9583 5.5995 2861 181.1
-72.9417 5.5995 3015 209.2
-72.925 5.5995 3187 241.9
-74.9084 5.5829 771 -13.7
-74.8917 5.5829 715 -25.3
-74.875 5.5829 603 -37.1
-74.8583 5.5829 475 -47.8
-74.8417 5.5829 345 -55.1
-74.825 5.5829 329 -58.6
-74.8083 5.5829 281 -58.4
-74.7917 5.5829 251 -55.9
-74.775 5.5829 235 -53.3
-74.7584 5.5829 223 -52.3
-74.7417 5.5829 211 -54.3
-74.725 5.5829 207 -59.5
-74.7083 5.5829 199 -66.6
-74.6917 5.5829 197 -74.4
-74.675 5.5829 179 -80.7
-74.6584 5.5829 171 -84.3
-74.6417 5.5829 165 -84.9
-74.625 5.5829 167 -83
-74.6083 5.5829 169 -80.2
-74.5917 5.5829 181 -77.7
-74.575 5.5829 215 -76.6
-74.5583 5.5829 485 -77
-74.5417 5.5829 363 -77.5
-74.525 5.5829 371 -76.7
-74.5084 5.5829 365 -72.4
-74.4917 5.5829 425 -63.6
-74.475 5.5829 773 -50.4
-74.4583 5.5829 845 -34.1
-74.4417 5.5829 977 -17.7
-74.425 5.5829 1123 -3.7
-74.4084 5.5829 989 4.8
-74.3917 5.5829 975 6.9
-74.375 5.5829 1135 3.1
-74.3583 5.5829 927 -4.8
-74.3417 5.5829 761 -13.3
-74.325 5.5829 835 -19.5
-74.3083 5.5829 837 -20.8
-74.2917 5.5829 1031 -16.5
-74.275 5.5829 1139 -8.1
-74.2584 5.5829 1339 2.3
-74.2417 5.5829 1115 11
-74.225 5.5829 1251 15.2
-74.2083 5.5829 1255 12.9
-74.1917 5.5829 1245 3.9
-74.175 5.5829 1319 -10
-74.1584 5.5829 1099 -26.4
-74.1417 5.5829 911 -41.5
-74.125 5.5829 1139 -53
-74.1083 5.5829 815 -58.6
-74.0917 5.5829 629 -57.5
-74.075 5.5829 915 -49.9
-74.0583 5.5829 873 -36.3
-74.0417 5.5829 1131 -17.7
-74.025 5.5829 1111 5.9
-74.0084 5.5829 1187 33.8
-73.9917 5.5829 1487 66.5
-73.975 5.5829 1841 102.4
-73.9583 5.5829 2201 140.6
-73.9417 5.5829 2585 177.6
-73.925 5.5829 2811 210.3
-73.9084 5.5829 2883 234.3
-73.8917 5.5829 2749 247.1
-73.875 5.5829 2695 247.1
-73.8583 5.5829 2631 235.3
-73.8417 5.5829 2625 215.5
-73.825 5.5829 2669 192.1
-73.8083 5.5829 2749 171.4
-73.7917 5.5829 2633 157.5
-73.775 5.5829 2543 153.4
-73.7584 5.5829 2551 158.8
-73.7417 5.5829 2637 170.7
-73.725 5.5829 2703 184.6
-73.7083 5.5829 2549 194.4
-73.6917 5.5829 2447 196.2
-73.675 5.5829 2305 187.5
-73.6584 5.5829 2225 168.5
-73.6417 5.5829 2127 143.4
-73.625 5.5829 2219 116.5
-73.6083 5.5829 2287 94.7
-73.5917 5.5829 2431 82.3
-73.575 5.5829 2375 82.5
-73.5583 5.5829 2231 95.4
-73.5417 5.5829 2153 118.2
-73.525 5.5829 2225 147.3
-73.5084 5.5829 2333 176.9
-73.4917 5.5829 2631 203.1
-73.475 5.5829 2937 222.4
-73.4583 5.5829 2979 233.7
-73.4417 5.5829 2845 237.8
-73.425 5.5829 3053 236.2
-73.4084 5.5829 3051 231.2
-73.3917 5.5829 3027 224.5
-73.375 5.5829 2905 217.2
-73.3583 5.5829 2945 209.2
-73.3417 5.5829 2861 199.9
-73.325 5.5829 2689 188.8
-73.3083 5.5829 2723 176
-73.2917 5.5829 2767 162.2
-73.275 5.5829 2775 149.9
-73.2584 5.5829 2739 141.3
-73.2417 5.5829 2821 139.6
-73.225 5.5829 2763 146.6
-73.2083 5.5829 2675 162.5
-73.1917 5.5829 2707 186.5
-73.175 5.5829 2767 214.5
-73.1584 5.5829 2849 242.9
-73.1417 5.5829 2987 265.8
-73.125 5.5829 3093 279.6
-73.1083 5.5829 3245 281.3
-73.0917 5.5829 3391 270.5
-73.075 5.5829 3133 249.7
-73.0583 5.5829 2863 222.3
-73.0417 5.5829 2619 194.6
-73.025 5.5829 2709 171
-73.0084 5.5829 2875 156.9
-72.9917 5.5829 2681 154.4
-72.975 5.5829 2697 164
-72.9583 5.5829 2823 184.3
-72.9417 5.5829 3045 211.1
-72.925 5.5829 3093 241.1
-74.9084 5.5663 571 -20.1
-74.8917 5.5663 637 -30.9
-74.875 5.5663 437 -41.5
-74.8583 5.5663 407 -50.8
-74.8417 5.5663 363 -57
-74.825 5.5663 283 -59.6
-74.8083 5.5663 235 -59.2
-74.7917 5.5663 233 -56.8
-74.775 5.5663 227 -54.6
-74.7584 5.5663 221 -54.1
-74.7417 5.5663 211 -56.5
-74.725 5.5663 203 -61.7
-74.7083 5.5663 189 -68.7
-74.6917 5.5663 175 -76.1
-74.675 5.5663 175 -81.8
-74.6584 5.5663 169 -84.9
-74.6417 5.5663 165 -85.1
-74.625 5.5663 169 -82.9
-74.6083 5.5663 169 -79.9
-74.5917 5.5663 189 -77.1
-74.575 5.5663 279 -75.5
-74.5583 5.5663 601 -75.1
-74.5417 5.5663 371 -74.6
-74.525 5.5663 373 -72.7
-74.5084 5.5663 385 -67.6
-74.4917 5.5663 545 -58.6
-74.475 5.5663 753 -46.1
-74.4583 5.5663 665 -31.3
-74.4417 5.5663 937 -17.2
-74.425 5.5663 773 -5.8
-74.4084 5.5663 867 0.4
-74.3917 5.5663 1015 1
-74.375 5.5663 1191 -3.1
-74.3583 5.5663 863 -9.8
-74.3417 5.5663 849 -15.8
-74.325 5.5663 863 -18.5
-74.3083 5.5663 1037 -16.2
-74.2917 5.5663 1055 -8.9
-74.275 5.5663 1449 1.5
-74.2584 5.5663 1627 12.2
-74.2417 5.5663 1405 19.5
-74.225 5.5663 1307 21
-74.2083 5.5663 1273 15
-74.1917 5.5663 1361 2.1
-74.175 5.5663 1357 -15.2
-74.1584 5.5663 1245 -34.1
-74.1417 5.5663 1129 -50.6
-74.125 5.5663 825 -62.1
-74.1083 5.5663 625 -66.5
-74.0917 5.5663 627 -63.4
-74.075 5.5663 671 -53.4
-74.0583 5.5663 915 -37.1
-74.0417 5.5663 1111 -16
-74.025 5.5663 1021 9.8
-74.0084 5.5663 1313 39.7
-73.9917 5.5663 1585 73.7
-73.975 5.5663 1955 110.6
-73.9583 5.5663 2355 149.1
-73.9417 5.5663 2781 185.7
-73.925 5.5663 2893 217.7
-73.9084 5.5663 2825 240.4
-73.8917 5.5663 2751 251.7
-73.875 5.5663 2777 250.1
-73.8583 5.5663 2645 236.8
-73.8417 5.5663 2663 215.9
-73.825 5.5663 2589 191.7
-73.8083 5.5663 2685 170.6
-73.7917 5.5663 2583 156.4
-73.775 5.5663 2545 151.9
-73.7584 5.5663 2549 156.7
-73.7417 5.5663 2599 167.5
-73.725 5.5663 2701 180.1
-73.7083 5.5663 2437 188.5
-73.6917 5.5663 2259 189
-73.675 5.5663 2231 179.6
-73.6584 5.5663 2143 160.7
-73.6417 5.5663 2155 136.7
-73.625 5.5663 2285 111.8
-73.6083 5.5663 2317 92.4
-73.5917 5.5663 2399 82.6
-73.575 5.5663 2429 85
-73.5583 5.5663 2371 99.3
-73.5417 5.5663 2219 122.5
-73.525 5.5663 2365 150.9
-73.5084 5.5663 2555 178.8
-73.4917 5.5663 2653 202.9
-73.475 5.5663 2805 220
-73.4583 5.5663 2709 229.5
-73.4417 5.5663 2801 232.3
-73.425 5.5663 3037 230.3
-73.4084 5.5663 3007 225.7
-73.3917 5.5663 2895 220.1
-73.375 5.5663 2831 214.3
-73.3583 5.5663 2841 208.3
-73.3417 5.5663 2711 201.4
-73.325 5.5663 2719 193.2
-73.3083 5.5663 2809 183.5
-73.2917 5.5663 2853 173.4
-73.275 5.5663 2881 164.8
-73.2584 5.5663 2811 160
-73.2417 5.5663 2799 161.7
-73.225 5.5663 2713 171.1
-73.2083 5.5663 2725 188.4
-73.1917 5.5663 2741 212.1
-73.175 5.5663 2867 238.5
-73.1584 5.5663 2985 264
-73.1417 5.5663 3107 283.3
-73.125 5.5663 3247 293.3
-73.1083 5.5663 3393 291.6
-73.0917 5.5663 3287 278.4
-73.075 5.5663 2985 256.2
-73.0583 5.5663 2763 228.7
-73.0417 5.5663 2697 201.7
-73.025 5.5663 2935 179.4
-73.0084 5.5663 2853 166.6
-72.9917 5.5663 2709 164.8
-72.975 5.5663 2909 174.2
-72.9583 5.5663 2999 193
-72.9417 5.5663 3029 217.2
-72.925 5.5663 3015 243.3
-74.9084 5.5497 561 -26.2
-74.8917 5.5497 525 -35.7
-74.875 5.5497 547 -44.8
-74.8583 5.5497 431 -52.6
-74.8417 5.5497 323 -57.7
-74.825 5.5497 253 -59.8
-74.8083 5.5497 233 -59.5
-74.7917 5.5497 227 -57.7
-74.775 5.5497 217 -56.3
-74.7584 5.5497 197 -56.6
-74.7417 5.5497 199 -59.6
-74.725 5.5497 207 -64.9
-74.7083 5.5497 205 -71.6
-74.6917 5.5497 179 -78.2
-74.675 5.5497 171 -83.1
-74.6584 5.5497 171 -85.4
-74.6417 5.5497 165 -84.9
-74.625 5.5497 171 -82.3
-74.6083 5.5497 179 -78.9
-74.5917 5.5497 223 -75.7
-74.575 5.5497 315 -73.6
-74.5583 5.5497 569 -72.3
-74.5417 5.5497 315 -70.8
-74.525 5.5497 327 -67.8
-74.5084 5.5497 393 -62
-74.4917 5.5497 585 -52.8
-74.475 5.5497 651 -41
-74.4583 5.5497 645 -27.8
-74.4417 5.5497 699 -15.8
-74.425 5.5497 845 -6.9
-74.4084 5.5497 907 -2.8
-74.3917 5.5497 1085 -3.6
-74.375 5.5497 1173 -7.9
-74.3583 5.5497 815 -13.3
-74.3417 5.5497 839 -16.9
-74.325 5.5497 897 -16.5
-74.3083 5.5497 1119 -11
-74.2917 5.5497 1323 -1.1
-74.275 5.5497 1547 10.6
-74.2584 5.5497 1497 21.2
-74.2417 5.5497 1469 26.9
-74.225 5.5497 1541 25.5
-74.2083 5.5497 1445 16.3
-74.1917 5.5497 1323 0.2
-74.175 5.5497 973 -19.6
-74.1584 5.5497 873 -40.1
-74.1417 5.5497 907 -57
-74.125 5.5497 655 -67.9
-74.1083 5.5497 819 -71.2
-74.0917 5.5497 899 -66.7
-74.075 5.5497 665 -55.4
-74.0583 5.5497 969 -38.3
-74.0417 5.5497 847 -16.9
-74.025 5.5497 1073 8.7
-74.0084 5.5497 1269 37.9
-73.9917 5.5497 1613 71.2
-73.975 5.5497 1921 107.3
-73.9583 5.5497 2319 145.3
-73.9417 5.5497 2609 181.8
-73.925 5.5497 2659 214
-73.9084 5.5497 2757 237.4
-73.8917 5.5497 2819 249.6
-73.875 5.5497 2753 249.3
-73.8583 5.5497 2763 237.5
-73.8417 5.5497 2753 218
-73.825 5.5497 2631 195.1
-73.8083 5.5497 2559 174.9
-73.7917 5.5497 2543 161
-73.775 5.5497 2543 156.1
-73.7584 5.5497 2545 160
-73.7417 5.5497 2659 169.3
-73.725 5.5497 2749 180.2
-73.7083 5.5497 2505 187.1
-73.6917 5.5497 2301 186.7
-73.675 5.5497 2275 177.3
-73.6584 5.5497 2317 159.4
-73.6417 5.5497 2191 137.2
-73.625 5.5497 2191 114.8
-73.6083 5.5497 2221 98.1
-73.5917 5.5497 2329 90.6
-73.575 5.5497 2447 94.3
-73.5583 5.5497 2525 109
-73.5417 5.5497 2509 131.3
-73.525 5.5497 2497 157.8
-73.5084 5.5497 2643 183.3
-73.4917 5.5497 2629 204.7
-73.475 5.5497 2617 219.3
-73.4583 5.5497 2635 226.9
-73.4417 5.5497 2805 228.5
-73.425 5.5497 3139 226
-73.4084 5.5497 3015 221.6
-73.3917 5.5497 2899 216.7
-73.375 5.5497 2839 212.1
-73.3583 5.5497 2717 207.6
-73.3417 5.5497 2705 202.8
-73.325 5.5497 2815 197.3
-73.3083 5.5497 2873 191
-73.2917 5.5497 2917 184.7
-73.275 5.5497 2953 180.4
-73.2584 5.5497 2943 179.7
-73.2417 5.5497 2827 184.7
-73.225 5.5497 2759 196.3
-73.2083 5.5497 2797 214
-73.1917 5.5497 2831 236.6
-73.175 5.5497 2943 260.2
-73.1584 5.5497 3113 281.9
-73.1417 5.5497 3239 297.2
-73.125 5.5497 3457 303.7
-73.1083 5.5497 3487 299.6
-73.0917 5.5497 3269 285.6
-73.075 5.5497 2951 264.3
-73.0583 5.5497 2689 238.9
-73.0417 5.5497 2883 214.6
-73.025 5.5497 3013 195.2
-73.0084 5.5497 2809 184.4
-72.9917 5.5497 2891 183.4
-72.975 5.5497 3077 192.1
-72.9583 5.5497 3075 208.5
-72.9417 5.5497 3045 229
-72.925 5.5497 3015 250.6
-74.9084 5.5331 587 -30.8
-74.8917 5.5331 613 -38.8
-74.875 5.5331 563 -46.3
-74.8583 5.5331 409 -52.7
-74.8417 5.5331 295 -57
-74.825 5.5331 223 -58.9
-74.8083 5.5331 211 -59.1
-74.7917 5.5331 211 -58.4
-74.775 5.5331 211 -58.3
-74.7584 5.5331 197 -59.8
-74.7417 5.5331 189 -63.4
-74.725 5.5331 191 -68.9
-74.7083 5.5331 179 -75.1
-74.6917 5.5331 175 -80.8
-74.675 5.5331 167 -84.6
-74.6584 5.5331 167 -85.8
-74.6417 5.5331 171 -84.4
-74.625 5.5331 177 -81.2
-74.6083 5.5331 193 -77.3
-74.5917 5.5331 227 -73.7
-74.575 5.5331 371 -71
-74.5583 5.5331 477 -68.8
-74.5417 5.5331 357 -66.2
-74.525 5.5331 533 -62.1
-74.5084 5.5331 491 -55.5
-74.4917 5.5331 663 -46.1
-74.475 5.5331 827 -34.8
-74.4583 5.5331 1085 -22.9
-74.4417 5.5331 735 -12.9
-74.425 5.5331 869 -6.3
-74.4084 5.5331 1119 -4.2
-74.3917 5.5331 1373 -6.2
-74.375 5.5331 1101 -10.5
-74.3583 5.5331 871 -14.9
-74.3417 5.5331 833 -16.4
-74.325 5.5331 885 -13.5
-74.3083 5.5331 979 -5.6
-74.2917 5.5331 1131 6.2
-74.275 5.5331 1165 18.5
-74.2584 5.5331 1355 28.6
-74.2417 5.5331 1541 32.7
-74.225 5.5331 1313 29.1
-74.2083 5.5331 1325 17.5
-74.1917 5.5331 1287 -0.7
-74.175 5.5331 1303 -21.7
-74.1584 5.5331 1011 -42.5
-74.1417 5.5331 735 -58.8
-74.125 5.5331 655 -68.7
-74.1083 5.5331 793 -70.9
-74.0917 5.5331 1059 -65.8
-74.075 5.5331 823 -54.8
-74.0583 5.5331 669 -39
-74.0417 5.5331 967 -19.7
-74.025 5.5331 1401 2.9
-74.0084 5.5331 1531 29.1
-73.9917 5.5331 1915 59.5
-73.975 5.5331 2093 93.4
-73.9583 5.5331 2209 130.3
-73.9417 5.5331 2337 166.8
-73.925 5.5331 2523 200.3
-73.9084 5.5331 2829 226.1
-73.8917 5.5331 2801 241.6
-73.875 5.5331 2819 245.1
-73.8583 5.5331 2893 237.2
-73.8417 5.5331 2689 221.2
-73.825 5.5331 2561 201.1
-73.8083 5.5331 2543 182.6
-73.7917 5.5331 2543 169.3
-73.775 5.5331 2543 163.9
-73.7584 5.5331 2549 166.3
-73.7417 5.5331 2577 173.8
-73.725 5.5331 2711 182.9
-73.7083 5.5331 2549 188.6
-73.6917 5.5331 2545 188.1
-73.675 5.5331 2515 179.7
-73.6584 5.5331 2445 164.2
-73.6417 5.5331 2251 145.1
-73.625 5.5331 2271 126.2
-73.6083 5.5331 2221 112.5
-73.5917 5.5331 2411 107.2
-73.575 5.5331 2601 111.8
-73.5583 5.5331 2691 125.7
-73.5417 5.5331 2719 146
-73.525 5.5331 2647 169.4
-73.5084 5.5331 2641 191.4
-73.4917 5.5331 2589 209.3
-73.475 5.5331 2641 221
-73.4583 5.5331 2749 226.3
-73.4417 5.5331 2875 226.4
-73.425 5.5331 3143 223
-73.4084 5.5331 3045 218.3
-73.3917 5.5331 2955 213.4
-73.375 5.5331 2929 209.2
-73.3583 5.5331 2737 205.7
-73.3417 5.5331 2741 202.6
-73.325 5.5331 2839 199.7
-73.3083 5.5331 2887 197
-73.2917 5.5331 3051 195.1
-73.275 5.5331 3055 195.5
-73.2584 5.5331 2951 199.2
-73.2417 5.5331 2797 207.6
-73.225 5.5331 2819 221
-73.2083 5.5331 2861 238.5
-73.1917 5.5331 2975 258.8
-73.175 5.5331 3125 278.7
-73.1584 5.5331 3231 295.8
-73.1417 5.5331 3383 306.8
-73.125 5.5331 3609 310.2
-73.1083 5.5331 3599 305
-73.0917 5.5331 3193 292
-73.075 5.5331 2865 273.7
-73.0583 5.5331 2771 252.8
-73.0417 5.5331 2987 233.3
-73.025 5.5331 2909 218.2
-73.0084 5.5331 2985 210.1
-72.9917 5.5331 3069 210.1
-72.975 5.5331 3123 217.5
-72.9583 5.5331 3093 231.1
-72.9417 5.5331 3027 247.5
-72.925 5.5331 3015 264.5
-74.9084 5.5165 595 -33.5
-74.8917 5.5165 617 -39.9
-74.875 5.5165 541 -45.9
-74.8583 5.5165 393 -51.1
-74.8417 5.5165 293 -54.8
-74.825 5.5165 215 -57
-74.8083 5.5165 203 -58
-74.7917 5.5165 199 -58.8
-74.775 5.5165 193 -60.2
-74.7584 5.5165 189 -63
-74.7417 5.5165 191 -67.4
-74.725 5.5165 189 -73
-74.7083 5.5165 177 -78.6
-74.6917 5.5165 173 -83.3
-74.675 5.5165 169 -85.9
-74.6584 5.5165 167 -85.9
-74.6417 5.5165 175 -83.6
-74.625 5.5165 191 -79.7
-74.6083 5.5165 203 -75.4
-74.5917 5.5165 271 -71.4
-74.575 5.5165 501 -68
-74.5583 5.5165 405 -65
-74.5417 5.5165 605 -61.4
-74.525 5.5165 893 -56.1
-74.5084 5.5165 567 -48.6
-74.4917 5.5165 623 -38.8
-74.475 5.5165 949 -27.8
-74.4583 5.5165 1281 -17
-74.4417 5.5165 849 -8.7
-74.425 5.5165 1021 -3.9
-74.4084 5.5165 1095 -3.5
-74.3917 5.5165 1349 -6.5
-74.375 5.5165 987 -11
-74.3583 5.5165 919 -14.6
-74.3417 5.5165 995 -14.7
-74.325 5.5165 939 -9.9
-74.3083 5.5165 1211 -0.3
-74.2917 5.5165 1261 12.5
-74.275 5.5165 1165 25
-74.2584 5.5165 1401 34.3
-74.2417 5.5165 1495 37
-74.225 5.5165 1253 31.7
-74.2083 5.5165 1245 18.7
-74.1917 5.5165 985 -0.2
-74.175 5.5165 1247 -21.1
-74.1584 5.5165 1319 -40.9
-74.1417 5.5165 885 -55.7
-74.125 5.5165 729 -64
-74.1083 5.5165 1049 -65.3
-74.0917 5.5165 1251 -60.3
-74.075 5.5165 895 -50.7
-74.0583 5.5165 609 -37.9
-74.0417 5.5165 845 -22.7
-74.025 5.5165 1303 -5
-74.0084 5.5165 1527 16.3
-73.9917 5.5165 1967 42.2
-73.975 5.5165 1885 72.9
-73.9583 5.5165 2041 108.1
-73.9417 5.5165 2211 144.9
-73.925 5.5165 2419 180.5
-73.9084 5.5165 2907 209.9
-73.8917 5.5165 2919 230.3
-73.875 5.5165 2809 239.2
-73.8583 5.5165 2667 236.6
-73.8417 5.5165 2583 225.3
-73.825 5.5165 2543 208.6
-73.8083 5.5165 2547 192
-73.7917 5.5165 2547 179
-73.775 5.5165 2541 172.6
-73.7584 5.5165 2593 173
-73.7417 5.5165 2653 178.4
-73.725 5.5165 2617 185.8
-73.7083 5.5165 2625 191
-73.6917 5.5165 2737 191.3
-73.675 5.5165 2713 185.4
-73.6584 5.5165 2541 173.7
-73.6417 5.5165 2413 159.1
-73.625 5.5165 2393 144.7
-73.6083 5.5165 2323 134.7
-73.5917 5.5165 2325 131.6
-73.575 5.5165 2527 136.6
-73.5583 5.5165 2785 149.1
-73.5417 5.5165 2877 166.4
-73.525 5.5165 2755 185.7
-73.5084 5.5165 2689 203.3
-73.4917 5.5165 2587 217
-73.475 5.5165 2663 225
-73.4583 5.5165 2797 227.5
-73.4417 5.5165 3035 225.5
-73.425 5.5165 3051 220.6
-73.4084 5.5165 3117 214.7
-73.3917 5.5165 3069 209
-73.375 5.5165 2881 204.5
-73.3583 5.5165 2757 201.4
-73.3417 5.5165 2831 199.7
-73.325 5.5165 2815 199.3
-73.3083 5.5165 2931 200.4
-73.2917 5.5165 3039 203.3
-73.275 5.5165 3043 208.7
-73.2584 5.5165 2883 217.2
-73.2417 5.5165 2765 228.9
-73.225 5.5165 2837 243.7
-73.2083 5.5165 2907 260.3
-73.1917 5.5165 3045 277.5
-73.175 5.5165 3223 292.9
-73.1584 5.5165 3403 304.9
-73.1417 5.5165 3565 311.7
-73.125 5.5165 3683 312.5
-73.1083 5.5165 3393 307.4
-73.0917 5.5165 2979 297.1
-73.075 5.5165 2865 283.7
-73.0583 5.5165 2973 269.1
-73.0417 5.5165 3133 255.9
-73.025 5.5165 3029 246.1
-73.0084 5.5165 3155 241.4
-72.9917 5.5165 3177 242.2
-72.975 5.5165 3077 248.3
-72.9583 5.5165 3015 258.6
-72.9417 5.5165 3015 270.9
-72.925 5.5165 3029 283.5
-74.9084 5.5 579 -34
-74.8917 5.5 621 -39.1
-74.875 5.5 513 -43.8
-74.8583 5.5 347 -48.1
-74.8417 5.5 283 -51.5
-74.825 5.5 201 -54.1
-74.8083 5.5 203 -56.4
-74.7917 5.5 195 -58.7
-74.775 5.5 197 -61.7
-74.7584 5.5 193 -65.9
-74.7417 5.5 197 -71.1
-74.725 5.5 195 -76.7
-74.7083 5.5 183 -81.8
-74.6917 5.5 177 -85.4
-74.675 5.5 169 -86.7
-74.6584 5.5 171 -85.6
-74.6417 5.5 187 -82.4
-74.625 5.5 193 -78
-74.6083 5.5 245 -73.4
-74.5917 5.5 309 -69
-74.575 5.5 389 -65.3
-74.5583 5.5 559 -61.5
-74.5417 5.5 935 -56.9
-74.525 5.5 981 -50.6
-74.5084 5.5 629 -42.1
-74.4917 5.5 579 -31.6
-74.475 5.5 1217 -20.7
-74.4583 5.5 1283 -10.5
-74.4417 5.5 931 -3.4
-74.425 5.5 1295 -0.1
-74.4084 5.5 1305 -0.9
-74.3917 5.5 1349 -4.9
-74.375 5.5 951 -9.6
-74.3583 5.5 977 -12.8
-74.3417 5.5 1173 -12
-74.325 5.5 937 -6.1
-74.3083 5.5 1057 4.1
-74.2917 5.5 1247 17.1
-74.275 5.5 1335 29.3
-74.2584 5.5 1659 37.7
-74.2417 5.5 1509 39.3
-74.225 5.5 1621 33.1
-74.2083 5.5 1755 19.9
-74.1917 5.5 1101 1.6
-74.175 5.5 967 -17.7
-74.1584 5.5 1131 -35.2
-74.1417 5.5 707 -47.7
-74.125 5.5 975 -53.9
-74.1083 5.5 1359 -54.2
-74.0917 5.5 1317 -49.7
-74.075 5.5 933 -42.5
-74.0583 5.5 699 -33.7
-74.0417 5.5 701 -23.8
-74.025 5.5 991 -12.1
-74.0084 5.5 1363 3.1
-73.9917 5.5 1627 23.7
-73.975 5.5 1701 50.7
-73.9583 5.5 1897 84.2
-73.9417 5.5 2109 121.3
-73.925 5.5 2429 159.4
-73.9084 5.5 2915 193
-73.8917 5.5 3021 218.9
-73.875 5.5 2809 233.7
-73.8583 5.5 2589 236.9
-73.8417 5.5 2553 230.2
-73.825 5.5 2543 216.7
-73.8083 5.5 2541 201.5
-73.7917 5.5 2543 188.1
-73.775 5.5 2543 180
-73.7584 5.5 2667 178
-73.7417 5.5 2567 181
-73.725 5.5 2543 187
-73.7083 5.5 2569 192.3
-73.6917 5.5 2691 194.8
-73.675 5.5 2657 192.7
-73.6584 5.5 2593 186.4
-73.6417 5.5 2615 177.6
-73.625 5.5 2629 168.8
-73.6083 5.5 2549 163.2
-73.5917 5.5 2407 162.5
-73.575 5.5 2583 167.6
-73.5583 5.5 2805 178.1
-73.5417 5.5 3073 191.6
-73.525 5.5 2933 206
-73.5084 5.5 2737 218.4
-73.4917 5.5 2593 227.1
-73.475 5.5 2701 230.9
-73.4583 5.5 2903 229.9
-73.4417 5.5 2911 225.1
-73.425 5.5 3081 217.9
-73.4084 5.5 3047 210.1
-73.3917 5.5 2997 202.8
-73.375 5.5 2823 197.3
-73.3583 5.5 2861 193.9
-73.3417 5.5 2817 193.2
-73.325 5.5 2879 195.2
-73.3083 5.5 2963 200.2
-73.2917 5.5 2965 208.1
-73.275 5.5 2931 218.7
-73.2584 5.5 2827 231.9
-73.2417 5.5 2877 246.8
-73.225 5.5 3045 262.5
-73.2083 5.5 3115 277.5
-73.1917 5.5 3113 290.8
-73.175 5.5 3291 301.2
-73.1584 5.5 3509 307.9
-73.1417 5.5 3697 310.7
-73.125 5.5 3529 309.8
-73.1083 5.5 3189 305.9
-73.0917 5.5 2999 299.9
-73.075 5.5 3179 292.9
-73.0583 5.5 3295 286
-73.0417 5.5 3301 280.2
-73.025 5.5 3105 276.4
-73.0084 5.5 3167 275.1
-72.9917 5.5 3267 276.7
-72.975 5.5 3113 281.1
-72.9583 5.5 3033 288
-72.9417 5.5 3017 296.3
-72.925 5.5 3045 305.2
-74.9084 5.4834 559 -32.8
-74.8917 5.4834 653 -36.9
-74.875 5.4834 473 -40.7
-74.8583 5.4834 347 -44.4
-74.8417 5.4834 257 -47.8
-74.825 5.4834 197 -51
-74.8083 5.4834 211 -54.4
-74.7917 5.4834 217 -58.2
-74.775 5.4834 213 -62.8
-74.7584 5.4834 225 -68.2
-74.7417 5.4834 225 -74
-74.725 5.4834 199 -79.6
-74.7083 5.4834 185 -84.1
-74.6917 5.4834 179 -86.7
-74.675 5.4834 173 -86.8
-74.6584 5.4834 169 -84.7
-74.6417 5.4834 179 -80.9
-74.625 5.4834 195 -76.1
-74.6083 5.4834 297 -71.3
-74.5917 5.4834 333 -67
-74.575 5.4834 717 -63.1
-74.5583 5.4834 1025 -58.9
-74.5417 5.4834 1163 -53.5
-74.525 5.4834 871 -46.1
-74.5084 5.4834 719 -36.7
-74.4917 5.4834 693 -25.5
-74.475 5.4834 1197 -14.3
-74.4583 5.4834 1143 -4.4
-74.4417 5.4834 1049 2
-74.425 5.4834 1379 4.4
-74.4084 5.4834 1617 2.7
-74.3917 5.4834 1155 -1.9
-74.375 5.4834 965 -6.9
-74.3583 5.4834 1211 -10
-74.3417 5.4834 1143 -8.9
-74.325 5.4834 1051 -2.9
-74.3083 5.4834 1037 7.3
-74.2917 5.4834 1113 19.8
-74.275 5.4834 1381 31.1
-74.2584 5.4834 1663 38.4
-74.2417 5.4834 1765 39.2
-74.225 5.4834 1835 32.8
-74.2083 5.4834 1681 20.2
-74.1917 5.4834 1259 3.7
-74.175 5.4834 799 -13
-74.1584 5.4834 849 -27.2
-74.1417 5.4834 933 -36.4
-74.125 5.4834 1459 -40.2
-74.1083 5.4834 1319 -39.3
-74.0917 5.4834 955 -35.3
-74.075 5.4834 897 -30.5
-74.0583 5.4834 1019 -25.8
-74.0417 5.4834 867 -21.5
-74.025 5.4834 831 -16
-74.0084 5.4834 1101 -6.7
-73.9917 5.4834 1239 8.7
-73.975 5.4834 1483 32.1
-73.9583 5.4834 1797 63.8
-73.9417 5.4834 2087 101.4
-73.925 5.4834 2461 141.9
-73.9084 5.4834 2873 179.6
-73.8917 5.4834 2867 210.7
-73.875 5.4834 2647 230.9
-73.8583 5.4834 2573 239.1
-73.8417 5.4834 2637 236.3
-73.825 5.4834 2585 225.1
-73.8083 5.4834 2543 210.3
-73.7917 5.4834 2541 195.7
-73.775 5.4834 2541 185.2
-73.7584 5.4834 2555 180.2
-73.7417 5.4834 2541 180.9
-73.725 5.4834 2541 185.7
-73.7083 5.4834 2549 192
-73.6917 5.4834 2663 197.5
-73.675 5.4834 2829 200.5
-73.6584 5.4834 2743 200.7
-73.6417 5.4834 2817 198.8
-73.625 5.4834 2851 196.4
-73.6083 5.4834 2651 195.4
-73.5917 5.4834 2569 197.1
-73.575 5.4834 2727 202.1
-73.5583 5.4834 3015 210
-73.5417 5.4834 2983 219.2
-73.525 5.4834 2737 228.2
-73.5084 5.4834 2621 234.9
-73.4917 5.4834 2665 238.1
-73.475 5.4834 2779 237.2
-73.4583 5.4834 2857 232.3
-73.4417 5.4834 2907 224.3
-73.425 5.4834 3037 214.2
-73.4084 5.4834 2921 203.9
-73.3917 5.4834 2895 194.4
-73.375 5.4834 2893 187.2
-73.3583 5.4834 2929 183.1
-73.3417 5.4834 2917 183.1
-73.325 5.4834 2893 187.4
-73.3083 5.4834 2947 196
-73.2917 5.4834 2861 208.8
-73.275 5.4834 2865 224.4
-73.2584 5.4834 2947 242
-73.2417 5.4834 3083 259.5
-73.225 5.4834 3233 275.5
-73.2083 5.4834 3287 288.3
-73.1917 5.4834 3275 297.4
-73.175 5.4834 3409 302.4
-73.1584 5.4834 3559 304
-73.1417 5.4834 3597 303.4
-73.125 5.4834 3351 301.6
-73.1083 5.4834 3197 300
-73.0917 5.4834 3215 299.4
-73.075 5.4834 3315 300
-73.0583 5.4834 3423 301.6
-73.0417 5.4834 3295 303.7
-73.025 5.4834 3179 305.9
-73.0084 5.4834 3223 307.9
-72.9917 5.4834 3319 309.8
-72.975 5.4834 3251 312.2
-72.9583 5.4834 3239 315.4
-72.9417 5.4834 3095 320
-72.925 5.4834 3075 325.7
-74.9084 5.4668 643 -30.6
-74.8917 5.4668 625 -34.2
-74.875 5.4668 471 -37.5
-74.8583 5.4668 349 -41
-74.8417 5.4668 245 -44.5
-74.825 5.4668 217 -48.4
-74.8083 5.4668 227 -52.7
-74.7917 5.4668 237 -57.7
-74.775 5.4668 225 -63.3
-74.7584 5.4668 247 -69.6
-74.7417 5.4668 225 -75.8
-74.725 5.4668 197 -81.3
-74.7083 5.4668 191 -85.2
-74.6917 5.4668 191 -86.8
-74.675 5.4668 189 -86
-74.6584 5.4668 173 -83.1
-74.6417 5.4668 183 -78.9
-74.625 5.4668 225 -74.1
-74.6083 5.4668 307 -69.6
-74.5917 5.4668 435 -65.6
-74.575 5.4668 861 -61.8
-74.5583 5.4668 1151 -57.5
-74.5417 5.4668 943 -51.6
-74.525 5.4668 725 -43.6
-74.5084 5.4668 801 -33.3
-74.4917 5.4668 775 -21.4
-74.475 5.4668 849 -9.7
-74.4583 5.4668 991 0.3
-74.4417 5.4668 1233 6.7
-74.425 5.4668 1605 8.7
-74.4084 5.4668 1533 6.5
-74.3917 5.4668 1131 1.6
-74.375 5.4668 1089 -3.6
-74.3583 5.4668 1053 -6.9
-74.3417 5.4668 1195 -6.1
-74.325 5.4668 1263 -0.5
-74.3083 5.4668 1291 8.7
-74.2917 5.4668 1423 20
-74.275 5.4668 1373 29.8
-74.2584 5.4668 1647 35.9
-74.2417 5.4668 1961 36
-74.225 5.4668 1733 29.7
-74.2083 5.4668 1311 18.5
-74.1917 5.4668 985 4.6
-74.175 5.4668 685 -8.6
-74.1584 5.4668 1033 -18.9
-74.1417 5.4668 1299 -24.3
-74.125 5.4668 1599 -25
-74.1083 5.4668 1509 -22.5
-74.0917 5.4668 1123 -18.5
-74.075 5.4668 1405 -15.5
-74.0583 5.4668 1283 -14.2
-74.0417 5.4668 983 -14.3
-74.025 5.4668 899 -13.9
-74.0084 5.4668 927 -9.5
-73.9917 5.4668 1155 1.7
-73.975 5.4668 1455 22.2
-73.9583 5.4668 1775 52.6
-73.9417 5.4668 2167 90.5
-73.925 5.4668 2617 132.9
-73.9084 5.4668 2927 173.8
-73.8917 5.4668 3001 208.7
-73.875 5.4668 2885 232.9
-73.8583 5.4668 2909 244.6
-73.8417 5.4668 2911 244.1
-73.825 5.4668 2655 233.7
-73.8083 5.4668 2557 218.1
-73.7917 5.4668 2563 201.2
-73.775 5.4668 2613 187.6
-73.7584 5.4668 2537 179.5
-73.7417 5.4668 2543 177.9
-73.725 5.4668 2539 182
-73.7083 5.4668 2563 189.7
-73.6917 5.4668 2707 199.1
-73.675 5.4668 2963 207.9
-73.6584 5.4668 2943 215.2
-73.6417 5.4668 2975 220.6
-73.625 5.4668 2807 224.6
-73.6083 5.4668 2717 228.1
-73.5917 5.4668 2755 232
-73.575 5.4668 2943 236.4
-73.5583 5.4668 3159 241.3
-73.5417 5.4668 3121 245.8
-73.525 5.4668 2833 249
-73.5084 5.4668 2837 249.9
-73.4917 5.4668 2943 247.6
-73.475 5.4668 2911 242
-73.4583 5.4668 2839 233.1
-73.4417 5.4668 2813 221.7
-73.425 5.4668 2905 208.6
-73.4084 5.4668 2789 195.5
-73.3917 5.4668 2795 183.5
-73.375 5.4668 2809 174.4
-73.3583 5.4668 2751 169.4
-73.3417 5.4668 2705 169.8
-73.325 5.4668 2755 176
-73.3083 5.4668 2861 188
-73.2917 5.4668 2707 205
-73.275 5.4668 2877 225
-73.2584 5.4668 3077 246
-73.2417 5.4668 3217 265.2
-73.225 5.4668 3323 280.7
-73.2083 5.4668 3425 290.8
-73.1917 5.4668 3447 295.3
-73.175 5.4668 3391 295.2
-73.1584 5.4668 3379 292.2
-73.1417 5.4668 3363 288.9
-73.125 5.4668 3271 287.4
-73.1083 5.4668 3283 289.3
-73.0917 5.4668 3337 295.1
-73.075 5.4668 3359 303.8
-73.0583 5.4668 3463 314.1
-73.0417 5.4668 3461 323.8
-73.025 5.4668 3389 331.5
-73.0084 5.4668 3353 336
-72.9917 5.4668 3603 337.6
-72.975 5.4668 3521 337.4
-72.9583 5.4668 3359 336.8
-72.9417 5.4668 3289 337.7
-72.925 5.4668 3099 341
-74.9084 5.4502 693 -28.3
-74.8917 5.4502 621 -31.9
-74.875 5.4502 479 -35.3
-74.8583 5.4502 341 -38.7
-74.8417 5.4502 255 -42.5
-74.825 5.4502 243 -46.7
-74.8083 5.4502 243 -51.6
-74.7917 5.4502 221 -57.3
-74.775 5.4502 213 -63.7
-74.7584 5.4502 245 -70.4
-74.7417 5.4502 219 -76.7
-74.725 5.4502 301 -81.9
-74.7083 5.4502 259 -85.1
-74.6917 5.4502 241 -85.9
-74.675 5.4502 193 -84.4
-74.6584 5.4502 175 -81
-74.6417 5.4502 187 -76.6
-74.625 5.4502 241 -72.1
-74.6083 5.4502 459 -68.2
-74.5917 5.4502 435 -64.9
-74.575 5.4502 797 -61.6
-74.5583 5.4502 1047 -57.6
-74.5417 5.4502 767 -51.6
-74.525 5.4502 681 -43.1
-74.5084 5.4502 1009 -32.1
-74.4917 5.4502 847 -19.5
-74.475 5.4502 911 -7.2
-74.4583 5.4502 915 3.3
-74.4417 5.4502 1301 9.9
-74.425 5.4502 1695 12
-74.4084 5.4502 1437 9.9
-74.3917 5.4502 1287 5
-74.375 5.4502 1121 -0.4
-74.3583 5.4502 1199 -4
-74.3417 5.4502 1315 -3.9
-74.325 5.4502 1239 0.5
-74.3083 5.4502 1305 8.2
-74.2917 5.4502 1309 17.5
-74.275 5.4502 1259 25.5
-74.2584 5.4502 1389 30
-74.2417 5.4502 1805 29.3
-74.225 5.4502 1877 23.4
-74.2083 5.4502 1351 14
-74.1917 5.4502 859 2.9
-74.175 5.4502 823 -6.5
-74.1584 5.4502 895 -12.4
-74.1417 5.4502 1121 -13.8
-74.125 5.4502 1491 -11.1
-74.1083 5.4502 1427 -6.3
-74.0917 5.4502 1217 -1.6
-74.075 5.4502 1505 0.9
-74.0583 5.4502 1393 0.2
-74.0417 5.4502 1089 -2.6
-74.025 5.4502 1151 -5.3
-74.0084 5.4502 1013 -4
-73.9917 5.4502 1337 4.6
-73.975 5.4502 1633 23.2
-73.9583 5.4502 2009 52.7
-73.9417 5.4502 2415 90.7
-73.925 5.4502 2699 134.3
-73.9084 5.4502 3041 176.8
-73.8917 5.4502 3043 214
-73.875 5.4502 3027 240.1
-73.8583 5.4502 3053 253.4
-73.8417 5.4502 3067 253.4
-73.825 5.4502 2717 242.3
-73.8083 5.4502 2573 224.7
-73.7917 5.4502 2683 204.9
-73.775 5.4502 2603 187.9
-73.7584 5.4502 2539 176.7
-73.7417 5.4502 2539 172.9
-73.725 5.4502 2539 176.7
-73.7083 5.4502 2583 186.3
-73.6917 5.4502 2767 199.8
-73.675 5.4502 2797 214.4
-73.6584 5.4502 2883 228.7
-73.6417 5.4502 2883 241
-73.625 5.4502 2777 250.9
-73.6083 5.4502 2921 258.4
-73.5917 5.4502 3037 263.6
-73.575 5.4502 3125 267
-73.5583 5.4502 3327 268.5
-73.5417 5.4502 3325 268.1
-73.525 5.4502 3131 265.6
-73.5084 5.4502 3089 260.8
-73.4917 5.4502 2985 253.3
-73.475 5.4502 2927 243.3
-73.4583 5.4502 2973 230.7
-73.4417 5.4502 2813 216.3
-73.425 5.4502 2757 200.6
-73.4084 5.4502 2591 185
-73.3917 5.4502 2515 170.8
-73.375 5.4502 2405 160
-73.3583 5.4502 2345 154.2
-73.3417 5.4502 2413 154.8
-73.325 5.4502 2629 162.7
-73.3083 5.4502 2639 177.3
-73.2917 5.4502 2575 197.7
-73.275 5.4502 2841 220.8
-73.2584 5.4502 3037 244.1
-73.2417 5.4502 3243 263.8
-73.225 5.4502 3399 277.8
-73.2083 5.4502 3399 284.5
-73.1917 5.4502 3309 284.3
-73.175 5.4502 3067 279.5
-73.1584 5.4502 3061 272.7
-73.1417 5.4502 3143 268
-73.125 5.4502 3237 267.9
-73.1083 5.4502 3153 274.3
-73.0917 5.4502 3113 287.1
-73.075 5.4502 3171 304.1
-73.0583 5.4502 3331 323
-73.0417 5.4502 3319 339.6
-73.025 5.4502 3475 351.7
-73.0084 5.4502 3549 357.7
-72.9917 5.4502 3729 357.9
-72.975 5.4502 3621 354.5
-72.9583 5.4502 3587 349.8
-72.9417 5.4502 3555 347.1
-72.925 5.4502 3209 348.2
-74.9084 5.4336 709 -26.7
-74.8917 5.4336 631 -30.9
-74.875 5.4336 469 -34.7
-74.8583 5.4336 337 -38.4
-74.8417 5.4336 241 -42.3
-74.825 5.4336 231 -46.6
-74.8083 5.4336 235 -51.7
-74.7917 5.4336 271 -57.6
-74.775 5.4336 295 -64.1
-74.7584 5.4336 259 -70.8
-74.7417 5.4336 245 -76.9
-74.725 5.4336 219 -81.6
-74.7083 5.4336 211 -84.1
-74.6917 5.4336 189 -84.2
-74.675 5.4336 175 -82.1
-74.6584 5.4336 173 -78.4
-74.6417 5.4336 203 -74.2
-74.625 5.4336 401 -70.2
-74.6083 5.4336 625 -67.1
-74.5917 5.4336 409 -64.8
-74.575 5.4336 787 -62.3
-74.5583 5.4336 953 -58.9
-74.5417 5.4336 619 -53.2
-74.525 5.4336 727 -44.6
-74.5084 5.4336 905 -33.3
-74.4917 5.4336 785 -20.1
-74.475 5.4336 969 -7.1
-74.4583 5.4336 1019 4
-74.4417 5.4336 1453 11.2
-74.425 5.4336 1717 13.8
-74.4084 5.4336 1535 12.2
-74.3917 5.4336 1207 7.5
-74.375 5.4336 1285 2.2
-74.3583 5.4336 1367 -1.9
-74.3417 5.4336 1253 -2.8
-74.325 5.4336 1177 -0.1
-74.3083 5.4336 1119 5.5
-74.2917 5.4336 1053 12.4
-74.275 5.4336 1163 18.1
-74.2584 5.4336 1231 20.8
-74.2417 5.4336 1535 19.3
-74.225 5.4336 1533 13.7
-74.2083 5.4336 1027 5.8
-74.1917 5.4336 853 -2.3
-74.175 5.4336 953 -8.1
-74.1584 5.4336 995 -9.9
-74.1417 5.4336 1349 -7.2
-74.125 5.4336 1617 -0.9
-74.1083 5.4336 1415 6.6
-74.0917 5.4336 1269 13.3
-74.075 5.4336 1369 16.7
-74.0583 5.4336 1537 16.3
-74.0417 5.4336 1341 13.2
-74.025 5.4336 1385 10
-74.0084 5.4336 1315 10.6
-73.9917 5.4336 1547 18.5
-73.975 5.4336 1911 36.6
-73.9583 5.4336 2189 65.6
-73.9417 5.4336 2445 103.4
-73.925 5.4336 2825 146.8
-73.9084 5.4336 3165 189.2
-73.8917 5.4336 2983 226.2
-73.875 5.4336 3057 252.1
-73.8583 5.4336 3215 264.6
-73.8417 5.4336 3135 263.4
-73.825 5.4336 2711 250.3
-73.8083 5.4336 2661 230.1
-73.7917 5.4336 2829 207.1
-73.775 5.4336 2591 186.9
-73.7584 5.4336 2555 172.9
-73.7417 5.4336 2539 167.6
-73.725 5.4336 2541 171.4
-73.7083 5.4336 2611 182.8
-73.6917 5.4336 2613 200.1
-73.675 5.4336 2655 219.9
-73.6584 5.4336 2799 240.1
-73.6417 5.4336 3039 258
-73.625 5.4336 2987 272.5
-73.6083 5.4336 3103 282.6
-73.5917 5.4336 3327 288.2
-73.575 5.4336 3363 289.7
-73.5583 5.4336 3377 287.4
-73.5417 5.4336 3359 282.2
-73.525 5.4336 3145 274.3
-73.5084 5.4336 3037 264.4
-73.4917 5.4336 2951 252.6
-73.475 5.4336 3071 239
-73.4583 5.4336 2953 223.8
-73.4417 5.4336 2879 207.3
-73.425 5.4336 2871 189.8
-73.4084 5.4336 2743 172.7
-73.3917 5.4336 2665 157.1
-73.375 5.4336 2505 145.4
-73.3583 5.4336 2275 139.1
-73.3417 5.4336 2411 140.1
-73.325 5.4336 2485 149.2
-73.3083 5.4336 2431 165.7
-73.2917 5.4336 2585 188.1
-73.275 5.4336 2741 212.8
-73.2584 5.4336 2943 236.6
-73.2417 5.4336 3129 255.3
-73.225 5.4336 3337 266.6
-73.2083 5.4336 3245 269.4
-73.1917 5.4336 2787 264.7
-73.175 5.4336 2667 255.8
-73.1584 5.4336 2849 246.5
-73.1417 5.4336 3087 241.7
-73.125 5.4336 3147 244.3
-73.1083 5.4336 2895 256
-73.0917 5.4336 2809 276.2
-73.075 5.4336 3065 301.3
-73.0583 5.4336 3013 327.7
-73.0417 5.4336 3273 349.9
-73.025 5.4336 3525 365.1
-73.0084 5.4336 3677 371.2
-72.9917 5.4336 3767 368.9
-72.975 5.4336 3649 361.5
-72.9583 5.4336 3679 352.3
-72.9417 5.4336 3547 346.1
-72.925 5.4336 3293 345.2
-74.9084 5.417 623 -26.3
-74.8917 5.417 613 -31.4
-74.875 5.417 439 -35.9
-74.8583 5.417 319 -40
-74.8417 5.417 253 -43.9
-74.825 5.417 265 -48.1
-74.8083 5.417 397 -52.9
-74.7917 5.417 451 -58.5
-74.775 5.417 355 -64.7
-74.7584 5.417 279 -71
-74.7417 5.417 211 -76.6
-74.725 5.417 193 -80.8
-74.7083 5.417 199 -82.6
-74.6917 5.417 195 -82.1
-74.675 5.417 187 -79.5
-74.6584 5.417 199 -75.7
-74.6417 5.417 327 -71.7
-74.625 5.417 669 -68.4
-74.6083 5.417 489 -66.1
-74.5917 5.417 431 -64.8
-74.575 5.417 533 -63.4
-74.5583 5.417 539 -60.8
-74.5417 5.417 489 -55.6
-74.525 5.417 601 -47.2
-74.5084 5.417 721 -35.9
-74.4917 5.417 665 -22.4
-74.475 5.417 831 -8.9
-74.4583 5.417 1259 2.9
-74.4417 5.417 1541 10.9
-74.425 5.417 1421 14.3
-74.4084 5.417 1507 13.4
-74.3917 5.417 1445 9.2
-74.375 5.417 1375 4
-74.3583 5.417 1427 -0.6
-74.3417 5.417 1287 -2.8
-74.325 5.417 1331 -2
-74.3083 5.417 1229 1.2
-74.2917 5.417 1161 5.4
-74.275 5.417 1019 8.5
-74.2584 5.417 1061 9.2
-74.2417 5.417 1141 6.7
-74.225 5.417 1019 1.4
-74.2083 5.417 1059 -5.1
-74.1917 5.417 1187 -10.7
-74.175 5.417 1137 -13.2
-74.1584 5.417 1051 -11.3
-74.1417 5.417 1463 -4.9
-74.125 5.417 1477 4.9
-74.1083 5.417 1661 15.5
-74.0917 5.417 1445 24.9
-74.075 5.417 1373 30.8
-74.0583 5.417 1693 32.7
-74.0417 5.417 1599 31.8
-74.025 5.417 1601 30.4
-74.0084 5.417 1581 32.7
-73.9917 5.417 1811 41.8
-73.975 5.417 2289 60.4
-73.9583 5.417 2567 89.2
-73.9417 5.417 2723 126
-73.925 5.417 3045 167.8
-73.9084 5.417 3037 208.3
-73.8917 5.417 3015 243
-73.875 5.417 3227 266.4
-73.8583 5.417 3367 276.4
-73.8417 5.417 3063 272.5
-73.825 5.417 2755 256.8
-73.8083 5.417 2769 233.8
-73.7917 5.417 2817 208
-73.775 5.417 2675 185.3
-73.7584 5.417 2577 169.3
-73.7417 5.417 2541 163
-73.725 5.417 2553 167
-73.7083 5.417 2549 180.2
-73.6917 5.417 2591 200.5
-73.675 5.417 2707 224.2
-73.6584 5.417 2819 248.7
-73.6417 5.417 3029 270.4
-73.625 5.417 3243 287.7
-73.6083 5.417 3359 298.9
-73.5917 5.417 3391 303.7
-73.575 5.417 3425 302.5
-73.5583 5.417 3379 296.3
-73.5417 5.417 3253 286.4
-73.525 5.417 3071 273.8
-73.5084 5.417 3051 259.7
-73.4917 5.417 3017 244.4
-73.475 5.417 2933 228.5
-73.4583 5.417 2893 211.8
-73.4417 5.417 2849 194.5
-73.425 5.417 2899 176.6
-73.4084 5.417 2839 159.3
-73.3917 5.417 2679 143.6
-73.375 5.417 2613 132
-73.3583 5.417 2341 126
-73.3417 5.417 2191 127.8
-73.325 5.417 2233 137.9
-73.3083 5.417 2339 155.4
-73.2917 5.417 2415 178.5
-73.275 5.417 2599 203
-73.2584 5.417 2789 225.5
-73.2417 5.417 3027 241.5
-73.225 5.417 3291 249
-73.2083 5.417 2899 247.2
-73.1917 5.417 2493 238.1
-73.175 5.417 2415 226
-73.1584 5.417 2725 215.4
-73.1417 5.417 3075 211.8
-73.125 5.417 2871 218.3
-73.1083 5.417 2615 236.1
-73.0917 5.417 2737 263.7
-73.075 5.417 2745 296.3
-73.0583 5.417 2789 329.1
-73.0417 5.417 3077 355.5
-73.025 5.417 3451 372.2
-73.0084 5.417 3635 377
-72.9917 5.417 3651 371.1
-72.975 5.417 3605 359
-72.9583 5.417 3553 345
-72.9417 5.417 3443 335.1
-72.925 5.417 3093 332.3
-74.9084 5.4004 683 -27
-74.8917 5.4004 571 -33.4
-74.875 5.4004 389 -38.8
-74.8583 5.4004 321 -43.3
-74.8417 5.4004 297 -47.2
-74.825 5.4004 403 -51
-74.8083 5.4004 517 -55.2
-74.7917 5.4004 457 -60.2
-74.775 5.4004 333 -65.7
-74.7584 5.4004 247 -71.5
-74.7417 5.4004 223 -76.5
-74.725 5.4004 205 -80
-74.7083 5.4004 189 -81.2
-74.6917 5.4004 185 -80.1
-74.675 5.4004 183 -77.1
-74.6584 5.4004 247 -73.1
-74.6417 5.4004 595 -69.2
-74.625 5.4004 591 -66.3
-74.6083 5.4004 397 -64.9
-74.5917 5.4004 605 -64.5
-74.575 5.4004 603 -64
-74.5583 5.4004 481 -62.3
-74.5417 5.4004 413 -57.9
-74.525 5.4004 497 -50.1
-74.5084 5.4004 639 -39
-74.4917 5.4004 691 -25.4
-74.475 5.4004 1021 -11.7
-74.4583 5.4004 1387 0.7
-74.4417 5.4004 1287 9.4
-74.425 5.4004 1485 13.8
-74.4084 5.4004 1521 13.7
-74.3917 5.4004 1325 10
-74.375 5.4004 1281 4.8
-74.3583 5.4004 1425 -0.3
-74.3417 5.4004 1435 -3.7
-74.325 5.4004 1379 -4.9
-74.3083 5.4004 1289 -4.2
-74.2917 5.4004 1327 -2.7
-74.275 5.4004 1135 -2
-74.2584 5.4004 1021 -3.2
-74.2417 5.4004 963 -6.7
-74.225 5.4004 985 -12
-74.2083 5.4004 1407 -17.3
-74.1917 5.4004 1479 -20.9
-74.175 5.4004 1171 -20.8
-74.1584 5.4004 991 -16
-74.1417 5.4004 1139 -6.6
-74.125 5.4004 1393 6.3
-74.1083 5.4004 1779 20.1
-74.0917 5.4004 1673 32.9
-74.075 5.4004 1547 42.4
-74.0583 5.4004 1667 48.4
-74.0417 5.4004 1939 51.6
-74.025 5.4004 2067 54.4
-74.0084 5.4004 2071 60.1
-73.9917 5.4004 1915 71.8
-73.975 5.4004 2171 91.6
-73.9583 5.4004 2561 120.1
-73.9417 5.4004 2945 155
-73.925 5.4004 3149 193.7
-73.9084 5.4004 3009 230.2
-73.8917 5.4004 3113 260.5
-73.875 5.4004 3341 279.6
-73.8583 5.4004 3335 285.7
-73.8417 5.4004 3013 278.5
-73.825 5.4004 2929 260
-73.8083 5.4004 2995 234.9
-73.7917 5.4004 2807 207.3
-73.775 5.4004 2671 183.4
-73.7584 5.4004 2541 166.6
-73.7417 5.4004 2583 160.1
-73.725 5.4004 2711 164.7
-73.7083 5.4004 2663 179.1
-73.6917 5.4004 2723 201.3
-73.675 5.4004 2725 227.2
-73.6584 5.4004 2983 253.9
-73.6417 5.4004 3205 277.1
-73.625 5.4004 3329 294.9
-73.6083 5.4004 3393 305.4
-73.5917 5.4004 3439 308.1
-73.575 5.4004 3433 303.7
-73.5583 5.4004 3313 293.5
-73.5417 5.4004 3155 279.4
-73.525 5.4004 3115 263
-73.5084 5.4004 3029 245.8
-73.4917 5.4004 2845 228.5
-73.475 5.4004 2863 211.6
-73.4583 5.4004 2899 194.9
-73.4417 5.4004 2787 178.3
-73.425 5.4004 2887 161.6
-73.4084 5.4004 2809 145.7
-73.3917 5.4004 2561 131.6
-73.375 5.4004 2361 121.5
-73.3583 5.4004 2177 117.1
-73.3417 5.4004 2247 120.2
-73.325 5.4004 2367 131.3
-73.3083 5.4004 2395 149
-73.2917 5.4004 2523 171.4
-73.275 5.4004 2685 194
-73.2584 5.4004 2865 213.3
-73.2417 5.4004 3109 224.9
-73.225 5.4004 3025 227.2
-73.2083 5.4004 2533 220.5
-73.1917 5.4004 2215 207.3
-73.175 5.4004 2419 192.8
-73.1584 5.4004 2789 182.1
-73.1417 5.4004 2759 180.9
-73.125 5.4004 2641 192.3
-73.1083 5.4004 2547 216.5
-73.0917 5.4004 2549 251.2
-73.075 5.4004 2615 290.2
-73.0583 5.4004 3009 328
-73.0417 5.4004 3205 356.9
-73.025 5.4004 3443 373.3
-73.0084 5.4004 3661 375.5
-72.9917 5.4004 3503 365.2
-72.975 5.4004 3351 347.9
-72.9583 5.4004 3385 328.9
-72.9417 5.4004 3133 315.3
-72.925 5.4004 2817 310.6
-74.9084 5.3838 697 -28.6
-74.8917 5.3838 565 -36.3
-74.875 5.3838 411 -42.6
-74.8583 5.3838 369 -47.5
-74.8417 5.3838 415 -51.3
-74.825 5.3838 537 -54.5
-74.8083 5.3838 431 -58
-74.7917 5.3838 313 -62.3
-74.775 5.3838 259 -67.2
-74.7584 5.3838 231 -72.3
-74.7417 5.3838 205 -76.7
-74.725 5.3838 193 -79.6
-74.7083 5.3838 195 -80.3
-74.6917 5.3838 189 -78.5
-74.675 5.3838 189 -75.1
-74.6584 5.3838 283 -70.7
-74.6417 5.3838 681 -66.7
-74.625 5.3838 529 -64
-74.6083 5.3838 391 -62.9
-74.5917 5.3838 713 -63.1
-74.575 5.3838 831 -63.5
-74.5583 5.3838 549 -62.6
-74.5417 5.3838 431 -59
-74.525 5.3838 621 -51.8
-74.5084 5.3838 855 -41.3
-74.4917 5.3838 929 -28
-74.475 5.3838 1273 -14.3
-74.4583 5.3838 1129 -1.6
-74.4417 5.3838 1379 7.7
-74.425 5.3838 1503 12.7
-74.4084 5.3838 1445 13.3
-74.3917 5.3838 1439 10.2
-74.375 5.3838 1341 5.1
-74.3583 5.3838 1307 -0.6
-74.3417 5.3838 1351 -5.2
-74.325 5.3838 1395 -8.2
-74.3083 5.3838 1341 -9.8
-74.2917 5.3838 1145 -10.7
-74.275 5.3838 1031 -12.1
-74.2584 5.3838 1177 -14.8
-74.2417 5.3838 999 -18.9
-74.225 5.3838 1143 -24
-74.2083 5.3838 1459 -28.3
-74.1917 5.3838 1205 -30.3
-74.175 5.3838 1121 -28.3
-74.1584 5.3838 985 -21.4
-74.1417 5.3838 1123 -9.8
-74.125 5.3838 1395 5.5
-74.1083 5.3838 1565 22.2
-74.0917 5.3838 1697 38.5
-74.075 5.3838 1923 52.4
-74.0583 5.3838 1955 63.4
-74.0417 5.3838 2309 72.1
-74.025 5.3838 2533 80.3
-74.0084 5.3838 2451 90.7
-73.9917 5.3838 2191 105.6
-73.975 5.3838 2291 126.7
-73.9583 5.3838 2635 154.2
-73.9417 5.3838 3115 186.1
-73.925 5.3838 3199 220
-73.9084 5.3838 3055 250.8
-73.8917 5.3838 3089 275
-73.875 5.3838 3177 288.6
-73.8583 5.3838 3133 290
-73.8417 5.3838 3193 279.4
-73.825 5.3838 3155 258.8
-73.8083 5.3838 3021 232.6
-73.7917 5.3838 2741 204.9
-73.775 5.3838 2573 181.2
-73.7584 5.3838 2547 165
-73.7417 5.3838 2583 159.2
-73.725 5.3838 2633 164.5
-73.7083 5.3838 2815 179.6
-73.6917 5.3838 2715 202.4
-73.675 5.3838 2823 228.7
-73.6584 5.3838 3055 255.3
-73.6417 5.3838 3151 277.9
-73.625 5.3838 3311 294.3
-73.6083 5.3838 3461 302.5
-73.5917 5.3838 3441 302.2
-73.575 5.3838 3355 294.4
-73.5583 5.3838 3223 280.5
-73.5417 5.3838 3109 263
-73.525 5.3838 2927 243.7
-73.5084 5.3838 2791 224.7
-73.4917 5.3838 2675 206.6
-73.475 5.3838 2837 190
-73.4583 5.3838 2851 174.5
-73.4417 5.3838 2707 159.9
-73.425 5.3838 2737 145.8
-73.4084 5.3838 2603 132.8
-73.3917 5.3838 2395 121.8
-73.375 5.3838 2219 114.8
-73.3583 5.3838 2121 113.1
-73.3417 5.3838 2313 118.4
-73.325 5.3838 2569 130.6
-73.3083 5.3838 2625 148.1
-73.2917 5.3838 2673 168.8
-73.275 5.3838 2793 187.9
-73.2584 5.3838 3011 202.2
-73.2417 5.3838 3125 208
-73.225 5.3838 2643 204.2
-73.2083 5.3838 2277 192.1
-73.1917 5.3838 2021 174.9
-73.175 5.3838 2341 158.8
-73.1584 5.3838 2499 149
-73.1417 5.3838 2461 151.2
-73.125 5.3838 2755 167.9
-73.1083 5.3838 2597 198.5
-73.0917 5.3838 2349 239.7
-73.075 5.3838 2609 284
-73.0583 5.3838 2797 325.1
-73.0417 5.3838 3125 354.9
-73.025 5.3838 3589 369.7
-73.0084 5.3838 3629 368.2
-72.9917 5.3838 3595 352.8
-72.975 5.3838 3463 330.2
-72.9583 5.3838 3181 306.4
-72.9417 5.3838 2773 289.3
-72.925 5.3838 2521 282.6
-74.9084 5.3672 723 -30.3
-74.8917 5.3672 555 -39.3
-74.875 5.3672 427 -46.4
-74.8583 5.3672 399 -51.6
-74.8417 5.3672 375 -55.2
-74.825 5.3672 335 -57.9
-74.8083 5.3672 321 -60.8
-74.7917 5.3672 293 -64.4
-74.775 5.3672 277 -68.8
-74.7584 5.3672 227 -73.5
-74.7417 5.3672 199 -77.5
-74.725 5.3672 195 -80
-74.7083 5.3672 185 -80.1
-74.6917 5.3672 191 -77.8
-74.675 5.3672 209 -73.6
-74.6584 5.3672 395 -68.6
-74.6417 5.3672 699 -64.1
-74.625 5.3672 443 -61
-74.6083 5.3672 409 -59.8
-74.5917 5.3672 645 -60.2
-74.575 5.3672 629 -60.9
-74.5583 5.3672 425 -60.7
-74.5417 5.3672 553 -57.8
-74.525 5.3672 613 -51.5
-74.5084 5.3672 849 -41.7
-74.4917 5.3672 1159 -29.1
-74.475 5.3672 1153 -15.7
-74.4583 5.3672 1245 -3.2
-74.4417 5.3672 1637 6.3
-74.425 5.3672 1607 11.7
-74.4084 5.3672 1623 12.8
-74.3917 5.3672 1425 10
-74.375 5.3672 1311 4.9
-74.3583 5.3672 1227 -1.2
-74.3417 5.3672 1285 -6.8
-74.325 5.3672 1429 -11.3
-74.3083 5.3672 1299 -14.6
-74.2917 5.3672 1253 -17.2
-74.275 5.3672 1083 -19.9
-74.2584 5.3672 1213 -23.2
-74.2417 5.3672 1067 -27.4
-74.225 5.3672 1121 -31.8
-74.2083 5.3672 1395 -35
-74.1917 5.3672 1145 -35.7
-74.175 5.3672 1387 -32.4
-74.1584 5.3672 1041 -24.2
-74.1417 5.3672 1097 -11.4
-74.125 5.3672 1213 5.5
-74.1083 5.3672 1389 24.4
-74.0917 5.3672 1559 43.8
-74.075 5.3672 1905 61.9
-74.0583 5.3672 2179 78.2
-74.0417 5.3672 2383 92.8
-74.025 5.3672 2559 106.8
-74.0084 5.3672 2409 122
-73.9917 5.3672 2345 140
-73.975 5.3672 2525 161.7
-73.9583 5.3672 2837 187.2
-73.9417 5.3672 3299 214.7
-73.925 5.3672 3229 242.2
-73.9084 5.3672 3043 265.7
-73.8917 5.3672 2955 282.6
-73.875 5.3672 2985 289.9
-73.8583 5.3672 3099 286.6
-73.8417 5.3672 3303 273.2
-73.825 5.3672 3179 251.7
-73.8083 5.3672 2933 226.1
-73.7917 5.3672 2707 200
-73.775 5.3672 2561 178.3
-73.7584 5.3672 2557 164.1
-73.7417 5.3672 2597 159.8
-73.725 5.3672 2583 166
-73.7083 5.3672 2623 181.1
-73.6917 5.3672 2877 203.2
-73.675 5.3672 2909 228.2
-73.6584 5.3672 2933 252.7
-73.6417 5.3672 3131 272.8
-73.625 5.3672 3391 286.2
-73.6083 5.3672 3437 291.1
-73.5917 5.3672 3375 287.4
-73.575 5.3672 3183 276.3
-73.5583 5.3672 3127 259.5
-73.5417 5.3672 2973 239.7
-73.525 5.3672 2679 218.9
-73.5084 5.3672 2501 199.2
-73.4917 5.3672 2483 181.4
-73.475 5.3672 2763 166.1
-73.4583 5.3672 2713 152.7
-73.4417 5.3672 2519 141
-73.425 5.3672 2691 130.5
-73.4084 5.3672 2595 121.6
-73.3917 5.3672 2387 115.1
-73.375 5.3672 2237 112.5
-73.3583 5.3672 2147 114.8
-73.3417 5.3672 2363 123.1
-73.325 5.3672 2591 136.8
-73.3083 5.3672 2821 154
-73.2917 5.3672 2857 172.1
-73.275 5.3672 2933 186.8
-73.2584 5.3672 3007 194.9
-73.2417 5.3672 2739 193.7
-73.225 5.3672 2431 183
-73.2083 5.3672 2113 165.2
-73.1917 5.3672 1865 144.2
-73.175 5.3672 2065 126.9
-73.1584 5.3672 2223 118.6
-73.1417 5.3672 2551 124.7
-73.125 5.3672 2785 146.8
-73.1083 5.3672 2469 183.3
-73.0917 5.3672 2265 229.9
-73.075 5.3672 2497 278
-73.0583 5.3672 2831 320.8
-73.0417 5.3672 3285 349.9
-73.025 5.3672 3409 361.9
-73.0084 5.3672 3387 356.1
-72.9917 5.3672 3343 335.6
-72.975 5.3672 3341 308
-72.9583 5.3672 3203 279.9
-72.9417 5.3672 2803 259.6
-72.925 5.3672 2449 251.1
-74.9084 5.3506 751 -31.8
-74.8917 5.3506 557 -41.8
-74.875 5.3506 427 -49.5
-74.8583 5.3506 351 -54.8
-74.8417 5.3506 323 -58.1
-74.825 5.3506 297 -60.4
-74.8083 5.3506 331 -62.9
-74.7917 5.3506 327 -66.2
-74.775 5.3506 265 -70.3
-74.7584 5.3506 245 -75
-74.7417 5.3506 203 -78.9
-74.725 5.3506 199 -81.1
-74.7083 5.3506 189 -80.8
-74.6917 5.3506 207 -77.8
-74.675 5.3506 257 -72.7
-74.6584 5.3506 593 -66.7
-74.6417 5.3506 597 -61.3
-74.625 5.3506 415 -57.3
-74.6083 5.3506 531 -55.5
-74.5917 5.3506 919 -55.6
-74.575 5.3506 713 -56.4
-74.5583 5.3506 431 -56.5
-74.5417 5.3506 703 -54.3
-74.525 5.3506 817 -48.8
-74.5084 5.3506 1015 -40
-74.4917 5.3506 1139 -28.3
-74.475 5.3506 1115 -15.7
-74.4583 5.3506 1449 -3.7
-74.4417 5.3506 1615 5.5
-74.425 5.3506 1435 11
-74.4084 5.3506 1507 12.2
-74.3917 5.3506 1347 9.6
-74.375 5.3506 1323 4.5
-74.3583 5.3506 1269 -2
-74.3417 5.3506 1289 -8.3
-74.325 5.3506 1503 -13.8
-74.3083 5.3506 1303 -18
-74.2917 5.3506 1389 -21.3
-74.275 5.3506 1217 -24.3
-74.2584 5.3506 1329 -27.3
-74.2417 5.3506 1391 -30.6
-74.225 5.3506 1339 -33.6
-74.2083 5.3506 1389 -35.4
-74.1917 5.3506 1217 -34.7
-74.175 5.3506 1415 -30.4
-74.1584 5.3506 1125 -21.6
-74.1417 5.3506 1337 -8.3
-74.125 5.3506 1581 9.2
-74.1083 5.3506 1491 29.4
-74.0917 5.3506 1807 51.3
-74.075 5.3506 1887 73.1
-74.0583 5.3506 2239 94.3
-74.0417 5.3506 2493 114.3
-74.025 5.3506 2677 133.7
-74.0084 5.3506 2521 153
-73.9917 5.3506 2683 173.3
-73.975 5.3506 2843 194.5
-73.9583 5.3506 3185 216.7
-73.9417 5.3506 3223 238.4
-73.925 5.3506 3099 258.1
-73.9084 5.3506 2959 273.3
-73.8917 5.3506 2933 282.1
-73.875 5.3506 3009 282.8
-73.8583 5.3506 3195 275.1
-73.8417 5.3506 3131 259.8
-73.825 5.3506 2953 238.7
-73.8083 5.3506 2779 215.4
-73.7917 5.3506 2585 192.7
-73.775 5.3506 2549 174.6
-73.7584 5.3506 2547 163.6
-73.7417 5.3506 2591 161.5
-73.725 5.3506 2565 168.5
-73.7083 5.3506 2583 183.1
-73.6917 5.3506 2813 203.4
-73.675 5.3506 2765 225.6
-73.6584 5.3506 2927 246.6
-73.6417 5.3506 3193 262.9
-73.625 5.3506 3313 272.4
-73.6083 5.3506 3277 273.7
-73.5917 5.3506 3181 266.8
-73.575 5.3506 3053 253.2
-73.5583 5.3506 3017 234.6
-73.5417 5.3506 2901 213.8
-73.525 5.3506 2811 192.7
-73.5084 5.3506 2661 173.5
-73.4917 5.3506 2339 156.7
-73.475 5.3506 2389 143
-73.4583 5.3506 2369 132
-73.4417 5.3506 2483 123.4
-73.425 5.3506 2739 116.7
-73.4084 5.3506 2523 112.5
-73.3917 5.3506 2325 111.1
-73.375 5.3506 2097 113.8
-73.3583 5.3506 2185 121.2
-73.3417 5.3506 2321 133.2
-73.325 5.3506 2587 149
-73.3083 5.3506 2855 166
-73.2917 5.3506 3061 181.4
-73.275 5.3506 2841 191
-73.2584 5.3506 2507 192.3
-73.2417 5.3506 2279 183.5
-73.225 5.3506 2217 165.3
-73.2083 5.3506 1977 141.7
-73.1917 5.3506 1771 117
-73.175 5.3506 2211 98.8
-73.1584 5.3506 2407 92.3
-73.1417 5.3506 2715 102.1
-73.125 5.3506 2775 129.2
-73.1083 5.3506 2567 170.6
-73.0917 5.3506 2151 221.2
-73.075 5.3506 2403 271.5
-73.0583 5.3506 2739 314.4
-73.0417 5.3506 3045 341.6
-73.025 5.3506 3305 350
-73.0084 5.3506 3143 339.8
-72.9917 5.3506 3043 314.6
-72.975 5.3506 3013 282.7
-72.9583 5.3506 2955 251.2
-72.9417 5.3506 2839 228.5
-72.925 5.3506 2363 218.6
-74.9084 5.334 791 -32.5
-74.8917 5.334 545 -43.1
-74.875 5.334 437 -51.1
-74.8583 5.334 355 -56.3
-74.8417 5.334 325 -59.4
-74.825 5.334 373 -61.5
-74.8083 5.334 367 -63.8
-74.7917 5.334 291 -67.2
-74.775 5.334 277 -71.7
-74.7584 5.334 223 -76.6
-74.7417 5.334 203 -80.7
-74.725 5.334 189 -82.9
-74.7083 5.334 189 -82.2
-74.6917 5.334 267 -78.5
-74.675 5.334 469 -72.4
-74.6584 5.334 631 -65.1
-74.6417 5.334 499 -58.3
-74.625 5.334 561 -53.1
-74.6083 5.334 885 -50.2
-74.5917 5.334 953 -49.6
-74.575 5.334 617 -50
-74.5583 5.334 435 -50.2
-74.5417 5.334 739 -48.6
-74.525 5.334 905 -44
-74.5084 5.334 1155 -36.3
-74.4917 5.334 1053 -25.9
-74.475 5.334 1005 -14.5
-74.4583 5.334 1167 -3.4
-74.4417 5.334 1217 5.2
-74.425 5.334 1441 10.4
-74.4084 5.334 1431 11.5
-74.3917 5.334 1399 8.9
-74.375 5.334 1445 3.7
-74.3583 5.334 1265 -2.9
-74.3417 5.334 1481 -9.5
-74.325 5.334 1411 -15.2
-74.3083 5.334 1227 -19.4
-74.2917 5.334 1323 -22.4
-74.275 5.334 1329 -24.4
-74.2584 5.334 1325 -25.9
-74.2417 5.334 1331 -27.1
-74.225 5.334 1333 -27.9
-74.2083 5.334 1277 -27.6
-74.1917 5.334 1403 -25.4
-74.175 5.334 1273 -20.2
-74.1584 5.334 1317 -11.2
-74.1417 5.334 1715 1.9
-74.125 5.334 1887 19.3
-74.1083 5.334 1565 40.1
-74.0917 5.334 1959 63.5
-74.075 5.334 2117 88.1
-74.0583 5.334 2377 113.2
-74.0417 5.334 2699 137.6
-74.025 5.334 2829 161.1
-74.0084 5.334 2691 183.4
-73.9917 5.334 2937 204.4
-73.975 5.334 3173 223.6
-73.9583 5.334 3345 241
-73.9417 5.334 3167 255.5
-73.925 5.334 3119 266.4
-73.9084 5.334 2915 272.5
-73.8917 5.334 2851 273
-73.875 5.334 2959 267.5
-73.8583 5.334 3063 256
-73.8417 5.334 2991 240
-73.825 5.334 2753 220.8
-73.8083 5.334 2591 201.2
-73.7917 5.334 2553 183.3
-73.775 5.334 2549 170.1
-73.7584 5.334 2603 163.1
-73.7417 5.334 2567 163.5
-73.725 5.334 2613 171.2
-73.7083 5.334 2575 184.8
-73.6917 5.334 2621 202.4
-73.675 5.334 2749 220.8
-73.6584 5.334 2905 237.5
-73.6417 5.334 3051 249.4
-73.625 5.334 3155 255
-73.6083 5.334 3025 253.1
-73.5917 5.334 3023 244.1
-73.575 5.334 2823 229.4
-73.5583 5.334 2883 210.6
-73.5417 5.334 2933 190.3
-73.525 5.334 2751 170.2
-73.5084 5.334 2425 152.1
-73.4917 5.334 2287 136.7
-73.475 5.334 2257 124.5
-73.4583 5.334 2265 115.3
-73.4417 5.334 2439 109.1
-73.425 5.334 2473 105.7
-73.4084 5.334 2313 105.6
-73.3917 5.334 2103 109.4
-73.375 5.334 2127 117.7
-73.3583 5.334 2307 130.5
-73.3417 5.334 2511 146.9
-73.325 5.334 2725 165.5
-73.3083 5.334 2873 182.7
-73.2917 5.334 3045 195.6
-73.275 5.334 2785 200.3
-73.2584 5.334 2523 194.7
-73.2417 5.334 2387 178.3
-73.225 5.334 2101 152.8
-73.2083 5.334 1875 123.4
-73.1917 5.334 1693 95.2
-73.175 5.334 1991 76.1
-73.1584 5.334 2205 71
-73.1417 5.334 2505 83.9
-73.125 5.334 2417 114.9
-73.1083 5.334 2281 159.7
-73.0917 5.334 2071 212.6
-73.075 5.334 2497 263.3
-73.0583 5.334 3059 304.8
-73.0417 5.334 3367 329.2
-73.025 5.334 3231 333.8
-73.0084 5.334 2789 319.6
-72.9917 5.334 2697 290.7
-72.975 5.334 2655 255.8
-72.9583 5.334 2639 222.2
-72.9417 5.334 2643 198.1
-72.925 5.334 2163 187.2
-74.9084 5.3174 669 -32.5
-74.8917 5.3174 529 -43.2
-74.875 5.3174 387 -51.2
-74.8583 5.3174 323 -56.2
-74.8417 5.3174 303 -59.1
-74.825 5.3174 293 -61.1
-74.8083 5.3174 343 -63.7
-74.7917 5.3174 309 -67.6
-74.775 5.3174 265 -72.7
-74.7584 5.3174 273 -78.3
-74.7417 5.3174 209 -82.9
-74.725 5.3174 191 -85.3
-74.7083 5.3174 243 -84.3
-74.6917 5.3174 579 -79.7
-74.675 5.3174 567 -72.5
-74.6584 5.3174 565 -63.7
-74.6417 5.3174 527 -55.3
-74.625 5.3174 779 -48.6
-74.6083 5.3174 1011 -44.4
-74.5917 5.3174 1007 -42.8
-74.575 5.3174 601 -42.8
-74.5583 5.3174 459 -43
-74.5417 5.3174 665 -41.9
-74.525 5.3174 941 -38.3
-74.5084 5.3174 1309 -31.9
-74.4917 5.3174 915 -23
-74.475 5.3174 1225 -13
-74.4583 5.3174 1299 -3.1
-74.4417 5.3174 1355 4.6
-74.425 5.3174 1339 9.2
-74.4084 5.3174 1387 10.1
-74.3917 5.3174 1277 7.4
-74.375 5.3174 1173 2.4
-74.3583 5.3174 1137 -4.1
-74.3417 5.3174 1235 -10.4
-74.325 5.3174 1253 -15.6
-74.3083 5.3174 1261 -19
-74.2917 5.3174 1325 -20.6
-74.275 5.3174 1247 -20.6
-74.2584 5.3174 1207 -19.5
-74.2417 5.3174 1347 -17.8
-74.225 5.3174 1419 -15.6
-74.2083 5.3174 1359 -12.7
-74.1917 5.3174 1525 -8.6
-74.175 5.3174 1379 -2.4
-74.1584 5.3174 1637 6.7
-74.1417 5.3174 1583 19.4
-74.125 5.3174 1905 36.2
-74.1083 5.3174 1783 56.9
-74.0917 5.3174 1959 81.1
-74.075 5.3174 2381 107.6
-74.0583 5.3174 2481 135.6
-74.0417 5.3174 2603 163.2
-74.025 5.3174 2839 189.6
-74.0084 5.3174 2905 213.3
-73.9917 5.3174 2991 233.6
-73.975 5.3174 3283 249.4
-73.9583 5.3174 3377 260.7
-73.9417 5.3174 3245 267
-73.925 5.3174 3125 268.5
-73.9084 5.3174 2895 265.2
-73.8917 5.3174 2851 257.6
-73.875 5.3174 2825 246.4
-73.8583 5.3174 2899 232.1
-73.8417 5.3174 2843 216.4
-73.825 5.3174 2649 200.1
-73.8083 5.3174 2559 185.3
-73.7917 5.3174 2551 173.2
-73.775 5.3174 2571 165.4
-73.7584 5.3174 2549 162.8
-73.7417 5.3174 2681 165.7
-73.725 5.3174 2779 173.8
-73.7083 5.3174 2621 185.9
-73.6917 5.3174 2697 200.3
-73.675 5.3174 2881 214.4
-73.6584 5.3174 2999 226.5
-73.6417 5.3174 3063 234.2
-73.625 5.3174 2947 236.4
-73.6083 5.3174 2905 232.5
-73.5917 5.3174 2955 222.8
-73.575 5.3174 2795 208.6
-73.5583 5.3174 2789 191.3
-73.5417 5.3174 2709 173
-73.525 5.3174 2425 154.9
-73.5084 5.3174 2341 138.6
-73.4917 5.3174 2435 124.3
-73.475 5.3174 2603 112.9
-73.4583 5.3174 2465 104.4
-73.4417 5.3174 2269 99.2
-73.425 5.3174 2193 97.7
-73.4084 5.3174 2245 100.7
-73.3917 5.3174 2063 108.8
-73.375 5.3174 2259 122.1
-73.3583 5.3174 2513 140.5
-73.3417 5.3174 2709 161.7
-73.325 5.3174 2885 183.5
-73.3083 5.3174 2915 201.6
-73.2917 5.3174 2901 212.7
-73.275 5.3174 2853 213
-73.2584 5.3174 2649 201.1
-73.2417 5.3174 2331 177.6
-73.225 5.3174 2297 145.2
-73.2083 5.3174 2121 110.3
-73.1917 5.3174 1735 78.8
-73.175 5.3174 1599 58.6
-73.1584 5.3174 1879 54.4
-73.1417 5.3174 2071 69.4
-73.125 5.3174 1969 102.9
-73.1083 5.3174 1915 149.4
-73.0917 5.3174 2161 202.7
-73.075 5.3174 2819 252.3
-73.0583 5.3174 3303 291.1
-73.0417 5.3174 3355 312
-73.025 5.3174 2787 312.9
-73.0084 5.3174 2489 295.4
-72.9917 5.3174 2347 264.1
-72.975 5.3174 2225 227.9
-72.9583 5.3174 2139 193.6
-72.9417 5.3174 2165 169.3
-72.925 5.3174 1937 158.1
-74.9084 5.3008 671 -31.8
-74.8917 5.3008 513 -42.4
-74.875 5.3008 381 -49.9
-74.8583 5.3008 355 -54.5
-74.8417 5.3008 377 -57.2
-74.825 5.3008 345 -59.4
-74.8083 5.3008 299 -62.6
-74.7917 5.3008 267 -67.3
-74.775 5.3008 245 -73.4
-74.7584 5.3008 247 -80.1
-74.7417 5.3008 211 -85.4
-74.725 5.3008 241 -87.9
-74.7083 5.3008 389 -86.7
-74.6917 5.3008 571 -81.3
-74.675 5.3008 483 -72.9
-74.6584 5.3008 487 -62.6
-74.6417 5.3008 539 -52.7
-74.625 5.3008 739 -44.4
-74.6083 5.3008 929 -39
-74.5917 5.3008 995 -36.5
-74.575 5.3008 567 -36
-74.5583 5.3008 529 -36.4
-74.5417 5.3008 975 -35.9
-74.525 5.3008 1385 -33.5
-74.5084 5.3008 1151 -28.5
-74.4917 5.3008 915 -21.2
-74.475 5.3008 1331 -12.7
-74.4583 5.3008 1075 -4.3
-74.4417 5.3008 1319 2.5
-74.425 5.3008 1165 6.5
-74.4084 5.3008 1423 7.2
-74.3917 5.3008 1507 4.8
-74.375 5.3008 1417 0.1
-74.3583 5.3008 1195 -5.7
-74.3417 5.3008 1163 -11.1
-74.325 5.3008 1201 -15.2
-74.3083 5.3008 1257 -17.1
-74.2917 5.3008 1301 -16.5
-74.275 5.3008 1303 -13.9
-74.2584 5.3008 1285 -9.5
-74.2417 5.3008 1425 -4.3
-74.225 5.3008 1501 1.5
-74.2083 5.3008 1625 7.4
-74.1917 5.3008 1519 13.7
-74.175 5.3008 1695 21.1
-74.1584 5.3008 1993 30.4
-74.1417 5.3008 1765 42.7
-74.125 5.3008 2065 58.9
-74.1083 5.3008 2061 79.2
-74.0917 5.3008 1851 103.8
-74.075 5.3008 2117 131.6
-74.0583 5.3008 2305 161.6
-74.0417 5.3008 2549 191.3
-74.025 5.3008 2833 219.3
-74.0084 5.3008 3053 243
-73.9917 5.3008 3167 261.2
-73.975 5.3008 3399 272.6
-73.9583 5.3008 3513 276.9
-73.9417 5.3008 3193 274.6
-73.925 5.3008 2983 266.5
-73.9084 5.3008 2867 254.3
-73.8917 5.3008 2915 239.2
-73.875 5.3008 2873 223.1
-73.8583 5.3008 2765 207
-73.8417 5.3008 2705 192.4
-73.825 5.3008 2629 179.8
-73.8083 5.3008 2555 170.3
-73.7917 5.3008 2549 164.1
-73.775 5.3008 2553 161.7
-73.7584 5.3008 2665 163.1
-73.7417 5.3008 2823 168.2
-73.725 5.3008 2737 176.3
-73.7083 5.3008 2633 186.3
-73.6917 5.3008 2879 197.2
-73.675 5.3008 2983 207.2
-73.6584 5.3008 3029 215
-73.6417 5.3008 2927 219.2
-73.625 5.3008 2849 219.2
-73.6083 5.3008 2901 214.8
-73.5917 5.3008 2945 206.2
-73.575 5.3008 2769 194.5
-73.5583 5.3008 2613 180.6
-73.5417 5.3008 2529 165.7
-73.525 5.3008 2597 150.6
-73.5084 5.3008 2543 136.1
-73.4917 5.3008 2639 122.6
-73.475 5.3008 2789 110.8
-73.4583 5.3008 2697 101.2
-73.4417 5.3008 2421 94.9
-73.425 5.3008 2197 93.1
-73.4084 5.3008 2161 97.2
-73.3917 5.3008 2139 107.9
-73.375 5.3008 2389 125.2
-73.3583 5.3008 2671 148.4
-73.3417 5.3008 2839 174.3
-73.325 5.3008 2837 199.7
-73.3083 5.3008 2739 219.4
-73.2917 5.3008 2707 229.7
-73.275 5.3008 2927 226.9
-73.2584 5.3008 2851 210
-73.2417 5.3008 2679 180.5
-73.225 5.3008 2611 142.3
-73.2083 5.3008 2225 102.7
-73.1917 5.3008 1997 68
-73.175 5.3008 1637 46.4
-73.1584 5.3008 1539 42.4
-73.1417 5.3008 1633 58.1
-73.125 5.3008 1779 92.3
-73.1083 5.3008 2047 138.5
-73.0917 5.3008 2511 190.3
-73.075 5.3008 2925 237.1
-73.0583 5.3008 3005 272.2
-73.0417 5.3008 2839 289.3
-73.025 5.3008 2629 286.9
-73.0084 5.3008 2325 267.4
-72.9917 5.3008 1997 235.3
-72.975 5.3008 1885 199.5
-72.9583 5.3008 1973 166.4
-72.9417 5.3008 1853 143.1
-72.925 5.3008 1943 132.4
-74.9084 5.2843 687 -31
-74.8917 5.2843 521 -40.9
-74.875 5.2843 403 -47.8
-74.8583 5.2843 351 -52
-74.8417 5.2843 335 -54.6
-74.825 5.2843 371 -57.1
-74.8083 5.2843 377 -61
-74.7917 5.2843 273 -66.8
-74.775 5.2843 269 -74.1
-74.7584 5.2843 233 -81.8
-74.7417 5.2843 201 -87.8
-74.725 5.2843 251 -90.7
-74.7083 5.2843 429 -89.2
-74.6917 5.2843 507 -83.1
-74.675 5.2843 439 -73.6
-74.6584 5.2843 421 -62
-74.6417 5.2843 523 -50.7
-74.625 5.2843 677 -41.2
-74.6083 5.2843 983 -34.8
-74.5917 5.2843 873 -31.6
-74.575 5.2843 531 -31
-74.5583 5.2843 563 -31.7
-74.5417 5.2843 895 -32.1
-74.525 5.2843 1395 -30.9
-74.5084 5.2843 1051 -27.6
-74.4917 5.2843 849 -22
-74.475 5.2843 1233 -15.1
-74.4583 5.2843 1055 -7.9
-74.4417 5.2843 1289 -2.1
-74.425 5.2843 1077 1.6
-74.4084 5.2843 1299 2.5
-74.3917 5.2843 1597 0.7
-74.375 5.2843 1377 -3.1
-74.3583 5.2843 1363 -7.8
-74.3417 5.2843 1259 -11.9
-74.325 5.2843 1203 -14.4
-74.3083 5.2843 1159 -14.3
-74.2917 5.2843 1253 -11.3
-74.275 5.2843 1381 -5.8
-74.2584 5.2843 1441 2
-74.2417 5.2843 1397 10.8
-74.225 5.2843 1561 20
-74.2083 5.2843 1853 28.8
-74.1917 5.2843 1625 37.4
-74.175 5.2843 1819 46.1
-74.1584 5.2843 2107 55.9
-74.1417 5.2843 2155 68.1
-74.125 5.2843 2185 83.9
-74.1083 5.2843 2421 104.2
-74.0917 5.2843 2221 129.3
-74.075 5.2843 2107 158.2
-74.0583 5.2843 2391 189.7
-74.0417 5.2843 2601 220.9
-74.025 5.2843 2839 249.5
-74.0084 5.2843 3179 272.4
-73.9917 5.2843 3533 287.7
-73.975 5.2843 3537 293.8
-73.9583 5.2843 3435 290.9
-73.9417 5.2843 3265 280.1
-73.925 5.2843 3071 263.1
-73.9084 5.2843 2893 242.7
-73.8917 5.2843 2961 221.2
-73.875 5.2843 3015 201.3
-73.8583 5.2843 2905 184.2
-73.8417 5.2843 2743 171.3
-73.825 5.2843 2611 162.8
-73.8083 5.2843 2551 158.5
-73.7917 5.2843 2545 157.8
-73.775 5.2843 2623 160.2
-73.7584 5.2843 2793 165
-73.7417 5.2843 2801 171.4
-73.725 5.2843 2711 178.9
-73.7083 5.2843 2663 186.6
-73.6917 5.2843 2867 193.9
-73.675 5.2843 2903 200
-73.6584 5.2843 2861 204.2
-73.6417 5.2843 2837 205.9
-73.625 5.2843 2915 205
-73.6083 5.2843 2989 201.6
-73.5917 5.2843 2871 195.9
-73.575 5.2843 2851 188.4
-73.5583 5.2843 2711 179.4
-73.5417 5.2843 2857 169.1
-73.525 5.2843 2905 157.6
-73.5084 5.2843 2679 145.1
-73.4917 5.2843 2873 131.6
-73.475 5.2843 2913 118.1
-73.4583 5.2843 2573 105.6
-73.4417 5.2843 2439 96.1
-73.425 5.2843 2387 91.7
-73.4084 5.2843 2165 94.5
-73.3917 5.2843 2105 105.7
-73.375 5.2843 2437 125.5
-73.3583 5.2843 2791 152.5
-73.3417 5.2843 2859 182.6
-73.325 5.2843 2755 211.8
-73.3083 5.2843 2625 233.8
-73.2917 5.2843 2777 244.5
-73.275 5.2843 2729 240
-73.2584 5.2843 2703 219.6
-73.2417 5.2843 2695 185.8
-73.225 5.2843 2663 143
-73.2083 5.2843 2479 99.6
-73.1917 5.2843 2295 62.2
-73.175 5.2843 1773 39.1
-73.1584 5.2843 1447 34.4
-73.1417 5.2843 1671 49.5
-73.125 5.2843 2095 82.5
-73.1083 5.2843 2367 126.7
-73.0917 5.2843 2511 175
-73.075 5.2843 2439 217.7
-73.0583 5.2843 2485 248.4
-73.0417 5.2843 2511 261.6
-73.025 5.2843 2457 256.6
-73.0084 5.2843 2211 236.2
-72.9917 5.2843 1941 205
-72.975 5.2843 1673 171.4
-72.9583 5.2843 1745 141
-72.9417 5.2843 1905 120.1
-72.925 5.2843 2241 110.5
-74.9084 5.2677 679 -30.3
-74.8917 5.2677 517 -39.6
-74.875 5.2677 407 -45.7
-74.8583 5.2677 371 -49.3
-74.8417 5.2677 345 -51.8
-74.825 5.2677 335 -54.8
-74.8083 5.2677 389 -59.5
-74.7917 5.2677 417 -66.5
-74.775 5.2677 325 -75
-74.7584 5.2677 273 -83.7
-74.7417 5.2677 271 -90.3
-74.725 5.2677 223 -93.3
-74.7083 5.2677 479 -91.5
-74.6917 5.2677 421 -84.8
-74.675 5.2677 419 -74.4
-74.6584 5.2677 507 -61.9
-74.6417 5.2677 745 -49.7
-74.625 5.2677 765 -39.4
-74.6083 5.2677 1055 -32.6
-74.5917 5.2677 933 -29.3
-74.575 5.2677 549 -29
-74.5583 5.2677 593 -30.4
-74.5417 5.2677 1113 -31.9
-74.525 5.2677 1459 -32.2
-74.5084 5.2677 1031 -30.5
-74.4917 5.2677 763 -26.6
-74.475 5.2677 945 -21.2
-74.4583 5.2677 857 -15.2
-74.4417 5.2677 1007 -9.8
-74.425 5.2677 1103 -5.9
-74.4084 5.2677 1221 -4.4
-74.3917 5.2677 1559 -5
-74.375 5.2677 1349 -7.3
-74.3583 5.2677 1147 -10.3
-74.3417 5.2677 1247 -12.7
-74.325 5.2677 1441 -13.4
-74.3083 5.2677 1357 -11.4
-74.2917 5.2677 1523 -6.2
-74.275 5.2677 1433 1.8
-74.2584 5.2677 1399 12.2
-74.2417 5.2677 1325 23.8
-74.225 5.2677 1539 35.8
-74.2083 5.2677 1907 47.1
-74.1917 5.2677 1759 57.6
-74.175 5.2677 2001 67.6
-74.1584 5.2677 2233 78.1
-74.1417 5.2677 2587 90.7
-74.125 5.2677 2477 106.9
-74.1083 5.2677 2529 127.8
-74.0917 5.2677 2455 153.9
-74.075 5.2677 2411 184.3
-74.0583 5.2677 2599 217.4
-74.0417 5.2677 2759 249.7
-74.025 5.2677 3005 278.7
-74.0084 5.2677 3289 300.2
-73.9917 5.2677 3639 312.3
-73.975 5.2677 3589 313.4
-73.9583 5.2677 3547 303.7
-73.9417 5.2677 3415 285.3
-73.925 5.2677 3031 260.5
-73.9084 5.2677 2929 233.5
-73.8917 5.2677 3093 207
-73.875 5.2677 3075 184.4
-73.8583 5.2677 2853 167.3
-73.8417 5.2677 2605 156.6
-73.825 5.2677 2575 151.9
-73.8083 5.2677 2549 152.1
-73.7917 5.2677 2553 156.1
-73.775 5.2677 2567 162.1
-73.7584 5.2677 2677 169.1
-73.7417 5.2677 2931 176
-73.725 5.2677 2945 182.2
-73.7083 5.2677 2715 187.3
-73.6917 5.2677 2757 191.2
-73.675 5.2677 2847 193.8
-73.6584 5.2677 2849 195.2
-73.6417 5.2677 2963 195.6
-73.625 5.2677 3057 195.3
-73.6083 5.2677 2945 194.3
-73.5917 5.2677 2839 192.9
-73.575 5.2677 2837 190.9
-73.5583 5.2677 2861 187.9
-73.5417 5.2677 2997 183.1
-73.525 5.2677 3075 175.6
-73.5084 5.2677 2887 165
-73.4917 5.2677 2923 150.9
-73.475 5.2677 2743 134.5
-73.4583 5.2677 2577 117.3
-73.4417 5.2677 2631 102.6
-73.425 5.2677 2327 93
-73.4084 5.2677 2049 92.1
-73.3917 5.2677 2227 101.7
-73.375 5.2677 2443 121.9
-73.3583 5.2677 2773 151.2
-73.3417 5.2677 2599 184.7
-73.325 5.2677 2499 217.5
-73.3083 5.2677 2473 242.4
-73.2917 5.2677 2739 254.7
-73.275 5.2677 2773 250.2
-73.2584 5.2677 2425 228.3
-73.2417 5.2677 2397 192.1
-73.225 5.2677 2451 146.6
-73.2083 5.2677 2283 100.7
-73.1917 5.2677 1925 61.4
-73.175 5.2677 1563 36.7
-73.1584 5.2677 1379 30.5
-73.1417 5.2677 1701 43.7
-73.125 5.2677 1975 73.9
-73.1083 5.2677 2119 114.1
-73.0917 5.2677 2087 157.5
-73.075 5.2677 2087 194.8
-73.0583 5.2677 2165 220.5
-73.0417 5.2677 2185 230.1
-73.025 5.2677 2263 223.3
-73.0084 5.2677 2357 203.3
-72.9917 5.2677 2121 174.7
-72.975 5.2677 1945 144.8
-72.9583 5.2677 1567 118.6
-72.9417 5.2677 1757 101.1
-72.925 5.2677 1835 93.4
-74.9084 5.251 661 -30.2
-74.8917 5.251 489 -38.6
-74.875 5.251 387 -44
-74.8583 5.251 371 -47.1
-74.8417 5.251 387 -49.5
-74.825 5.251 341 -52.9
-74.8083 5.251 393 -58.5
-74.7917 5.251 519 -66.6
-74.775 5.251 419 -76.1
-74.7584 5.251 321 -85.6
-74.7417 5.251 323 -92.7
-74.725 5.251 243 -95.8
-74.7083 5.251 479 -93.7
-74.6917 5.251 401 -86.5
-74.675 5.251 373 -75.5
-74.6584 5.251 467 -62.4
-74.6417 5.251 619 -49.8
-74.625 5.251 829 -39.3
-74.6083 5.251 987 -32.5
-74.5917 5.251 875 -29.6
-74.575 5.251 491 -29.9
-74.5583 5.251 679 -32.4
-74.5417 5.251 1249 -35.3
-74.525 5.251 1497 -37.3
-74.5084 5.251 921 -37.3
-74.4917 5.251 751 -35.1
-74.475 5.251 725 -31
-74.4583 5.251 851 -25.7
-74.4417 5.251 917 -20.4
-74.425 5.251 1119 -15.9
-74.4084 5.251 1435 -13
-74.3917 5.251 1427 -11.8
-74.375 5.251 1481 -12
-74.3583 5.251 1123 -12.9
-74.3417 5.251 1197 -13.3
-74.325 5.251 1253 -12.2
-74.3083 5.251 1129 -8.6
-74.2917 5.251 1309 -2
-74.275 5.251 1287 7.5
-74.2584 5.251 1405 19.4
-74.2417 5.251 1317 32.5
-74.225 5.251 1535 46.1
-74.2083 5.251 1957 58.8
-74.1917 5.251 1999 70.6
-74.175 5.251 2209 81.7
-74.1584 5.251 2339 93.2
-74.1417 5.251 2573 106.7
-74.125 5.251 2757 124
-74.1083 5.251 2805 146.4
-74.0917 5.251 2741 174.3
-74.075 5.251 2771 206.7
-74.0583 5.251 2873 241.8
-74.0417 5.251 2993 275.5
-74.025 5.251 3293 304.7
-74.0084 5.251 3419 324.9
-73.9917 5.251 3597 334
-73.975 5.251 3643 330.5
-73.9583 5.251 3555 315
-73.9417 5.251 3271 290.2
-73.925 5.251 3067 259.3
-73.9084 5.251 3217 227.3
-73.8917 5.251 3141 197.5
-73.875 5.251 2899 173.7
-73.8583 5.251 2699 157.3
-73.8417 5.251 2657 149
-73.825 5.251 2613 147.8
-73.8083 5.251 2729 151.8
-73.7917 5.251 2577 159.2
-73.775 5.251 2557 167.6
-73.7584 5.251 2717 175.6
-73.7417 5.251 2967 182
-73.725 5.251 2943 186.3
-73.7083 5.251 2805 188.7
-73.6917 5.251 2905 189.4
-73.675 5.251 2935 189.2
-73.6584 5.251 3055 188.6
-73.6417 5.251 3097 188.6
-73.625 5.251 2953 189.6
-73.6083 5.251 2909 192
-73.5917 5.251 2813 195.8
-73.575 5.251 2857 200
-73.5583 5.251 2931 203.6
-73.5417 5.251 3115 204.7
-73.525 5.251 3243 201.5
-73.5084 5.251 3183 192.7
-73.4917 5.251 2951 177.6
-73.475 5.251 2681 157.6
-73.4583 5.251 2765 134.6
-73.4417 5.251 2713 113.1
-73.425 5.251 2391 96.6
-73.4084 5.251 2061 90.1
-73.3917 5.251 2173 96
-73.375 5.251 2539 114.7
-73.3583 5.251 2503 144.9
-73.3417 5.251 2441 180.7
-73.325 5.251 2231 216.9
-73.3083 5.251 2297 245
-73.2917 5.251 2693 259.9
-73.275 5.251 2829 256.9
-73.2584 5.251 2561 235.5
-73.2417 5.251 2379 199
-73.225 5.251 2093 152.6
-73.2083 5.251 1883 105.7
-73.1917 5.251 1623 65.2
-73.175 5.251 1491 39.1
-73.1584 5.251 1333 30.9
-73.1417 5.251 1569 41.1
-73.125 5.251 1699 67.1
-73.1083 5.251 1729 101.8
-73.0917 5.251 1741 139
-73.075 5.251 1871 170.1
-73.0583 5.251 1981 190.5
-73.0417 5.251 2039 196.7
-73.025 5.251 2147 188.9
-73.0084 5.251 2291 170.6
-72.9917 5.251 2371 145.8
-72.975 5.251 2101 121
-72.9583 5.251 1621 100.1
-72.9417 5.251 1417 86.7
-72.925 5.251 1851 81.4
-74.9084 5.2345 665 -30.5
-74.8917 5.2345 479 -38.2
-74.875 5.2345 417 -42.9
-74.8583 5.2345 401 -45.7
-74.8417 5.2345 405 -48.2
-74.825 5.2345 391 -52
-74.8083 5.2345 323 -58.3
-74.7917 5.2345 361 -67.3
-74.775 5.2345 421 -77.5
-74.7584 5.2345 417 -87.5
-74.7417 5.2345 373 -94.8
-74.725 5.2345 253 -97.8
-74.7083 5.2345 485 -95.5
-74.6917 5.2345 331 -88
-74.675 5.2345 377 -76.7
-74.6584 5.2345 623 -63.4
-74.6417 5.2345 727 -50.9
-74.625 5.2345 873 -40.6
-74.6083 5.2345 1007 -34.3
-74.5917 5.2345 729 -32.2
-74.575 5.2345 497 -33.6
-74.5583 5.2345 707 -37.3
-74.5417 5.2345 1231 -41.8
-74.525 5.2345 1049 -45.5
-74.5084 5.2345 731 -47.2
-74.4917 5.2345 815 -46.5
-74.475 5.2345 871 -43.5
-74.4583 5.2345 921 -38.6
-74.4417 5.2345 1059 -32.9
-74.425 5.2345 1375 -27.2
-74.4084 5.2345 1027 -22.4
-74.3917 5.2345 1189 -18.8
-74.375 5.2345 1349 -16.4
-74.3583 5.2345 1153 -14.8
-74.3417 5.2345 1511 -13.2
-74.325 5.2345 1319 -10.6
-74.3083 5.2345 1177 -6.1
-74.2917 5.2345 1123 0.8
-74.275 5.2345 1161 10.3
-74.2584 5.2345 1253 22
-74.2417 5.2345 1315 34.9
-74.225 5.2345 1517 48.4
-74.2083 5.2345 1997 61.2
-74.1917 5.2345 2081 73.3
-74.175 5.2345 2023 85
-74.1584 5.2345 2263 97.4
-74.1417 5.2345 2629 112.4
-74.125 5.2345 2757 131.6
-74.1083 5.2345 2779 156.3
-74.0917 5.2345 2961 187
-74.075 5.2345 3043 222
-74.0583 5.2345 3091 259.5
-74.0417 5.2345 3281 294.7
-74.025 5.2345 3599 324.4
-74.0084 5.2345 3559 343.6
-73.9917 5.2345 3519 350.3
-73.975 5.2345 3673 343.1
-73.9583 5.2345 3485 323.1
-73.9417 5.2345 3235 293.9
-73.925 5.2345 3287 258.9
-73.9084 5.2345 3211 224.1
-73.8917 5.2345 3093 192.9
-73.875 5.2345 2887 169.3
-73.8583 5.2345 2669 154.5
-73.8417 5.2345 2749 148.7
-73.825 5.2345 2935 150.5
-73.8083 5.2345 2777 157.3
-73.7917 5.2345 2651 166.7
-73.775 5.2345 2673 176
-73.7584 5.2345 2795 183.8
-73.7417 5.2345 2981 188.9
-73.725 5.2345 2823 191
-73.7083 5.2345 2849 190.7
-73.6917 5.2345 3011 188.6
-73.675 5.2345 3073 186.1
-73.6584 5.2345 3005 184.3
-73.6417 5.2345 2981 184.4
-73.625 5.2345 2941 187.3
-73.6083 5.2345 2871 193.4
-73.5917 5.2345 2779 202.4
-73.575 5.2345 2847 212.8
-73.5583 5.2345 3073 223
-73.5417 5.2345 3303 229.9
-73.525 5.2345 3297 231
-73.5084 5.2345 3213 224
-73.4917 5.2345 2879 208
-73.475 5.2345 2849 184.3
-73.4583 5.2345 2789 155.2
-73.4417 5.2345 2577 126.3
-73.425 5.2345 2369 102
-73.4084 5.2345 2021 88.6
-73.3917 5.2345 2147 89.2
-73.375 5.2345 2431 105
-73.3583 5.2345 2137 134.5
-73.3417 5.2345 2079 171.6
-73.325 5.2345 2103 210.5
-73.3083 5.2345 2359 241.9
-73.2917 5.2345 2791 260.1
-73.275 5.2345 2851 260
-73.2584 5.2345 2849 240.9
-73.2417 5.2345 2491 206.1
-73.225 5.2345 2107 160.9
-73.2083 5.2345 1723 114.5
-73.1917 5.2345 1493 74
-73.175 5.2345 1411 46.9
-73.1584 5.2345 1247 36.5
-73.1417 5.2345 1283 43
-73.125 5.2345 1403 63.6
-73.1083 5.2345 1459 91.9
-73.0917 5.2345 1569 121.9
-73.075 5.2345 1767 146.3
-73.0583 5.2345 1779 161.3
-73.0417 5.2345 1837 164.4
-73.025 5.2345 2041 156.4
-73.0084 5.2345 2387 140.6
-72.9917 5.2345 2071 120.7
-72.975 5.2345 1687 101.8
-72.9583 5.2345 1389 87
-72.9417 5.2345 1465 78.2
-72.925 5.2345 1873 75.5
-74.9084 5.2178 633 -31.2
-74.8917 5.2178 469 -38.3
-74.875 5.2178 439 -42.5
-74.8583 5.2178 423 -45
-74.8417 5.2178 383 -47.6
-74.825 5.2178 373 -51.9
-74.8083 5.2178 333 -58.9
-74.7917 5.2178 315 -68.4
-74.775 5.2178 289 -79.1
-74.7584 5.2178 313 -89.3
-74.7417 5.2178 289 -96.6
-74.725 5.2178 355 -99.5
-74.7083 5.2178 391 -96.9
-74.6917 5.2178 303 -89.2
-74.675 5.2178 403 -77.9
-74.6584 5.2178 591 -64.8
-74.6417 5.2178 813 -52.5
-74.625 5.2178 1039 -42.8
-74.6083 5.2178 1035 -37.2
-74.5917 5.2178 617 -35.9
-74.575 5.2178 517 -38.3
-74.5583 5.2178 815 -43.4
-74.5417 5.2178 1339 -49.3
-74.525 5.2178 989 -54.6
-74.5084 5.2178 671 -58
-74.4917 5.2178 685 -58.8
-74.475 5.2178 717 -56.7
-74.4583 5.2178 645 -52.1
-74.4417 5.2178 839 -45.7
-74.425 5.2178 967 -38.4
-74.4084 5.2178 825 -31.3
-74.3917 5.2178 1223 -24.8
-74.375 5.2178 1265 -19.6
-74.3583 5.2178 1149 -15.4
-74.3417 5.2178 1659 -11.8
-74.325 5.2178 1359 -8.1
-74.3083 5.2178 1465 -3.5
-74.2917 5.2178 1337 2.6
-74.275 5.2178 1209 10.6
-74.2584 5.2178 1393 20.5
-74.2417 5.2178 1517 31.5
-74.225 5.2178 1591 43.2
-74.2083 5.2178 1831 54.8
-74.1917 5.2178 1809 66.2
-74.175 5.2178 1831 78
-74.1584 5.2178 1987 91.4
-74.1417 5.2178 2227 108.1
-74.125 5.2178 2415 129.7
-74.1083 5.2178 2581 157.3
-74.0917 5.2178 2767 191.2
-74.075 5.2178 2909 229.3
-74.0583 5.2178 3247 269.3
-74.0417 5.2178 3551 306.1
-74.025 5.2178 3585 336.2
-74.0084 5.2178 3619 354.6
-73.9917 5.2178 3659 359.2
-73.975 5.2178 3579 349.3
-73.9583 5.2178 3481 326.2
-73.9417 5.2178 3355 294.2
-73.925 5.2178 3171 257.3
-73.9084 5.2178 3113 221.7
-73.8917 5.2178 3103 191
-73.875 5.2178 2843 169.1
-73.8583 5.2178 2763 156.7
-73.8417 5.2178 2857 153.6
-73.825 5.2178 2979 157.8
-73.8083 5.2178 2953 166.4
-73.7917 5.2178 2803 176.6
-73.775 5.2178 2939 185.8
-73.7584 5.2178 2995 192.4
-73.7417 5.2178 2919 195.5
-73.725 5.2178 2825 195.3
-73.7083 5.2178 2857 192.5
-73.6917 5.2178 3009 188.1
-73.675 5.2178 3045 184
-73.6584 5.2178 2939 181.4
-73.6417 5.2178 2817 182
-73.625 5.2178 2867 186.7
-73.6083 5.2178 2803 196.1
-73.5917 5.2178 2769 209.8
-73.575 5.2178 2951 225.8
-73.5583 5.2178 3149 241.9
-73.5417 5.2178 3283 254.2
-73.525 5.2178 3277 259.5
-73.5084 5.2178 3075 254.6
-73.4917 5.2178 2963 238.1
-73.475 5.2178 2727 211.2
-73.4583 5.2178 2407 176.7
-73.4417 5.2178 2207 140.7
-73.425 5.2178 2137 108.6
-73.4084 5.2178 2143 87.9
-73.3917 5.2178 1919 82.5
-73.375 5.2178 2033 94.2
-73.3583 5.2178 1941 121.9
-73.3417 5.2178 2105 159.3
-73.325 5.2178 2301 200.1
-73.3083 5.2178 2547 234.7
-73.2917 5.2178 2875 256.7
-73.275 5.2178 3155 260.5
-73.2584 5.2178 2995 245.1
-73.2417 5.2178 2727 213.7
-73.225 5.2178 2395 171.4
-73.2083 5.2178 2199 127.1
-73.1917 5.2178 1877 87.6
-73.175 5.2178 1531 60.1
-73.1584 5.2178 1433 47.5
-73.1417 5.2178 1205 49.8
-73.125 5.2178 1175 64.5
-73.1083 5.2178 1251 85.5
-73.0917 5.2178 1523 107.8
-73.075 5.2178 1567 125.2
-73.0583 5.2178 1569 134.8
-73.0417 5.2178 1813 135.2
-73.025 5.2178 2289 127.5
-73.0084 5.2178 2533 115
-72.9917 5.2178 2105 100.6
-72.975 5.2178 1885 88.2
-72.9583 5.2178 1587 79.7
-72.9417 5.2178 1287 75.9
-72.925 5.2178 1675 75.9
-74.9084 5.2013 569 -31.8
-74.8917 5.2013 481 -38.5
-74.875 5.2013 451 -42.4
-74.8583 5.2013 471 -44.9
-74.8417 5.2013 407 -47.7
-74.825 5.2013 389 -52.5
-74.8083 5.2013 331 -59.8
-74.7917 5.2013 301 -69.8
-74.775 5.2013 325 -80.7
-74.7584 5.2013 253 -90.9
-74.7417 5.2013 245 -98
-74.725 5.2013 291 -100.7
-74.7083 5.2013 319 -97.9
-74.6917 5.2013 281 -90.1
-74.675 5.2013 373 -78.9
-74.6584 5.2013 729 -66
-74.6417 5.2013 951 -54.1
-74.625 5.2013 1199 -44.8
-74.6083 5.2013 895 -39.6
-74.5917 5.2013 525 -38.9
-74.575 5.2013 561 -42
-74.5583 5.2013 661 -48
-74.5417 5.2013 1061 -55.1
-74.525 5.2013 971 -62
-74.5084 5.2013 585 -66.9
-74.4917 5.2013 555 -69.1
-74.475 5.2013 579 -67.9
-74.4583 5.2013 677 -63.5
-74.4417 5.2013 709 -56.5
-74.425 5.2013 727 -47.6
-74.4084 5.2013 849 -38.1
-74.3917 5.2013 1211 -28.8
-74.375 5.2013 1079 -20.6
-74.3583 5.2013 1263 -13.8
-74.3417 5.2013 1725 -8.6
-74.325 5.2013 1581 -4.3
-74.3083 5.2013 1603 -0.4
-74.2917 5.2013 1481 4
-74.275 5.2013 1377 9.4
-74.2584 5.2013 1189 16
-74.2417 5.2013 1265 23.8
-74.225 5.2013 1289 32.5
-74.2083 5.2013 1431 41.7
-74.1917 5.2013 1619 51.8
-74.175 5.2013 2047 63.2
-74.1584 5.2013 2141 77.4
-74.1417 5.2013 2241 95.7
-74.125 5.2013 2373 119.9
-74.1083 5.2013 2477 150.5
-74.0917 5.2013 2455 187.5
-74.075 5.2013 2691 228.3
-74.0583 5.2013 3259 270.3
-74.0417 5.2013 3637 308.2
-74.025 5.2013 3431 338.2
-74.0084 5.2013 3503 355.5
-73.9917 5.2013 3411 358.4
-73.975 5.2013 3501 346.4
-73.9583 5.2013 3513 321.6
-73.9417 5.2013 3239 288.6
-73.925 5.2013 3035 251.8
-73.9084 5.2013 3109 217.4
-73.8917 5.2013 3055 189.1
-73.875 5.2013 2995 170.1
-73.8583 5.2013 2965 160.9
-73.8417 5.2013 3021 160.5
-73.825 5.2013 3051 166.8
-73.8083 5.2013 2965 176.2
-73.7917 5.2013 2947 186.3
-73.775 5.2013 2899 194.3
-73.7584 5.2013 2873 199.1
-73.7417 5.2013 2845 200.1
-73.725 5.2013 2947 197.7
-73.7083 5.2013 2913 192.9
-73.6917 5.2013 3031 186.9
-73.675 5.2013 2997 181.7
-73.6584 5.2013 2873 178.7
-73.6417 5.2013 2779 179.7
-73.625 5.2013 2789 185.8
-73.6083 5.2013 2755 197.5
-73.5917 5.2013 2939 214.5
-73.575 5.2013 3019 234.8
-73.5583 5.2013 3247 255.6
-73.5417 5.2013 3311 272.5
-73.525 5.2013 3151 281.7
-73.5084 5.2013 3007 279.1
-73.4917 5.2013 2835 263.1
-73.475 5.2013 2461 234.5
-73.4583 5.2013 2407 195.9
-73.4417 5.2013 2387 154.4
-73.425 5.2013 2465 115.8
-73.4084 5.2013 2421 88.5
-73.3917 5.2013 1933 77.2
-73.375 5.2013 1823 84.6
-73.3583 5.2013 2093 109.6
-73.3417 5.2013 2349 146.3
-73.325 5.2013 2625 188.3
-73.3083 5.2013 2825 225.4
-73.2917 5.2013 3277 251.1
-73.275 5.2013 3227 259.3
-73.2584 5.2013 2983 248.7
-73.2417 5.2013 2759 222
-73.225 5.2013 2577 184
-73.2083 5.2013 2437 143.2
-73.1917 5.2013 1979 105.8
-73.175 5.2013 1731 78.5
-73.1584 5.2013 1649 64
-73.1417 5.2013 1433 62.2
-73.125 5.2013 1183 70.6
-73.1083 5.2013 1091 84.2
-73.0917 5.2013 1249 98.5
-73.075 5.2013 1285 108.9
-73.0583 5.2013 1637 113.4
-73.0417 5.2013 2011 111.5
-73.025 5.2013 2497 104.5
-73.0084 5.2013 2241 95.5
-72.9917 5.2013 2017 86.9
-72.975 5.2013 2019 81.1
-72.9583 5.2013 1603 78.9
-72.9417 5.2013 1229 79.9
-72.925 5.2013 1417 82.4
-74.9084 5.1847 567 -32.2
-74.8917 5.1847 459 -38.6
-74.875 5.1847 443 -42.4
-74.8583 5.1847 435 -45
-74.8417 5.1847 417 -48.1
-74.825 5.1847 361 -53.2
-74.8083 5.1847 347 -61
-74.7917 5.1847 351 -71.1
-74.775 5.1847 285 -82
-74.7584 5.1847 253 -92.1
-74.7417 5.1847 393 -99
-74.725 5.1847 353 -101.4
-74.7083 5.1847 265 -98.6
-74.6917 5.1847 247 -90.8
-74.675 5.1847 355 -79.6
-74.6584 5.1847 587 -66.9
-74.6417 5.1847 981 -55
-74.625 5.1847 1323 -45.7
-74.6083 5.1847 867 -40.5
-74.5917 5.1847 535 -39.6
-74.575 5.1847 647 -42.8
-74.5583 5.1847 671 -49.2
-74.5417 5.1847 655 -57.1
-74.525 5.1847 655 -65
-74.5084 5.1847 795 -71.4
-74.4917 5.1847 617 -75
-74.475 5.1847 603 -75
-74.4583 5.1847 687 -71.1
-74.4417 5.1847 729 -63.8
-74.425 5.1847 811 -53.6
-74.4084 5.1847 1021 -42
-74.3917 5.1847 989 -30.1
-74.375 5.1847 1139 -19.3
-74.3583 5.1847 1535 -10.2
-74.3417 5.1847 1523 -3.6
-74.325 5.1847 1531 0.9
-74.3083 5.1847 1369 3.8
-74.2917 5.1847 1367 5.9
-74.275 5.1847 1501 8
-74.2584 5.1847 1309 10.8
-74.2417 5.1847 1445 14.7
-74.225 5.1847 1481 19.9
-74.2083 5.1847 1535 26.4
-74.1917 5.1847 1501 34.8
-74.175 5.1847 1751 45.7
-74.1584 5.1847 1939 60.5
-74.1417 5.1847 2129 80.4
-74.125 5.1847 2183 106.8
-74.1083 5.1847 2191 139.9
-74.0917 5.1847 2441 179.2
-74.075 5.1847 2833 221.7
-74.0583 5.1847 3327 264.6
-74.0417 5.1847 3485 302.4
-74.025 5.1847 3317 331.2
-74.0084 5.1847 3245 346.8
-73.9917 5.1847 3363 347.5
-73.975 5.1847 3465 333.9
-73.9583 5.1847 3211 308.1
-73.9417 5.1847 3015 275.5
-73.925 5.1847 3033 240.4
-73.9084 5.1847 3063 208.9
-73.8917 5.1847 3103 184.4
-73.875 5.1847 3057 169.4
-73.8583 5.1847 3047 164
-73.8417 5.1847 2971 166.4
-73.825 5.1847 2889 174.2
-73.8083 5.1847 2915 183.9
-73.7917 5.1847 2859 193
-73.775 5.1847 2877 199.4
-73.7584 5.1847 2919 202
-73.7417 5.1847 2985 201
-73.725 5.1847 2937 196.7
-73.7083 5.1847 2881 190.6
-73.6917 5.1847 2935 183.9
-73.675 5.1847 2899 178.2
-73.6584 5.1847 2741 175.1
-73.6417 5.1847 2721 176.2
-73.625 5.1847 2717 182.8
-73.6083 5.1847 2865 195.6
-73.5917 5.1847 3025 214.4
-73.575 5.1847 3127 237.1
-73.5583 5.1847 3307 261.2
-73.5417 5.1847 3167 281.6
-73.525 5.1847 3037 294.3
-73.5084 5.1847 3057 294.4
-73.4917 5.1847 2747 280
-73.475 5.1847 2663 251.3
-73.4583 5.1847 2669 210.9
-73.4417 5.1847 2657 166
-73.425 5.1847 2775 122.8
-73.4084 5.1847 2397 90.4
-73.3917 5.1847 1889 74.1
-73.375 5.1847 1853 77.3
-73.3583 5.1847 2157 99.3
-73.3417 5.1847 2425 134.6
-73.325 5.1847 2437 176.8
-73.3083 5.1847 2721 215.8
-73.2917 5.1847 3253 244.7
-73.275 5.1847 3257 257.3
-73.2584 5.1847 3123 251.9
-73.2417 5.1847 2999 230.7
-73.225 5.1847 2981 198
-73.2083 5.1847 2563 161.6
-73.1917 5.1847 2119 127.2
-73.175 5.1847 1927 100.8
-73.1584 5.1847 1761 84.8
-73.1417 5.1847 1563 79
-73.125 5.1847 1373 81.3
-73.1083 5.1847 1121 87.4
-73.0917 5.1847 1143 93.9
-73.075 5.1847 1425 97.6
-73.0583 5.1847 1907 97.1
-73.0417 5.1847 2213 93.2
-73.025 5.1847 2297 87.3
-73.0084 5.1847 2073 82
-72.9917 5.1847 1767 79.1
-72.975 5.1847 1587 79.8
-72.9583 5.1847 1363 83.7
-72.9417 5.1847 1183 89.1
-72.925 5.1847 1519 94
-74.9084 5.1681 527 -32.2
-74.8917 5.1681 433 -38.4
-74.875 5.1681 501 -42.3
-74.8583 5.1681 561 -45
-74.8417 5.1681 419 -48.5
-74.825 5.1681 451 -53.9
-74.8083 5.1681 469 -61.9
-74.7917 5.1681 417 -72.1
-74.775 5.1681 285 -83
-74.7584 5.1681 263 -92.9
-74.7417 5.1681 447 -99.7
-74.725 5.1681 275 -101.9
-74.7083 5.1681 259 -99
-74.6917 5.1681 239 -91.2
-74.675 5.1681 451 -80
-74.6584 5.1681 609 -67.1
-74.6417 5.1681 1013 -54.7
-74.625 5.1681 1277 -44.6
-74.6083 5.1681 767 -38.4
-74.5917 5.1681 599 -36.5
-74.575 5.1681 803 -38.8
-74.5583 5.1681 889 -44.7
-74.5417 5.1681 913 -52.7
-74.525 5.1681 957 -61.4
-74.5084 5.1681 933 -69
-74.4917 5.1681 657 -74.2
-74.475 5.1681 739 -75.7
-74.4583 5.1681 881 -72.9
-74.4417 5.1681 821 -65.9
-74.425 5.1681 823 -55.3
-74.4084 5.1681 1097 -42.5
-74.3917 5.1681 911 -28.6
-74.375 5.1681 1189 -15.8
-74.3583 5.1681 1517 -5
-74.3417 5.1681 1267 2.7
-74.325 5.1681 1431 7.3
-74.3083 5.1681 1313 9.1
-74.2917 5.1681 1207 9
-74.275 5.1681 1351 8.2
-74.2584 5.1681 1529 7.7
-74.2417 5.1681 1583 8.2
-74.225 5.1681 1737 10.3
-74.2083 5.1681 1603 14.6
-74.1917 5.1681 1661 21.6
-74.175 5.1681 1555 32.1
-74.1584 5.1681 1707 47.4
-74.1417 5.1681 1873 68.5
-74.125 5.1681 1961 96.4
-74.1083 5.1681 2133 130.8
-74.0917 5.1681 2355 170.8
-74.075 5.1681 2631 213.2
-74.0583 5.1681 3051 255
-74.0417 5.1681 3379 290.6
-74.025 5.1681 3243 316.6
-74.0084 5.1681 3163 329.1
-73.9917 5.1681 3219 327.1
-73.975 5.1681 3191 311.6
-73.9583 5.1681 3005 285.4
-73.9417 5.1681 2979 254
-73.925 5.1681 3137 221.8
-73.9084 5.1681 3133 194.5
-73.8917 5.1681 3025 174.8
-73.875 5.1681 2937 164.6
-73.8583 5.1681 2909 163.2
-73.8417 5.1681 2797 168.3
-73.825 5.1681 2847 177.2
-73.8083 5.1681 2933 186.5
-73.7917 5.1681 2891 194.2
-73.775 5.1681 2919 198.5
-73.7584 5.1681 3081 199
-73.7417 5.1681 2983 196.3
-73.725 5.1681 2845 191.1
-73.7083 5.1681 2841 184.6
-73.6917 5.1681 2815 177.9
-73.675 5.1681 2689 172.5
-73.6584 5.1681 2659 169.4
-73.6417 5.1681 2719 170.3
-73.625 5.1681 2863 176.4
-73.6083 5.1681 3061 188.7
-73.5917 5.1681 3177 207.3
-73.575 5.1681 3333 230.5
-73.5583 5.1681 3207 255.9
-73.5417 5.1681 2965 278.5
-73.525 5.1681 2851 294
-73.5084 5.1681 2937 297.2
-73.4917 5.1681 2901 285.5
-73.475 5.1681 2945 258.8
-73.4583 5.1681 2955 219.2
-73.4417 5.1681 3085 173.7
-73.425 5.1681 2711 128.6
-73.4084 5.1681 2191 93.4
-73.3917 5.1681 1769 73.6
-73.375 5.1681 1705 73.4
-73.3583 5.1681 1931 92.6
-73.3417 5.1681 2009 125.9
-73.325 5.1681 2193 167.5
-73.3083 5.1681 2563 207.3
-73.2917 5.1681 2845 238.6
-73.275 5.1681 2979 254.9
-73.2584 5.1681 3161 254.5
-73.2417 5.1681 2945 238.9
-73.225 5.1681 3029 211.9
-73.2083 5.1681 2795 180.5
-73.1917 5.1681 2323 149.7
-73.175 5.1681 2113 124.9
-73.1584 5.1681 1815 107.8
-73.1417 5.1681 1721 98.6
-73.125 5.1681 1541 95.1
-73.1083 5.1681 1233 94.3
-73.0917 5.1681 1123 93.4
-73.075 5.1681 1489 90.7
-73.0583 5.1681 1931 85.8
-73.0417 5.1681 2113 80.2
-73.025 5.1681 2011 75.5
-73.0084 5.1681 1631 73.9
-72.9917 5.1681 1547 76.5
-72.975 5.1681 1303 83.1
-72.9583 5.1681 1117 92.4
-72.9417 5.1681 1471 101.8
-72.925 5.1681 1585 108.8
-74.9084 5.1515 509 -32
-74.8917 5.1515 467 -38.1
-74.875 5.1515 667 -42.1
-74.8583 5.1515 571 -45.1
-74.8417 5.1515 585 -48.8
-74.825 5.1515 497 -54.5
-74.8083 5.1515 383 -62.6
-74.7917 5.1515 333 -72.8
-74.775 5.1515 255 -83.6
-74.7584 5.1515 367 -93.5
-74.7417 5.1515 369 -100.1
-74.725 5.1515 241 -102.4
-74.7083 5.1515 223 -99.5
-74.6917 5.1515 251 -91.7
-74.675 5.1515 391 -80.2
-74.6584 5.1515 637 -66.5
-74.6417 5.1515 1083 -53.1
-74.625 5.1515 1093 -41.3
-74.6083 5.1515 697 -33
-74.5917 5.1515 749 -29
-74.575 5.1515 1019 -29.5
-74.5583 5.1515 1025 -34.1
-74.5417 5.1515 887 -41.6
-74.525 5.1515 929 -50.7
-74.5084 5.1515 915 -59.6
-74.4917 5.1515 695 -66.6
-74.475 5.1515 789 -70
-74.4583 5.1515 799 -69.1
-74.4417 5.1515 951 -63.4
-74.425 5.1515 1023 -53.2
-74.4084 5.1515 1113 -40.1
-74.3917 5.1515 915 -25.4
-74.375 5.1515 1159 -11.3
-74.3583 5.1515 1105 0.7
-74.3417 5.1515 1079 9.1
-74.325 5.1515 1149 13.8
-74.3083 5.1515 1095 15
-74.2917 5.1515 1343 13.5
-74.275 5.1515 1415 10.9
-74.2584 5.1515 1607 8.2
-74.2417 5.1515 1903 6.7
-74.225 5.1515 2135 7.2
-74.2083 5.1515 1803 10.3
-74.1917 5.1515 1885 16.9
-74.175 5.1515 1797 27.7
-74.1584 5.1515 1681 43.6
-74.1417 5.1515 1813 65.3
-74.125 5.1515 1995 93.6
-74.1083 5.1515 2203 127.7
-74.0917 5.1515 2417 166.5
-74.075 5.1515 2819 206.6
-74.0583 5.1515 3217 244.8
-74.0417 5.1515 3301 276.1
-74.025 5.1515 3251 297.3
-74.0084 5.1515 3287 305.2
-73.9917 5.1515 3191 299.4
-73.975 5.1515 2995 281.7
-73.9583 5.1515 2981 255.2
-73.9417 5.1515 3143 225.5
-73.925 5.1515 3143 196.9
-73.9084 5.1515 2961 174.4
-73.8917 5.1515 2823 160.2
-73.875 5.1515 2761 154.9
-73.8583 5.1515 2735 157.5
-73.8417 5.1515 2713 165
-73.825 5.1515 2875 174.6
-73.8083 5.1515 2995 183.2
-73.7917 5.1515 2945 189
-73.775 5.1515 3045 191.2
-73.7584 5.1515 3085 189.9
-73.7417 5.1515 2877 186.1
-73.725 5.1515 2773 180.7
-73.7083 5.1515 2753 174.8
-73.6917 5.1515 2651 169.1
-73.675 5.1515 2643 164.5
-73.6584 5.1515 2679 161.7
-73.6417 5.1515 2775 162
-73.625 5.1515 2943 166.6
-73.6083 5.1515 3171 176.9
-73.5917 5.1515 3311 193.4
-73.575 5.1515 3295 215
-73.5583 5.1515 2971 239.8
-73.5417 5.1515 2735 263.1
-73.525 5.1515 2697 280.7
-73.5084 5.1515 2911 287.1
-73.4917 5.1515 3107 279.2
-73.475 5.1515 3137 256.1
-73.4583 5.1515 3017 219.8
-73.4417 5.1515 2947 176.4
-73.425 5.1515 2597 132.2
-73.4084 5.1515 2045 96.7
-73.3917 5.1515 1815 75.3
-73.375 5.1515 1625 72.9
-73.3583 5.1515 1657 89.4
-73.3417 5.1515 1875 120.6
-73.325 5.1515 2095 160.6
-73.3083 5.1515 2517 200.1
-73.2917 5.1515 2515 232.7
-73.275 5.1515 2575 251.8
-73.2584 5.1515 2755 255.6
-73.2417 5.1515 2731 245.2
-73.225 5.1515 2549 223.9
-73.2083 5.1515 2763 197.7
-73.1917 5.1515 2541 170.8
-73.175 5.1515 2219 148
-73.1584 5.1515 2041 130.5
-73.1417 5.1515 1817 118.3
-73.125 5.1515 1487 109.7
-73.1083 5.1515 1341 102.5
-73.0917 5.1515 1363 94.9
-73.075 5.1515 1143 86.4
-73.0583 5.1515 1483 77.7
-73.0417 5.1515 1775 70.7
-73.025 5.1515 1849 67.2
-73.0084 5.1515 1409 69.2
-72.9917 5.1515 1059 76.8
-72.975 5.1515 1053 88.8
-72.9583 5.1515 1193 103
-72.9417 5.1515 1557 115.8
-72.925 5.1515 1841 124.4
-74.9084 5.1349 437 -32.3
-74.8917 5.1349 391 -38.2
-74.875 5.1349 555 -42.2
-74.8583 5.1349 627 -45.3
-74.8417 5.1349 543 -49.3
-74.825 5.1349 475 -55.1
-74.8083 5.1349 463 -63.3
-74.7917 5.1349 351 -73.5
-74.775 5.1349 295 -84.2
-74.7584 5.1349 429 -94
-74.7417 5.1349 275 -100.8
-74.725 5.1349 201 -103.2
-74.7083 5.1349 221 -100.4
-74.6917 5.1349 331 -92.4
-74.675 5.1349 431 -80.4
-74.6584 5.1349 595 -65.5
-74.6417 5.1349 1005 -50.2
-74.625 5.1349 1033 -35.9
-74.6083 5.1349 789 -24.7
-74.5917 5.1349 847 -17.6
-74.575 5.1349 1207 -15.3
-74.5583 5.1349 1029 -17.9
-74.5417 5.1349 1283 -24.4
-74.525 5.1349 1169 -33.7
-74.5084 5.1349 831 -43.7
-74.4917 5.1349 849 -52.8
-74.475 5.1349 1021 -58.8
-74.4583 5.1349 873 -60.4
-74.4417 5.1349 855 -56.9
-74.425 5.1349 913 -48.4
-74.4084 5.1349 939 -36.2
-74.3917 5.1349 953 -21.7
-74.375 5.1349 1047 -7.4
-74.3583 5.1349 1283 5.1
-74.3417 5.1349 1179 14
-74.325 5.1349 1071 19.1
-74.3083 5.1349 1123 20.5
-74.2917 5.1349 1255 19
-74.275 5.1349 1307 16.4
-74.2584 5.1349 1469 13.7
-74.2417 5.1349 1749 12.5
-74.225 5.1349 2179 13.6
-74.2083 5.1349 1959 17.7
-74.1917 5.1349 2095 25.4
-74.175 5.1349 1993 37.2
-74.1584 5.1349 1817 53.9
-74.1417 5.1349 2005 75.7
-74.125 5.1349 2119 103.1
-74.1083 5.1349 2231 135.1
-74.0917 5.1349 2473 170.3
-74.075 5.1349 3037 205.5
-74.0583 5.1349 3351 237.7
-74.0417 5.1349 3247 262.2
-74.025 5.1349 3345 276.6
-74.0084 5.1349 3417 278.5
-73.9917 5.1349 3255 267.9
-73.975 5.1349 3005 247.5
-73.9583 5.1349 3135 220.6
-73.9417 5.1349 3203 192.7
-73.925 5.1349 2925 167.9
-73.9084 5.1349 2787 150.4
-73.8917 5.1349 2703 141.5
-73.875 5.1349 2637 141.1
-73.8583 5.1349 2645 147.3
-73.8417 5.1349 2699 156.6
-73.825 5.1349 2929 166.4
-73.8083 5.1349 2947 173.7
-73.7917 5.1349 2981 177.5
-73.775 5.1349 3063 177.7
-73.7584 5.1349 2969 175
-73.7417 5.1349 2741 170.9
-73.725 5.1349 2817 166.3
-73.7083 5.1349 2735 162
-73.6917 5.1349 2665 158.2
-73.675 5.1349 2757 155
-73.6584 5.1349 2691 152.7
-73.6417 5.1349 2795 152.1
-73.625 5.1349 3091 154.4
-73.6083 5.1349 3177 161.3
-73.5917 5.1349 3003 173.8
-73.575 5.1349 3029 191.9
-73.5583 5.1349 2895 214.1
-73.5417 5.1349 2603 236.5
-73.525 5.1349 2695 255.1
-73.5084 5.1349 2991 264.3
-73.4917 5.1349 3185 260.8
-73.475 5.1349 2757 242.9
-73.4583 5.1349 2483 211.9
-73.4417 5.1349 2501 173.2
-73.425 5.1349 2485 132.6
-73.4084 5.1349 2217 99.1
-73.3917 5.1349 1995 78.3
-73.375 5.1349 1633 74.9
-73.3583 5.1349 1585 89.5
-73.3417 5.1349 1795 118.2
-73.325 5.1349 2061 156
-73.3083 5.1349 2517 194.1
-73.2917 5.1349 2421 226.4
-73.275 5.1349 2235 246.9
-73.2584 5.1349 2207 253.7
-73.2417 5.1349 2239 247.6
-73.225 5.1349 2277 231.3
-73.2083 5.1349 2515 209.9
-73.1917 5.1349 2523 187.1
-73.175 5.1349 2365 166.5
-73.1584 5.1349 2121 149.1
-73.1417 5.1349 1677 134.7
-73.125 5.1349 1607 122
-73.1083 5.1349 1775 109.3
-73.0917 5.1349 1625 96
-73.075 5.1349 1073 82.7
-73.0583 5.1349 1299 70.7
-73.0417 5.1349 1553 62.7
-73.025 5.1349 1531 60.6
-73.0084 5.1349 1095 65.7
-72.9917 5.1349 1049 77.8
-72.975 5.1349 1349 94.4
-72.9583 5.1349 1507 112.8
-72.9417 5.1349 1765 128.2
-72.925 5.1349 1915 137.9
-74.9084 5.1183 409 -33.4
-74.8917 5.1183 353 -39.2
-74.875 5.1183 365 -43.1
-74.8583 5.1183 487 -46.3
-74.8417 5.1183 591 -50.3
-74.825 5.1183 483 -56.1
-74.8083 5.1183 401 -64.2
-74.7917 5.1183 359 -74.3
-74.775 5.1183 361 -85
-74.7584 5.1183 391 -94.8
-74.7417 5.1183 255 -101.8
-74.725 5.1183 209 -104.5
-74.7083 5.1183 219 -101.8
-74.6917 5.1183 307 -93.6
-74.675 5.1183 369 -80.8
-74.6584 5.1183 577 -64.4
-74.6417 5.1183 987 -46.6
-74.625 5.1183 1117 -29.2
-74.6083 5.1183 931 -14.4
-74.5917 5.1183 973 -3.6
-74.575 5.1183 1305 1.9
-74.5583 5.1183 1283 1.8
-74.5417 5.1183 1571 -3.5
-74.525 5.1183 1249 -12.8
-74.5084 5.1183 871 -24.1
-74.4917 5.1183 1045 -35.5
-74.475 5.1183 1305 -44.4
-74.4583 5.1183 919 -49.2
-74.4417 5.1183 755 -48.7
-74.425 5.1183 795 -42.7
-74.4084 5.1183 823 -32.4
-74.3917 5.1183 921 -19.3
-74.375 5.1183 1289 -5.7
-74.3583 5.1183 1441 6.7
-74.3417 5.1183 1445 16
-74.325 5.1183 1139 21.8
-74.3083 5.1183 1195 24.3
-74.2917 5.1183 1441 24.5
-74.275 5.1183 1621 23.8
-74.2584 5.1183 1709 23.7
-74.2417 5.1183 1951 25.4
-74.225 5.1183 2247 29.6
-74.2083 5.1183 2181 36.8
-74.1917 5.1183 2217 47.2
-74.175 5.1183 2061 61
-74.1584 5.1183 1989 78.6
-74.1417 5.1183 2187 99.9
-74.125 5.1183 2351 125.2
-74.1083 5.1183 2429 153.2
-74.0917 5.1183 2651 182.8
-74.075 5.1183 3225 210.8
-74.0583 5.1183 3281 234.8
-74.0417 5.1183 3257 250.8
-74.025 5.1183 3437 256.9
-74.0084 5.1183 3481 251.7
-73.9917 5.1183 3135 235.8
-73.975 5.1183 2843 212.4
-73.9583 5.1183 2941 184.9
-73.9417 5.1183 2943 158.9
-73.925 5.1183 2811 137.8
-73.9084 5.1183 2645 125
-73.8917 5.1183 2591 121.1
-73.875 5.1183 2579 124.9
-73.8583 5.1183 2589 134.1
-73.8417 5.1183 2693 144.7
-73.825 5.1183 2905 154.1
-73.8083 5.1183 2809 160
-73.7917 5.1183 2747 161.8
-73.775 5.1183 2923 160.3
-73.7584 5.1183 2773 156.7
-73.7417 5.1183 2651 153
-73.725 5.1183 2695 150.1
-73.7083 5.1183 2697 148.2
-73.6917 5.1183 2671 147.1
-73.675 5.1183 2759 145.9
-73.6584 5.1183 2775 144.2
-73.6417 5.1183 2743 142.4
-73.625 5.1183 3035 141.6
-73.6083 5.1183 2975 143.9
-73.5917 5.1183 2679 151
-73.575 5.1183 2653 163.8
-73.5583 5.1183 2639 181.7
-73.5417 5.1183 2587 201.6
-73.525 5.1183 2685 220.1
-73.5084 5.1183 2901 231.5
-73.4917 5.1183 2903 232.4
-73.475 5.1183 2491 220.4
-73.4583 5.1183 2107 196.2
-73.4417 5.1183 2111 164
-73.425 5.1183 2233 129.2
-73.4084 5.1183 2081 99.8
-73.3917 5.1183 1881 81.2
-73.375 5.1183 1593 78.3
-73.3583 5.1183 1643 91.5
-73.3417 5.1183 1985 117.9
-73.325 5.1183 2299 152.8
-73.3083 5.1183 2693 188.3
-73.2917 5.1183 2379 219
-73.275 5.1183 2107 239.4
-73.2584 5.1183 1939 247.7
-73.2417 5.1183 1965 244.6
-73.225 5.1183 2107 232.4
-73.2083 5.1183 2251 215.4
-73.1917 5.1183 2451 196.4
-73.175 5.1183 2477 178.3
-73.1584 5.1183 2055 161.6
-73.1417 5.1183 1869 145.8
-73.125 5.1183 1987 129.9
-73.1083 5.1183 2153 112.9
-73.0917 5.1183 1551 95
-73.075 5.1183 1009 77.8
-73.0583 5.1183 1187 63.3
-73.0417 5.1183 1507 54.7
-73.025 5.1183 1089 53.9
-73.0084 5.1183 979 61.9
-72.9917 5.1183 1327 77.9
-72.975 5.1183 1631 98.3
-72.9583 5.1183 1813 119.9
-72.9417 5.1183 1753 137.3
-72.925 5.1183 1999 147.5
-74.9084 5.1017 391 -36.1
-74.8917 5.1017 329 -41.6
-74.875 5.1017 319 -45.3
-74.8583 5.1017 341 -48.5
-74.8417 5.1017 461 -52.3
-74.825 5.1017 451 -58
-74.8083 5.1017 393 -65.8
-74.7917 5.1017 353 -75.7
-74.775 5.1017 399 -86.3
-74.7584 5.1017 397 -96.2
-74.7417 5.1017 257 -103.4
-74.725 5.1017 209 -106.4
-74.7083 5.1017 227 -103.9
-74.6917 5.1017 315 -95.4
-74.675 5.1017 355 -81.7
-74.6584 5.1017 561 -63.6
-74.6417 5.1017 999 -43.2
-74.625 5.1017 1175 -22.4
-74.6083 5.1017 973 -3.9
-74.5917 5.1017 1085 10.6
-74.575 5.1017 1431 19.4
-74.5583 5.1017 1601 21.7
-74.5417 5.1017 1871 17.7
-74.525 5.1017 1491 8.3
-74.5084 5.1017 1075 -4.3
-74.4917 5.1017 1105 -18.1
-74.475 5.1017 1343 -30
-74.4583 5.1017 863 -38.2
-74.4417 5.1017 849 -41.1
-74.425 5.1017 1075 -38.3
-74.4084 5.1017 1141 -30.7
-74.3917 5.1017 1127 -19.6
-74.375 5.1017 1149 -7.4
-74.3583 5.1017 1359 4.3
-74.3417 5.1017 1507 13.7
-74.325 5.1017 1349 20.6
-74.3083 5.1017 1197 25.2
-74.2917 5.1017 1283 28.5
-74.275 5.1017 1469 31.9
-74.2584 5.1017 1777 36.7
-74.2417 5.1017 2007 43.8
-74.225 5.1017 2169 53.6
-74.2083 5.1017 2301 66
-74.1917 5.1017 2305 80.7
-74.175 5.1017 2205 97.3
-74.1584 5.1017 2181 115.9
-74.1417 5.1017 2563 136.1
-74.125 5.1017 2855 157.9
-74.1083 5.1017 2877 180.5
-74.0917 5.1017 2777 202.7
-74.075 5.1017 3009 222
-74.0583 5.1017 3217 236.5
-74.0417 5.1017 3327 243.1
-74.025 5.1017 3509 240.4
-74.0084 5.1017 3423 227.9
-73.9917 5.1017 3063 206.7
-73.975 5.1017 2795 180.4
-73.9583 5.1017 2651 152.5
-73.9417 5.1017 2653 128.2
-73.925 5.1017 2637 110.5
-73.9084 5.1017 2579 101.8
-73.8917 5.1017 2573 102.1
-73.875 5.1017 2573 109.3
-73.8583 5.1017 2587 120.6
-73.8417 5.1017 2705 131.8
-73.825 5.1017 2711 140.5
-73.8083 5.1017 2621 144.8
-73.7917 5.1017 2591 144.8
-73.775 5.1017 2701 142
-73.7584 5.1017 2665 138.4
-73.7417 5.1017 2755 135.9
-73.725 5.1017 2643 135.4
-73.7083 5.1017 2679 136.7
-73.6917 5.1017 2711 138.8
-73.675 5.1017 2715 139.8
-73.6584 5.1017 2593 138.7
-73.6417 5.1017 2509 135.5
-73.625 5.1017 2649 131.1
-73.6083 5.1017 2573 128
-73.5917 5.1017 2333 128.5
-73.575 5.1017 2275 134.6
-73.5583 5.1017 2327 146.7
-73.5417 5.1017 2383 162.7
-73.525 5.1017 2511 179.6
-73.5084 5.1017 2613 192.2
-73.4917 5.1017 2785 197
-73.475 5.1017 2385 190.9
-73.4583 5.1017 2011 173.9
-73.4417 5.1017 1813 149.4
-73.425 5.1017 1921 121.6
-73.4084 5.1017 1869 97.9
-73.3917 5.1017 1655 83.1
-73.375 5.1017 1489 81.6
-73.3583 5.1017 1727 94.2
-73.3417 5.1017 2033 118.2
-73.325 5.1017 2375 149.7
-73.3083 5.1017 2561 181.7
-73.2917 5.1017 2389 209.5
-73.275 5.1017 2141 228.2
-73.2584 5.1017 1831 236.4
-73.2417 5.1017 1789 234.9
-73.225 5.1017 1877 225.5
-73.2083 5.1017 2021 212
-73.1917 5.1017 2241 196.5
-73.175 5.1017 2433 181
-73.1584 5.1017 2223 165.5
-73.1417 5.1017 2217 149.3
-73.125 5.1017 2289 131.4
-73.1083 5.1017 2015 111.5
-73.0917 5.1017 1507 90.3
-73.075 5.1017 1055 70.4
-73.0583 5.1017 1209 54.2
-73.0417 5.1017 1201 45.5
-73.025 5.1017 885 46.1
-73.0084 5.1017 1189 56.6
-72.9917 5.1017 1613 75.6
-72.975 5.1017 1857 99
-72.9583 5.1017 2091 122.7
-72.9417 5.1017 2031 141.2
-72.925 5.1017 2269 151.3
-74.9084 5.0851 369 -40.3
-74.8917 5.0851 315 -45.6
-74.875 5.0851 315 -49.2
-74.8583 5.0851 297 -52.1
-74.8417 5.0851 293 -55.7
-74.825 5.0851 291 -60.9
-74.8083 5.0851 289 -68.3
-74.7917 5.0851 309 -77.9
-74.775 5.0851 383 -88.3
-74.7584 5.0851 337 -98.2
-74.7417 5.0851 235 -105.6
-74.725 5.0851 199 -108.9
-74.7083 5.0851 239 -106.5
-74.6917 5.0851 265 -97.8
-74.675 5.0851 325 -83.1
-74.6584 5.0851 507 -63.3
-74.6417 5.0851 879 -40.5
-74.625 5.0851 1229 -16.7
-74.6083 5.0851 995 5.2
-74.5917 5.0851 1081 23.1
-74.575 5.0851 1445 34.6
-74.5583 5.0851 1681 38.9
-74.5417 5.0851 1871 35.8
-74.525 5.0851 1459 26.2
-74.5084 5.0851 1221 12.3
-74.4917 5.0851 1141 -3.7
-74.475 5.0851 1255 -18.4
-74.4583 5.0851 851 -29.8
-74.4417 5.0851 863 -35.8
-74.425 5.0851 1229 -36.2
-74.4084 5.0851 1249 -31.5
-74.3917 5.0851 1195 -22.9
-74.375 5.0851 1305 -12.6
-74.3583 5.0851 1573 -2
-74.3417 5.0851 1567 7.4
-74.325 5.0851 1475 15.5
-74.3083 5.0851 1497 22.8
-74.2917 5.0851 1339 30.3
-74.275 5.0851 1395 39.3
-74.2584 5.0851 1683 50.8
-74.2417 5.0851 1829 65.2
-74.225 5.0851 1893 82.3
-74.2083 5.0851 2121 101.2
-74.1917 5.0851 2313 121.1
-74.175 5.0851 2505 140.9
-74.1584 5.0851 2365 160.3
-74.1417 5.0851 2687 178.7
-74.125 5.0851 3053 196.2
-74.1083 5.0851 3373 212.2
-74.0917 5.0851 3267 226.1
-74.075 5.0851 3149 236
-74.0583 5.0851 3157 240.6
-74.0417 5.0851 3365 237.8
-74.025 5.0851 3245 226.7
-74.0084 5.0851 3153 207.7
-73.9917 5.0851 2909 182
-73.975 5.0851 2757 153.5
-73.9583 5.0851 2645 125.6
-73.9417 5.0851 2603 103
-73.925 5.0851 2573 88.3
-73.9084 5.0851 2569 83.1
-73.8917 5.0851 2569 86.6
-73.875 5.0851 2579 96.2
-73.8583 5.0851 2711 108.8
-73.8417 5.0851 2817 120.1
-73.825 5.0851 2601 127.8
-73.8083 5.0851 2567 130.7
-73.7917 5.0851 2587 129.5
-73.775 5.0851 2639 126.3
-73.7584 5.0851 2749 123.3
-73.7417 5.0851 2841 122.8
-73.725 5.0851 2689 125.4
-73.7083 5.0851 2701 130.3
-73.6917 5.0851 2717 135.8
-73.675 5.0851 2711 139
-73.6584 5.0851 2525 138.5
-73.6417 5.0851 2513 133.6
-73.625 5.0851 2239 125.1
-73.6083 5.0851 2155 116
-73.5917 5.0851 2067 109.2
-73.575 5.0851 1993 107.8
-73.5583 5.0851 1997 112.9
-73.5417 5.0851 1947 123.7
-73.525 5.0851 2131 137.8
-73.5084 5.0851 2381 150.5
-73.4917 5.0851 2449 158.2
-73.475 5.0851 2343 157.4
-73.4583 5.0851 2063 147.6
-73.4417 5.0851 1775 130.9
-73.425 5.0851 1597 110.8
-73.4084 5.0851 1623 93.5
-73.3917 5.0851 1477 83.3
-73.375 5.0851 1509 84.1
-73.3583 5.0851 1747 96.6
-73.3417 5.0851 1981 118.5
-73.325 5.0851 2175 146.4
-73.3083 5.0851 2357 174.1
-73.2917 5.0851 2433 197.8
-73.275 5.0851 2133 213.5
-73.2584 5.0851 1793 220.1
-73.2417 5.0851 1717 218.7
-73.225 5.0851 1905 211
-73.2083 5.0851 2051 200.2
-73.1917 5.0851 2173 187.7
-73.175 5.0851 2453 174.8
-73.1584 5.0851 2527 161
-73.1417 5.0851 2387 145.3
-73.125 5.0851 2043 126.7
-73.1083 5.0851 1625 105.3
-73.0917 5.0851 1457 82.2
-73.075 5.0851 1065 60.7
-73.0583 5.0851 1089 43.8
-73.0417 5.0851 959 35.3
-73.025 5.0851 975 37.2
-73.0084 5.0851 1369 49.7
-72.9917 5.0851 1435 71
-72.975 5.0851 1683 96.3
-72.9583 5.0851 1987 121.3
-72.9417 5.0851 1815 140.1
-72.925 5.0851 1913 149.4
-74.9084 5.0685 335 -46
-74.8917 5.0685 295 -51.2
-74.875 5.0685 297 -54.7
-74.8583 5.0685 301 -57.3
-74.8417 5.0685 279 -60.4
-74.825 5.0685 281 -65.1
-74.8083 5.0685 283 -71.9
-74.7917 5.0685 259 -80.8
-74.775 5.0685 381 -90.9
-74.7584 5.0685 339 -100.7
-74.7417 5.0685 239 -108.2
-74.725 5.0685 203 -111.6
-74.7083 5.0685 259 -109.2
-74.6917 5.0685 305 -100.3
-74.675 5.0685 377 -84.9
-74.6584 5.0685 551 -63.8
-74.6417 5.0685 939 -39.1
-74.625 5.0685 1247 -12.9
-74.6083 5.0685 991 11.4
-74.5917 5.0685 1041 31.6
-74.575 5.0685 1309 44.9
-74.5583 5.0685 1591 50.3
-74.5417 5.0685 1843 47.5
-74.525 5.0685 1609 37.3
-74.5084 5.0685 1363 22.3
-74.4917 5.0685 1301 4.6
-74.475 5.0685 1225 -12.1
-74.4583 5.0685 773 -25.8
-74.4417 5.0685 801 -34.3
-74.425 5.0685 941 -37.2
-74.4084 5.0685 907 -34.9
-74.3917 5.0685 1005 -28.7
-74.375 5.0685 1101 -20.4
-74.3583 5.0685 1371 -11.1
-74.3417 5.0685 1261 -2
-74.325 5.0685 1239 7.2
-74.3083 5.0685 1515 17.3
-74.2917 5.0685 1513 29.3
-74.275 5.0685 1593 44.5
-74.2584 5.0685 1573 63.5
-74.2417 5.0685 1685 86
-74.225 5.0685 1833 111.2
-74.2083 5.0685 2001 137
-74.1917 5.0685 2351 162.2
-74.175 5.0685 2695 184.9
-74.1584 5.0685 2751 204.5
-74.1417 5.0685 3223 220.4
-74.125 5.0685 3357 232.8
-74.1083 5.0685 3443 241.7
-74.0917 5.0685 3569 247
-74.075 5.0685 3309 248
-74.0583 5.0685 3045 243.6
-74.0417 5.0685 3309 232.8
-74.025 5.0685 3179 215.1
-74.0084 5.0685 2841 191.3
-73.9917 5.0685 2725 162.7
-73.975 5.0685 2655 133.3
-73.9583 5.0685 2617 106.1
-73.9417 5.0685 2577 85.4
-73.925 5.0685 2569 73.2
-73.9084 5.0685 2571 70.6
-73.8917 5.0685 2629 76.4
-73.875 5.0685 2639 87.5
-73.8583 5.0685 2785 100.6
-73.8417 5.0685 2665 111.7
-73.825 5.0685 2567 118.7
-73.8083 5.0685 2565 120.8
-73.7917 5.0685 2571 119.3
-73.775 5.0685 2631 116.6
-73.7584 5.0685 2807 115.3
-73.7417 5.0685 2885 117.5
-73.725 5.0685 2735 123.7
-73.7083 5.0685 2689 132.2
-73.6917 5.0685 2787 140.9
-73.675 5.0685 2747 146.1
-73.6584 5.0685 2787 145.8
-73.6417 5.0685 2587 138.8
-73.625 5.0685 2245 126
-73.6083 5.0685 2025 110.8
-73.5917 5.0685 2005 96.4
-73.575 5.0685 2075 87.1
-73.5583 5.0685 1919 84.8
-73.5417 5.0685 1783 89.6
-73.525 5.0685 1781 99.9
-73.5084 5.0685 1991 111.5
-73.4917 5.0685 2257 120.8
-73.475 5.0685 2375 124.1
-73.4583 5.0685 2203 120.4
-73.4417 5.0685 2019 110.8
-73.425 5.0685 1757 98.2
-73.4084 5.0685 1589 87.4
-73.3917 5.0685 1411 82.2
-73.375 5.0685 1611 85.6
-73.3583 5.0685 1797 98.4
-73.3417 5.0685 2141 118.4
-73.325 5.0685 2295 142.5
-73.3083 5.0685 2401 165.5
-73.2917 5.0685 2533 184.3
-73.275 5.0685 2299 195.9
-73.2584 5.0685 1881 199.7
-73.2417 5.0685 1673 197.1
-73.225 5.0685 1875 189.9
-73.2083 5.0685 2251 180.7
-73.1917 5.0685 2421 170.8
-73.175 5.0685 2443 160.5
-73.1584 5.0685 2153 148.9
-73.1417 5.0685 1949 134.7
-73.125 5.0685 1813 116.7
-73.1083 5.0685 1643 95.3
-73.0917 5.0685 1217 71.8
-73.075 5.0685 991 49.9
-73.0583 5.0685 1259 33
-73.0417 5.0685 851 25.2
-73.025 5.0685 1047 28.2
-73.0084 5.0685 1167 42.2
-72.9917 5.0685 1377 64.9
-72.975 5.0685 1549 91.1
-72.9583 5.0685 1527 116.2
-72.9417 5.0685 1515 134.2
-72.925 5.0685 1875 142
-74.9084 5.0519 311 -52.5
-74.8917 5.0519 281 -57.8
-74.875 5.0519 285 -61.2
-74.8583 5.0519 257 -63.5
-74.8417 5.0519 257 -66.1
-74.825 5.0519 279 -70.1
-74.8083 5.0519 257 -76.1
-74.7917 5.0519 251 -84.3
-74.775 5.0519 297 -93.8
-74.7584 5.0519 265 -103.2
-74.7417 5.0519 221 -110.5
-74.725 5.0519 215 -113.9
-74.7083 5.0519 253 -111.6
-74.6917 5.0519 291 -102.5
-74.675 5.0519 369 -86.6
-74.6584 5.0519 537 -64.6
-74.6417 5.0519 805 -38.8
-74.625 5.0519 1191 -11.3
-74.6083 5.0519 1039 14.2
-74.5917 5.0519 1149 35.3
-74.575 5.0519 1403 49.2
-74.5583 5.0519 1645 54.6
-74.5417 5.0519 1843 51.4
-74.525 5.0519 1555 40.6
-74.5084 5.0519 1217 24.6
-74.4917 5.0519 1289 6
-74.475 5.0519 1165 -11.6
-74.4583 5.0519 809 -26.2
-74.4417 5.0519 1017 -35.7
-74.425 5.0519 1055 -39.9
-74.4084 5.0519 935 -39.2
-74.3917 5.0519 919 -34.8
-74.375 5.0519 985 -28.2
-74.3583 5.0519 1107 -20.4
-74.3417 5.0519 1099 -11.8
-74.325 5.0519 1149 -1.9
-74.3083 5.0519 1379 10.4
-74.2917 5.0519 1733 26.6
-74.275 5.0519 1763 47.6
-74.2584 5.0519 1757 73.8
-74.2417 5.0519 1905 104
-74.225 5.0519 2051 136.7
-74.2083 5.0519 2251 168.8
-74.1917 5.0519 2529 198.6
-74.175 5.0519 2769 223.3
-74.1584 5.0519 3291 242.1
-74.1417 5.0519 3465 254.7
-74.125 5.0519 3295 261.5
-74.1083 5.0519 3261 263.4
-74.0917 5.0519 3499 260.7
-74.075 5.0519 3171 253.7
-74.0583 5.0519 2947 242.1
-74.0417 5.0519 3151 225.5
-74.025 5.0519 3161 203.5
-74.0084 5.0519 2793 177.3
-73.9917 5.0519 2637 147.9
-73.975 5.0519 2603 119.1
-73.9583 5.0519 2579 93.5
-73.9417 5.0519 2565 74.8
-73.925 5.0519 2605 64.8
-73.9084 5.0519 2781 64
-73.8917 5.0519 2945 71.2
-73.875 5.0519 2679 82.9
-73.8583 5.0519 2575 96.2
-73.8417 5.0519 2563 107.1
-73.825 5.0519 2573 113.9
-73.8083 5.0519 2601 116.3
-73.7917 5.0519 2623 115.7
-73.775 5.0519 2893 114.8
-73.7584 5.0519 3023 116.1
-73.7417 5.0519 2887 121.6
-73.725 5.0519 2745 131.4
-73.7083 5.0519 2697 143.4
-73.6917 5.0519 2857 154.8
-73.675 5.0519 2985 161.4
-73.6584 5.0519 2941 160.7
-73.6417 5.0519 2559 151.3
-73.625 5.0519 2211 134.2
-73.6083 5.0519 2151 113
-73.5917 5.0519 2265 91.4
-73.575 5.0519 2319 74.5
-73.5583 5.0519 2185 64.8
-73.5417 5.0519 2129 63.5
-73.525 5.0519 1711 69.4
-73.5084 5.0519 1901 78.8
-73.4917 5.0519 2193 88.5
-73.475 5.0519 2403 94.6
-73.4583 5.0519 2353 95.6
-73.4417 5.0519 2195 92
-73.425 5.0519 1933 85.9
-73.4084 5.0519 1755 81.1
-73.3917 5.0519 1437 80.5
-73.375 5.0519 1823 86.8
-73.3583 5.0519 1907 100.1
-73.3417 5.0519 1965 118.2
-73.325 5.0519 2115 138.6
-73.3083 5.0519 2333 156.8
-73.2917 5.0519 2509 170.3
-73.275 5.0519 2243 177
-73.2584 5.0519 2225 177
-73.2417 5.0519 1893 172.1
-73.225 5.0519 1633 164.4
-73.2083 5.0519 1953 156.2
-73.1917 5.0519 2199 148.3
-73.175 5.0519 1933 140.5
-73.1584 5.0519 2065 131.6
-73.1417 5.0519 1649 119.7
-73.125 5.0519 1461 103.4
-73.1083 5.0519 1343 83.2
-73.0917 5.0519 1157 60.6
-73.075 5.0519 1059 39.5
-73.0583 5.0519 1331 23.3
-73.0417 5.0519 947 16.4
-73.025 5.0519 823 20.4
-73.0084 5.0519 1151 35.2
-72.9917 5.0519 1351 58.4
-72.975 5.0519 1117 84.4
-72.9583 5.0519 1187 108.6
-72.9417 5.0519 1569 125.1
-72.925 5.0519 1839 130.7
-74.9084 5.0353 291 -58.8
-74.8917 5.0353 273 -64.4
-74.875 5.0353 271 -67.9
-74.8583 5.0353 283 -70.1
-74.8417 5.0353 287 -72.2
-74.825 5.0353 271 -75.5
-74.8083 5.0353 249 -80.6
-74.7917 5.0353 255 -87.8
-74.775 5.0353 341 -96.4
-74.7584 5.0353 303 -105.3
-74.7417 5.0353 225 -112.2
-74.725 5.0353 225 -115.3
-74.7083 5.0353 271 -112.8
-74.6917 5.0353 295 -103.5
-74.675 5.0353 367 -87.4
-74.6584 5.0353 513 -65.2
-74.6417 5.0353 905 -39.2
-74.625 5.0353 1309 -11.6
-74.6083 5.0353 1049 13.7
-74.5917 5.0353 1215 34.2
-74.575 5.0353 1455 47.2
-74.5583 5.0353 1745 51.5
-74.5417 5.0353 1783 47.3
-74.525 5.0353 1467 35.6
-74.5084 5.0353 1145 19.3
-74.4917 5.0353 1103 0.8
-74.475 5.0353 1089 -16.2
-74.4583 5.0353 805 -29.9
-74.4417 5.0353 945 -38.7
-74.425 5.0353 1105 -42.3
-74.4084 5.0353 1047 -41.7
-74.3917 5.0353 1269 -37.9
-74.375 5.0353 1011 -32.6
-74.3583 5.0353 1135 -26.1
-74.3417 5.0353 1295 -18.6
-74.325 5.0353 1363 -8.8
-74.3083 5.0353 1529 4.8
-74.2917 5.0353 1839 23.9
-74.275 5.0353 1973 49.3
-74.2584 5.0353 1991 81
-74.2417 5.0353 2105 117.2
-74.225 5.0353 2477 155.7
-74.2083 5.0353 2589 192.4
-74.1917 5.0353 2775 224.9
-74.175 5.0353 3063 250
-74.1584 5.0353 3381 266.8
-74.1417 5.0353 3441 275.3
-74.125 5.0353 3095 276.2
-74.1083 5.0353 3149 271.4
-74.0917 5.0353 3323 262
-74.075 5.0353 3061 249.1
-74.0583 5.0353 2807 232.8
-74.0417 5.0353 2945 213.2
-74.025 5.0353 3033 190
-74.0084 5.0353 2737 164.1
-73.9917 5.0353 2597 136.3
-73.975 5.0353 2581 109.6
-73.9583 5.0353 2569 86.4
-73.9417 5.0353 2615 70
-73.925 5.0353 2837 61.7
-73.9084 5.0353 3051 62
-73.8917 5.0353 2901 69.6
-73.875 5.0353 2593 81.6
-73.8583 5.0353 2561 94.9
-73.8417 5.0353 2577 106.2
-73.825 5.0353 2659 113.9
-73.8083 5.0353 2621 117.9
-73.7917 5.0353 2899 119.6
-73.775 5.0353 3141 121.8
-73.7584 5.0353 3009 126.7
-73.7417 5.0353 2845 135.9
-73.725 5.0353 2725 149.2
-73.7083 5.0353 2787 164
-73.6917 5.0353 2905 177.1
-73.675 5.0353 3237 184.1
-73.6584 5.0353 2993 182.3
-73.6417 5.0353 2599 170.3
-73.625 5.0353 2229 149.1
-73.6083 5.0353 2485 122.6
-73.5917 5.0353 2593 94.8
-73.575 5.0353 2553 71.4
-73.5583 5.0353 2503 55.4
-73.5417 5.0353 2187 48.6
-73.525 5.0353 1611 50.1
-73.5084 5.0353 1865 56.9
-73.4917 5.0353 2197 65.9
-73.475 5.0353 2239 73.2
-73.4583 5.0353 2129 77.2
-73.4417 5.0353 2095 77.9
-73.425 5.0353 2079 76.7
-73.4084 5.0353 1823 76.6
-73.3917 5.0353 1441 80.1
-73.375 5.0353 1735 88.7
-73.3583 5.0353 1657 102.4
-73.3417 5.0353 1637 119
-73.325 5.0353 1891 135.9
-73.3083 5.0353 2185 149.4
-73.2917 5.0353 2515 157.4
-73.275 5.0353 2517 158.9
-73.2584 5.0353 2261 154.6
-73.2417 5.0353 1829 146.8
-73.225 5.0353 1467 137.7
-73.2083 5.0353 1711 129.7
-73.1917 5.0353 1987 123.3
-73.175 5.0353 1525 117.9
-73.1584 5.0353 1449 111.9
-73.1417 5.0353 1545 102.8
-73.125 5.0353 1283 89.3
-73.1083 5.0353 1085 71.5
-73.0917 5.0353 927 50.8
-73.075 5.0353 1133 31.4
-73.0583 5.0353 1413 16.5
-73.0417 5.0353 1065 10.6
-73.025 5.0353 793 15.3
-73.0084 5.0353 1113 30.1
-72.9917 5.0353 903 52.8
-72.975 5.0353 1043 77.7
-72.9583 5.0353 1481 100
-72.9417 5.0353 1921 114.1
-72.925 5.0353 1915 117.2
-74.9084 5.0186 291 -64
-74.8917 5.0186 273 -70.3
-74.875 5.0186 273 -74.1
-74.8583 5.0186 317 -76.3
-74.8417 5.0186 325 -78
-74.825 5.0186 285 -80.5
-74.8083 5.0186 279 -84.7
-74.7917 5.0186 263 -90.9
-74.775 5.0186 355 -98.5
-74.7584 5.0186 319 -106.4
-74.7417 5.0186 231 -112.7
-74.725 5.0186 227 -115.4
-74.7083 5.0186 257 -112.6
-74.6917 5.0186 289 -103.1
-74.675 5.0186 393 -87
-74.6584 5.0186 621 -65
-74.6417 5.0186 1029 -39.5
-74.625 5.0186 1339 -12.9
-74.6083 5.0186 1135 10.9
-74.5917 5.0186 1265 29.5
-74.575 5.0186 1477 40.4
-74.5583 5.0186 1785 42.7
-74.5417 5.0186 1769 36.9
-74.525 5.0186 1465 24.4
-74.5084 5.0186 1109 8.3
-74.4917 5.0186 941 -8.9
-74.475 5.0186 885 -23.7
-74.4583 5.0186 837 -34.6
-74.4417 5.0186 971 -40.5
-74.425 5.0186 1207 -41.7
-74.4084 5.0186 1157 -39.5
-74.3917 5.0186 1405 -35.3
-74.375 5.0186 1189 -30.4
-74.3583 5.0186 1061 -25.2
-74.3417 5.0186 1113 -19
-74.325 5.0186 1179 -10.3
-74.3083 5.0186 1379 3.3
-74.2917 5.0186 1679 23.5
-74.275 5.0186 1873 51.1
-74.2584 5.0186 2075 86.2
-74.2417 5.0186 2313 126
-74.225 5.0186 2679 167.8
-74.2083 5.0186 3041 206.7
-74.1917 5.0186 3187 239.8
-74.175 5.0186 3295 263.5
-74.1584 5.0186 3191 276.9
-74.1417 5.0186 3033 280.5
-74.125 5.0186 2867 275.5
-74.1083 5.0186 3067 264.8
-74.0917 5.0186 3109 250
-74.075 5.0186 2881 233.3
-74.0583 5.0186 2739 214.9
-74.0417 5.0186 2897 195.2
-74.025 5.0186 2943 173.6
-74.0084 5.0186 2651 150.4
-73.9917 5.0186 2575 126.2
-73.975 5.0186 2567 103.1
-73.9583 5.0186 2605 82.9
-73.9417 5.0186 2625 68.6
-73.925 5.0186 2809 61.5
-73.9084 5.0186 2819 62.3
-73.8917 5.0186 2621 69.9
-73.875 5.0186 2557 81.7
-73.8583 5.0186 2565 95.4
-73.8417 5.0186 2633 107.7
-73.825 5.0186 2635 117.5
-73.8083 5.0186 2683 124.5
-73.7917 5.0186 3013 130
-73.775 5.0186 3033 136.5
-73.7584 5.0186 2923 145.6
-73.7417 5.0186 2821 158.6
-73.725 5.0186 2735 174.9
-73.7083 5.0186 2861 191.5
-73.6917 5.0186 3045 205.2
-73.675 5.0186 3103 211.6
-73.6584 5.0186 2989 207.9
-73.6417 5.0186 2555 193.1
-73.625 5.0186 2403 168.1
-73.6083 5.0186 2653 137.4
-73.5917 5.0186 2721 105
-73.575 5.0186 2705 76.9
-73.5583 5.0186 2433 56.2
-73.5417 5.0186 2067 45.1
-73.525 5.0186 1631 43
-73.5084 5.0186 1879 47.2
-73.4917 5.0186 2039 54.8
-73.475 5.0186 1945 62.1
-73.4583 5.0186 1795 67.5
-73.4417 5.0186 1687 70.6
-73.425 5.0186 1667 72.7
-73.4084 5.0186 1593 75.9
-73.3917 5.0186 1443 82.2
-73.375 5.0186 1391 92.5
-73.3583 5.0186 1369 106.4
-73.3417 5.0186 1739 121.4
-73.325 5.0186 1939 135.1
-73.3083 5.0186 2245 144.2
-73.2917 5.0186 2619 147
-73.275 5.0186 2549 143.3
-73.2584 5.0186 2119 134.4
-73.2417 5.0186 1697 123.2
-73.225 5.0186 1373 112.1
-73.2083 5.0186 1383 103.7
-73.1917 5.0186 1715 98.4
-73.175 5.0186 1385 95.1
-73.1584 5.0186 1123 92
-73.1417 5.0186 1155 86.2
-73.125 5.0186 977 76.1
-73.1083 5.0186 905 61.3
-73.0917 5.0186 1063 43.5
-73.075 5.0186 1365 26.2
-73.0583 5.0186 1437 13.1
-73.0417 5.0186 1035 8.2
-73.025 5.0186 759 13.1
-73.0084 5.0186 823 27.4
-72.9917 5.0186 1019 48.7
-72.975 5.0186 1325 71.5
-72.9583 5.0186 1869 91.2
-72.9417 5.0186 2095 102.4
-72.925 5.0186 1829 102.7
-74.9084 5.002 289 -67.4
-74.8917 5.002 285 -74.6
-74.875 5.002 331 -78.9
-74.8583 5.002 371 -81.2
-74.8417 5.002 319 -82.7
-74.825 5.002 303 -84.6
-74.8083 5.002 273 -87.9
-74.7917 5.002 275 -93
-74.775 5.002 373 -99.5
-74.7584 5.002 275 -106.5
-74.7417 5.002 229 -111.9
-74.725 5.002 223 -113.9
-74.7083 5.002 257 -110.5
-74.6917 5.002 323 -100.8
-74.675 5.002 419 -84.8
-74.6584 5.002 623 -63.3
-74.6417 5.002 1039 -38.9
-74.625 5.002 1481 -14.1
-74.6083 5.002 1285 7.4
-74.5917 5.002 1315 23.2
-74.575 5.002 1585 31.2
-74.5583 5.002 1723 30.8
-74.5417 5.002 1553 23.2
-74.525 5.002 1305 10
-74.5084 5.002 1101 -5.1
-74.4917 5.002 897 -19.8
-74.475 5.002 837 -30.9
-74.4583 5.002 971 -37.1
-74.4417 5.002 1233 -38.2
-74.425 5.002 1345 -35.1
-74.4084 5.002 1407 -29.7
-74.3917 5.002 1273 -23.7
-74.375 5.002 1139 -18.5
-74.3583 5.002 1137 -14.3
-74.3417 5.002 1229 -9.9
-74.325 5.002 1233 -3.1
-74.3083 5.002 1439 8.7
-74.2917 5.002 1621 27.9
-74.275 5.002 1799 55.4
-74.2584 5.002 1973 90.9
-74.2417 5.002 2231 131.3
-74.225 5.002 2723 173.5
-74.2083 5.002 3169 211.9
-74.1917 5.002 3215 243.1
-74.175 5.002 3235 263.5
-74.1584 5.002 3185 272.3
-74.1417 5.002 2787 270.4
-74.125 5.002 2825 259.8
-74.1083 5.002 3109 244
-74.0917 5.002 3091 225.6
-74.075 5.002 2791 207.2
-74.0583 5.002 2769 189.2
-74.0417 5.002 2909 171.8
-74.025 5.002 2811 154.2
-74.0084 5.002 2683 135.8
-73.9917 5.002 2561 116.5
-73.975 5.002 2557 97.7
-73.9583 5.002 2671 80.8
-73.9417 5.002 2571 68.4
-73.925 5.002 2569 62
-73.9084 5.002 2565 62.6
-73.8917 5.002 2563 69.7
-73.875 5.002 2561 81.4
-73.8583 5.002 2645 95.8
-73.8417 5.002 2747 110.1
-73.825 5.002 2603 123.2
-73.8083 5.002 2633 134.6
-73.7917 5.002 2785 145.1
-73.775 5.002 2901 156.6
-73.7584 5.002 2961 170.2
-73.7417 5.002 2799 186.5
-73.725 5.002 2815 204.8
-73.7083 5.002 2869 221.8
-73.6917 5.002 3135 234.6
-73.675 5.002 3021 239.1
-73.6584 5.002 2725 232.9
-73.6417 5.002 2507 215.3
-73.625 5.002 2623 187.7
-73.6083 5.002 2781 154.4
-73.5917 5.002 2865 119.7
-73.575 5.002 2453 89.4
-73.5583 5.002 2047 66.5
-73.5417 5.002 1761 53.2
-73.525 5.002 1583 49
-73.5084 5.002 1611 51.3
-73.4917 5.002 1671 57.3
-73.475 5.002 1715 63.7
-73.4583 5.002 1545 69
-73.4417 5.002 1407 72.7
-73.425 5.002 1493 76
-73.4084 5.002 1639 80.7
-73.3917 5.002 1575 88.4
-73.375 5.002 1477 99.3
-73.3583 5.002 1403 112.9
-73.3417 5.002 1765 126.3
-73.325 5.002 2027 137
-73.3083 5.002 2351 142.1
-73.2917 5.002 2403 140.2
-73.275 5.002 2183 131.7
-73.2584 5.002 1889 118.4
-73.2417 5.002 1755 103.6
-73.225 5.002 1439 90.2
-73.2083 5.002 1275 80.9
-73.1917 5.002 1505 76.1
-73.175 5.002 1149 74.5
-73.1584 5.002 947 74.1
-73.1417 5.002 851 71.5
-73.125 5.002 857 64.9
-73.1083 5.002 943 53.7
-73.0917 5.002 1261 38.9
-73.075 5.002 1511 24.3
-73.0583 5.002 1311 13
-73.0417 5.002 1055 8.9
-73.025 5.002 643 13.6
-73.0084 5.002 859 26.8
-72.9917 5.002 1299 46
-72.975 5.002 1707 66
-72.9583 5.002 1985 82.5
-72.9417 5.002 1745 90.7
-72.925 5.002 1583 88.3
-74.9084 4.9855 305 -68.8
-74.8917 4.9855 311 -76.9
-74.875 4.9855 335 -82
-74.8583 4.9855 345 -84.6
-74.8417 4.9855 325 -86.1
-74.825 4.9855 279 -87.4
-74.8083 4.9855 271 -90
-74.7917 4.9855 293 -94.1
-74.775 4.9855 355 -99.7
-74.7584 4.9855 277 -105.6
-74.7417 4.9855 265 -110
-74.725 4.9855 231 -111.1
-74.7083 4.9855 223 -107.1
-74.6917 4.9855 299 -97
-74.675 4.9855 441 -80.9
-74.6584 4.9855 645 -59.9
-74.6417 4.9855 1179 -36.8
-74.625 4.9855 1309 -14
-74.6083 4.9855 1063 4.7
-74.5917 4.9855 1169 17.3
-74.575 4.9855 1461 21.9
-74.5583 4.9855 1713 18.7
-74.5417 4.9855 1387 9.3
-74.525 4.9855 1187 -4.1
-74.5084 4.9855 939 -17.7
-74.4917 4.9855 897 -28.9
-74.475 4.9855 903 -35
-74.4583 4.9855 1017 -35.1
-74.4417 4.9855 1095 -30
-74.425 4.9855 1201 -21
-74.4084 4.9855 1457 -11.1
-74.3917 4.9855 1227 -2.2
-74.375 4.9855 1305 4
-74.3583 4.9855 1245 7.4
-74.3417 4.9855 1423 9.8
-74.325 4.9855 1387 13.6
-74.3083 4.9855 1429 22.3
-74.2917 4.9855 1509 38.5
-74.275 4.9855 1751 63.5
-74.2584 4.9855 2007 96.8
-74.2417 4.9855 2309 135.1
-74.225 4.9855 2925 174.9
-74.2083 4.9855 3043 210.3
-74.1917 4.9855 3163 237.6
-74.175 4.9855 3255 253.2
-74.1584 4.9855 2981 256.5
-74.1417 4.9855 2717 249
-74.125 4.9855 2883 233.2
-74.1083 4.9855 3177 213.5
-74.0917 4.9855 3003 192.9
-74.075 4.9855 2725 174.4
-74.0583 4.9855 2713 158.6
-74.0417 4.9855 2805 145.3
-74.025 4.9855 2881 133.2
-74.0084 4.9855 2749 120.7
-73.9917 4.9855 2557 107
-73.975 4.9855 2565 92.8
-73.9583 4.9855 2599 79
-73.9417 4.9855 2569 68
-73.925 4.9855 2563 61.7
-73.9084 4.9855 2561 61.7
-73.8917 4.9855 2563 68.1
-73.875 4.9855 2667 79.8
-73.8583 4.9855 2791 95.4
-73.8417 4.9855 2679 112.5
-73.825 4.9855 2585 129.8
-73.8083 4.9855 2647 146.4
-73.7917 4.9855 2879 162.6
-73.775 4.9855 2987 179.2
-73.7584 4.9855 2877 196.9
-73.7417 4.9855 2883 215.6
-73.725 4.9855 2963 234.3
-73.7083 4.9855 3107 250.2
-73.6917 4.9855 3267 260.7
-73.675 4.9855 3029 262.1
-73.6584 4.9855 2735 252.9
-73.6417 4.9855 2687 232.9
-73.625 4.9855 2859 203.8
-73.6083 4.9855 3003 170
-73.5917 4.9855 2661 135.6
-73.575 4.9855 2153 106
-73.5583 4.9855 1805 83.8
-73.5417 4.9855 1737 70.9
-73.525 4.9855 1893 66.5
-73.5084 4.9855 1715 68
-73.4917 4.9855 1473 72.7
-73.475 4.9855 1471 77.7
-73.4583 4.9855 1473 81.6
-73.4417 4.9855 1595 84.3
-73.425 4.9855 1881 86.9
-73.4084 4.9855 2063 91.3
-73.3917 4.9855 1695 98.7
-73.375 4.9855 1741 109.1
-73.3583 4.9855 1475 121.7
-73.3417 4.9855 1461 133.2
-73.325 4.9855 1775 141.2
-73.3083 4.9855 2039 142.7
-73.2917 4.9855 2103 136.7
-73.275 4.9855 2019 124
-73.2584 4.9855 1747 106.5
-73.2417 4.9855 1497 88.4
-73.225 4.9855 1243 72.5
-73.2083 4.9855 1479 61.9
-73.1917 4.9855 1527 57.1
-73.175 4.9855 909 56.7
-73.1584 4.9855 759 58.4
-73.1417 4.9855 985 58.7
-73.125 4.9855 1151 55.5
-73.1083 4.9855 1335 47.7
-73.0917 4.9855 1439 36.3
-73.075 4.9855 1647 24.2
-73.0583 4.9855 1233 14.6
-73.0417 4.9855 797 11.2
-73.025 4.9855 625 15.4
-73.0084 4.9855 999 26.9
-72.9917 4.9855 1421 43.4
-72.975 4.9855 1835 60.3
-72.9583 4.9855 1613 73.5
-72.9417 4.9855 1469 78.7
-72.925 4.9855 1405 73.9
-74.9084 4.9688 343 -68.5
-74.8917 4.9688 329 -77.5
-74.875 4.9688 353 -83.3
-74.8583 4.9688 355 -86.4
-74.8417 4.9688 329 -87.9
-74.825 4.9688 279 -89
-74.8083 4.9688 271 -91.1
-74.7917 4.9688 259 -94.5
-74.775 4.9688 357 -99.2
-74.7584 4.9688 263 -104.2
-74.7417 4.9688 231 -107.7
-74.725 4.9688 223 -107.8
-74.7083 4.9688 265 -102.9
-74.6917 4.9688 475 -92.1
-74.675 4.9688 737 -75.8
-74.6584 4.9688 855 -55
-74.6417 4.9688 1257 -32.9
-74.625 4.9688 1171 -12
-74.6083 4.9688 955 4.2
-74.5917 4.9688 1077 13.7
-74.575 4.9688 1413 15.3
-74.5583 4.9688 1749 9.5
-74.5417 4.9688 1585 -1.4
-74.525 4.9688 1117 -14.6
-74.5084 4.9688 1163 -26.1
-74.4917 4.9688 1043 -33.2
-74.475 4.9688 1031 -33.6
-74.4583 4.9688 1141 -26.8
-74.4417 4.9688 1209 -14.5
-74.425 4.9688 1195 1.1
-74.4084 4.9688 1349 16.4
-74.3917 4.9688 1293 28.9
-74.375 4.9688 1375 36.6
-74.3583 4.9688 1347 39.5
-74.3417 4.9688 1597 39.6
-74.325 4.9688 1583 39.9
-74.3083 4.9688 1767 44.4
-74.2917 4.9688 1627 56
-74.275 4.9688 1771 76.4
-74.2584 4.9688 2131 105.2
-74.2417 4.9688 2597 139.2
-74.225 4.9688 3019 174.5
-74.2083 4.9688 3043 205.1
-74.1917 4.9688 2997 227.1
-74.175 4.9688 2963 237.1
-74.1584 4.9688 2783 234.8
-74.1417 4.9688 2701 222
-74.125 4.9688 2913 201.7
-74.1083 4.9688 3149 179.2
-74.0917 4.9688 2853 157.7
-74.075 4.9688 2639 140.4
-74.0583 4.9688 2725 128
-74.0417 4.9688 2921 119.6
-74.025 4.9688 2885 113.3
-74.0084 4.9688 2607 106.8
-73.9917 4.9688 2555 98.6
-73.975 4.9688 2645 88.3
-73.9583 4.9688 2563 77
-73.9417 4.9688 2563 66.9
-73.925 4.9688 2559 60.2
-73.9084 4.9688 2581 59.2
-73.8917 4.9688 2715 64.8
-73.875 4.9688 2923 76.8
-73.8583 4.9688 2755 94.1
-73.8417 4.9688 2611 114.4
-73.825 4.9688 2591 136.4
-73.8083 4.9688 2789 158.3
-73.7917 4.9688 3063 179.8
-73.775 4.9688 3005 200.7
-73.7584 4.9688 2917 221.2
-73.7417 4.9688 3071 240.6
-73.725 4.9688 3223 257.9
-73.7083 4.9688 3349 270.9
-73.6917 4.9688 3345 277.4
-73.675 4.9688 3191 275
-73.6584 4.9688 2815 262.6
-73.6417 4.9688 2971 241.1
-73.625 4.9688 3149 212.1
-73.6083 4.9688 3127 180.2
-73.5917 4.9688 2515 149.1
-73.575 4.9688 1999 123.4
-73.5583 4.9688 2051 105.2
-73.5417 4.9688 2139 95.5
-73.525 4.9688 2165 93.1
-73.5084 4.9688 1853 95.3
-73.4917 4.9688 1635 99.5
-73.475 4.9688 1525 102.8
-73.4583 4.9688 1753 104.5
-73.4417 4.9688 1891 104.7
-73.425 4.9688 2239 104.9
-73.4084 4.9688 2173 107.2
-73.3917 4.9688 1935 112.6
-73.375 4.9688 1965 121.2
-73.3583 4.9688 1807 131.8
-73.3417 4.9688 1323 141.2
-73.325 4.9688 1479 146.6
-73.3083 4.9688 1721 145.1
-73.2917 4.9688 1849 135.7
-73.275 4.9688 1879 119.5
-73.2584 4.9688 1921 98.6
-73.2417 4.9688 1517 77.4
-73.225 4.9688 1401 59.1
-73.2083 4.9688 1603 47
-73.1917 4.9688 1171 41.5
-73.175 4.9688 791 41.6
-73.1584 4.9688 963 44.7
-73.1417 4.9688 1089 47.3
-73.125 4.9688 1499 46.9
-73.1083 4.9688 1523 42.2
-73.0917 4.9688 1665 33.6
-73.075 4.9688 1289 24
-73.0583 4.9688 933 15.9
-73.0417 4.9688 725 12.9
-73.025 4.9688 779 16.3
-73.0084 4.9688 1133 25.8
-72.9917 4.9688 1575 39.6
-72.975 4.9688 1799 53.2
-72.9583 4.9688 1463 63.2
-72.9417 4.9688 1237 65.8
-72.925 4.9688 1165 59.4
-74.9084 4.9522 327 -67.2
-74.8917 4.9522 303 -76.9
-74.875 4.9522 319 -83.3
-74.8583 4.9522 339 -86.9
-74.8417 4.9522 339 -88.6
-74.825 4.9522 317 -89.8
-74.8083 4.9522 249 -91.6
-74.7917 4.9522 237 -94.7
-74.775 4.9522 289 -98.8
-74.7584 4.9522 239 -103.1
-74.7417 4.9522 235 -105.7
-74.725 4.9522 241 -104.9
-74.7083 4.9522 257 -98.9
-74.6917 4.9522 341 -87.2
-74.675 4.9522 563 -70.1
-74.6584 4.9522 653 -49.2
-74.6417 4.9522 997 -27.6
-74.625 4.9522 903 -7.9
-74.6083 4.9522 893 6.3
-74.5917 4.9522 1083 13.4
-74.575 4.9522 1477 12.5
-74.5583 4.9522 1753 4.7
-74.5417 4.9522 1395 -7.1
-74.525 4.9522 1141 -19.8
-74.5084 4.9522 1289 -28.9
-74.4917 4.9522 1285 -31.7
-74.475 4.9522 1229 -26.2
-74.4583 4.9522 1191 -12.4
-74.4417 4.9522 1419 7.2
-74.425 4.9522 1359 29.8
-74.4084 4.9522 1507 50.7
-74.3917 4.9522 1435 67.2
-74.375 4.9522 1501 76.6
-74.3583 4.9522 1733 79.2
-74.3417 4.9522 1799 77
-74.325 4.9522 1777 73.3
-74.3083 4.9522 2017 72.9
-74.2917 4.9522 1921 78.8
-74.275 4.9522 1835 93.3
-74.2584 4.9522 2171 116.3
-74.2417 4.9522 2653 144.4
-74.225 4.9522 2935 173.8
-74.2083 4.9522 2935 198.6
-74.1917 4.9522 2833 214.9
-74.175 4.9522 2761 219.3
-74.1584 4.9522 2687 211.7
-74.1417 4.9522 2685 194.5
-74.125 4.9522 2863 170.9
-74.1083 4.9522 2947 146.6
-74.0917 4.9522 2679 125.2
-74.075 4.9522 2619 109.9
-74.0583 4.9522 2757 101.1
-74.0417 4.9522 2833 97.6
-74.025 4.9522 2639 96.9
-74.0084 4.9522 2563 95.8
-73.9917 4.9522 2557 92.1
-73.975 4.9522 2645 85.1
-73.9583 4.9522 2565 75.4
-73.9417 4.9522 2563 65.6
-73.925 4.9522 2591 58.2
-73.9084 4.9522 2771 56.2
-73.8917 4.9522 2927 61.3
-73.875 4.9522 2803 73.8
-73.8583 4.9522 2635 93
-73.8417 4.9522 2585 116.6
-73.825 4.9522 2637 143
-73.8083 4.9522 2867 169.5
-73.7917 4.9522 2901 195.2
-73.775 4.9522 2911 218.9
-73.7584 4.9522 3105 240.1
-73.7417 4.9522 3245 258.1
-73.725 4.9522 3397 272.1
-73.7083 4.9522 3405 280.3
-73.6917 4.9522 3331 281.6
-73.675 4.9522 3167 274.8
-73.6584 4.9522 3015 259.5
-73.6417 4.9522 3111 237.4
-73.625 4.9522 3101 210.4
-73.6083 4.9522 2853 182.9
-73.5917 4.9522 2395 157.9
-73.575 4.9522 2213 139.1
-73.5583 4.9522 2335 127.7
-73.5417 4.9522 2473 123.8
-73.525 4.9522 2195 125.6
-73.5084 4.9522 1899 129.9
-73.4917 4.9522 1701 134.2
-73.475 4.9522 1679 136
-73.4583 4.9522 1965 134.8
-73.4417 4.9522 2289 131.6
-73.425 4.9522 2421 127.9
-73.4084 4.9522 2193 126.5
-73.3917 4.9522 2215 128.4
-73.375 4.9522 2217 134
-73.3583 4.9522 2003 141.8
-73.3417 4.9522 1465 148.5
-73.325 4.9522 1291 151.3
-73.3083 4.9522 1361 147.2
-73.2917 4.9522 1589 135.2
-73.275 4.9522 1991 116.3
-73.2584 4.9522 1865 92.7
-73.2417 4.9522 1861 69.1
-73.225 4.9522 1405 48.7
-73.2083 4.9522 961 34.8
-73.1917 4.9522 1067 28.4
-73.175 4.9522 773 28.2
-73.1584 4.9522 1093 31.9
-73.1417 4.9522 1357 35.9
-73.125 4.9522 1611 37.6
-73.1083 4.9522 1549 35.3
-73.0917 4.9522 1185 29.2
-73.075 4.9522 1015 21.6
-73.0583 4.9522 785 14.9
-73.0417 4.9522 649 12
-73.025 4.9522 865 14.5
-73.0084 4.9522 1167 22.1
-72.9917 4.9522 1421 33.1
-72.975 4.9522 1335 43.7
-72.9583 4.9522 1165 50.9
-72.9417 4.9522 1017 51.4
-72.925 4.9522 1153 44
-74.9084 4.9356 307 -65.8
-74.8917 4.9356 285 -76
-74.875 4.9356 271 -82.8
-74.8583 4.9356 265 -86.8
-74.8417 4.9356 257 -88.9
-74.825 4.9356 263 -90.3
-74.8083 4.9356 239 -92.2
-74.7917 4.9356 231 -95.3
-74.775 4.9356 255 -99.2
-74.7584 4.9356 251 -103.1
-74.7417 4.9356 235 -105
-74.725 4.9356 263 -103.3
-74.7083 4.9356 423 -96.3
-74.6917 4.9356 633 -83.3
-74.675 4.9356 577 -65.2
-74.6584 4.9356 591 -43.5
-74.6417 4.9356 713 -21.6
-74.625 4.9356 917 -2.3
-74.6083 4.9356 907 10.9
-74.5917 4.9356 1071 16.5
-74.575 4.9356 1493 14.2
-74.5583 4.9356 1871 5.2
-74.5417 4.9356 1467 -7
-74.525 4.9356 1253 -18.8
-74.5084 4.9356 1103 -25.5
-74.4917 4.9356 1319 -24.2
-74.475 4.9356 1555 -13.4
-74.4583 4.9356 1403 6.7
-74.4417 4.9356 1429 32.9
-74.425 4.9356 1525 61.8
-74.4084 4.9356 1539 88
-74.3917 4.9356 1613 108.2
-74.375 4.9356 1657 119.4
-74.3583 4.9356 1945 121.7
-74.3417 4.9356 2137 117.4
-74.325 4.9356 2079 109.8
-74.3083 4.9356 2289 104.2
-74.2917 4.9356 2219 104.2
-74.275 4.9356 2109 112.3
-74.2584 4.9356 2279 128.6
-74.2417 4.9356 2535 150.4
-74.225 4.9356 2833 173.7
-74.2083 4.9356 2831 192.8
-74.1917 4.9356 2735 203.9
-74.175 4.9356 2671 203.7
-74.1584 4.9356 2651 192.1
-74.1417 4.9356 2707 171.9
-74.125 4.9356 2859 146.4
-74.1083 4.9356 2757 121.5
-74.0917 4.9356 2599 100.9
-74.075 4.9356 2595 87.7
-74.0583 4.9356 2671 82.4
-74.0417 4.9356 2597 82.9
-74.025 4.9356 2563 86.6
-74.0084 4.9356 2555 89.5
-73.9917 4.9356 2587 89.2
-73.975 4.9356 2565 84.4
-73.9583 4.9356 2561 75.6
-73.9417 4.9356 2565 65.8
-73.925 4.9356 2747 57.7
-73.9084 4.9356 2919 55
-73.8917 4.9356 2811 59.8
-73.875 4.9356 2603 73
-73.8583 4.9356 2583 94.1
-73.8417 4.9356 2621 120.5
-73.825 4.9356 2817 150.1
-73.8083 4.9356 2821 179.6
-73.7917 4.9356 2757 207.4
-73.775 4.9356 2885 231.3
-73.7584 4.9356 3199 250.8
-73.7417 4.9356 3259 264.9
-73.725 4.9356 3249 273.2
-73.7083 4.9356 3205 275.2
-73.6917 4.9356 3233 270.5
-73.675 4.9356 3233 259.1
-73.6584 4.9356 3135 241.7
-73.6417 4.9356 2869 220.4
-73.625 4.9356 2749 197.4
-73.6083 4.9356 2917 176.4
-73.5917 4.9356 2719 160
-73.575 4.9356 2497 150.4
-73.5583 4.9356 2533 148.2
-73.5417 4.9356 2571 152
-73.525 4.9356 2239 159.6
-73.5084 4.9356 2073 167.2
-73.4917 4.9356 1795 172.4
-73.475 4.9356 1921 172.9
-73.4583 4.9356 2143 168.6
-73.4417 4.9356 2577 161.1
-73.425 4.9356 2519 152.7
-73.4084 4.9356 2499 146.3
-73.3917 4.9356 2435 143.6
-73.375 4.9356 2453 145
-73.3583 4.9356 1987 149.1
-73.3417 4.9356 1611 152.8
-73.325 4.9356 1501 153.1
-73.3083 4.9356 1457 146.9
-73.2917 4.9356 2001 132.9
-73.275 4.9356 2185 112.2
-73.2584 4.9356 2383 86.9
-73.2417 4.9356 1739 61.5
-73.225 4.9356 1005 39.4
-73.2083 4.9356 783 24
-73.1917 4.9356 839 16.2
-73.175 4.9356 813 15.2
-73.1584 4.9356 1107 18.7
-73.1417 4.9356 1593 23.2
-73.125 4.9356 1609 26
-73.1083 4.9356 1217 25.3
-73.0917 4.9356 901 21.1
-73.075 4.9356 685 15.1
-73.0583 4.9356 741 9.4
-73.0417 4.9356 669 6.8
-73.025 4.9356 1009 8.4
-73.0084 4.9356 1181 14.2
-72.9917 4.9356 1141 22.8
-72.975 4.9356 927 30.9
-72.9583 4.9356 881 35.9
-72.9417 4.9356 945 35.1
-72.925 4.9356 1057 27.7
-74.9084 4.919 277 -65.2
-74.8917 4.919 271 -75.4
-74.875 4.919 263 -82.4
-74.8583 4.919 263 -86.7
-74.8417 4.919 309 -89.2
-74.825 4.919 311 -91
-74.8083 4.919 249 -93.4
-74.7917 4.919 235 -96.8
-74.775 4.919 289 -100.9
-74.7584 4.919 293 -104.7
-74.7417 4.919 249 -106.1
-74.725 4.919 259 -103.6
-74.7083 4.919 481 -95.4
-74.6917 4.919 853 -81.1
-74.675 4.919 817 -61.6
-74.6584 4.919 765 -38.6
-74.6417 4.919 1217 -15.8
-74.625 4.919 1301 3.9
-74.6083 4.919 1179 17.1
-74.5917 4.919 1319 22.3
-74.575 4.919 1579 19.4
-74.5583 4.919 1885 10
-74.5417 4.919 1477 -1.9
-74.525 4.919 1211 -12.7
-74.5084 4.919 1121 -17.2
-74.4917 4.919 1279 -12.6
-74.475 4.919 1611 2.6
-74.4583 4.919 1651 27.9
-74.4417 4.919 1571 59.5
-74.425 4.919 1683 93.8
-74.4084 4.919 1721 124.4
-74.3917 4.919 1783 147.9
-74.375 4.919 1855 160.7
-74.3583 4.919 2127 162.8
-74.3417 4.919 2563 156.5
-74.325 4.919 2555 145.3
-74.3083 4.919 2637 134.7
-74.2917 4.919 2363 128.7
-74.275 4.919 2507 130.4
-74.2584 4.919 2531 140.3
-74.2417 4.919 2613 155.8
-74.225 4.919 2795 173.5
-74.2083 4.919 2737 187.7
-74.1917 4.919 2685 194.6
-74.175 4.919 2629 191.3
-74.1584 4.919 2671 177.4
-74.1417 4.919 2845 155.8
-74.125 4.919 2981 129.9
-74.1083 4.919 2679 105.6
-74.0917 4.919 2589 86.4
-74.075 4.919 2669 75.4
-74.0583 4.919 2567 72.7
-74.0417 4.919 2559 76.3
-74.025 4.919 2559 83
-74.0084 4.919 2553 88.6
-73.9917 4.919 2659 90.3
-73.975 4.919 2583 86.8
-73.9583 4.919 2561 78.6
-73.9417 4.919 2599 68.6
-73.925 4.919 2901 60.2
-73.9084 4.919 2923 57.3
-73.8917 4.919 2663 62.3
-73.875 4.919 2595 76.4
-73.8583 4.919 2609 99.1
-73.8417 4.919 2681 127.4
-73.825 4.919 2837 158.8
-73.8083 4.919 2751 189.2
-73.7917 4.919 2803 216.4
-73.775 4.919 2957 237.8
-73.7584 4.919 3143 252.7
-73.7417 4.919 3011 260.5
-73.725 4.919 3021 261.4
-73.7083 4.919 2905 256
-73.6917 4.919 2979 244.9
-73.675 4.919 3147 229.4
-73.6584 4.919 3071 210.8
-73.6417 4.919 2591 191.8
-73.625 4.919 2681 174.4
-73.6083 4.919 2843 161.8
-73.5917 4.919 2775 155.5
-73.575 4.919 2679 156.8
-73.5583 4.919 2689 164.9
-73.5417 4.919 2797 177.5
-73.525 4.919 2451 191.6
-73.5084 4.919 2337 203.2
-73.4917 4.919 2089 209.6
-73.475 4.919 2255 209
-73.4583 4.919 2439 201.6
-73.4417 4.919 2735 189.7
-73.425 4.919 2799 176
-73.4084 4.919 2735 164.1
-73.3917 4.919 2435 155.9
-73.375 4.919 2177 152.4
-73.3583 4.919 2031 152.2
-73.3417 4.919 1883 152.5
-73.325 4.919 1581 150.2
-73.3083 4.919 1371 142.2
-73.2917 4.919 1769 127
-73.275 4.919 2321 105.4
-73.2584 4.919 2061 79.3
-73.2417 4.919 1535 53
-73.225 4.919 833 29.8
-73.2083 4.919 733 13.1
-73.1917 4.919 733 3.9
-73.175 4.919 1081 1.7
-73.1584 4.919 1447 4.3
-73.1417 4.919 1547 8.4
-73.125 4.919 1187 11.5
-73.1083 4.919 1035 11.7
-73.0917 4.919 781 8.8
-73.075 4.919 621 4
-73.0583 4.919 593 -0.8
-73.0417 4.919 631 -3.2
-73.025 4.919 1071 -2.1
-73.0084 4.919 1175 2.3
-72.9917 4.919 1123 9
-72.975 4.919 807 15.1
-72.9583 4.919 915 18.6
-72.9417 4.919 1119 17.2
-72.925 4.919 899 10.4
-74.9084 4.9024 261 -65.9
-74.8917 4.9024 261 -75.7
-74.875 4.9024 257 -82.7
-74.8583 4.9024 253 -87.2
-74.8417 4.9024 257 -90.2
-74.825 4.9024 279 -92.6
-74.8083 4.9024 249 -95.6
-74.7917 4.9024 239 -99.6
-74.775 4.9024 263 -104.1
-74.7584 4.9024 269 -108
-74.7417 4.9024 229 -109.2
-74.725 4.9024 259 -106
-74.7083 4.9024 365 -96.7
-74.6917 4.9024 609 -81
-74.675 4.9024 919 -60
-74.6584 4.9024 991 -35.4
-74.6417 4.9024 1187 -11.3
-74.625 4.9024 1589 9.6
-74.6083 4.9024 1493 23.6
-74.5917 4.9024 1619 29.2
-74.575 4.9024 1859 26.6
-74.5583 4.9024 1931 17.6
-74.5417 4.9024 1497 6.2
-74.525 4.9024 1179 -3.5
-74.5084 4.9024 1325 -6.4
-74.4917 4.9024 1407 0.5
-74.475 4.9024 1595 18.8
-74.4583 4.9024 1849 47.6
-74.4417 4.9024 1935 83.1
-74.425 4.9024 1995 121.1
-74.4084 4.9024 2061 155
-74.3917 4.9024 2169 180.9
-74.375 4.9024 2215 195.1
-74.3583 4.9024 2537 197.1
-74.3417 4.9024 2853 189
-74.325 4.9024 2777 174.7
-74.3083 4.9024 2571 159.7
-74.2917 4.9024 2507 148.3
-74.275 4.9024 2815 144.3
-74.2584 4.9024 2753 148.2
-74.2417 4.9024 2729 158.3
-74.225 4.9024 2697 171.3
-74.2083 4.9024 2667 181.9
-74.1917 4.9024 2639 186.4
-74.175 4.9024 2637 181.8
-74.1584 4.9024 2845 167.8
-74.1417 4.9024 3025 146.8
-74.125 4.9024 2887 122.1
-74.1083 4.9024 2613 99.4
-74.0917 4.9024 2585 82
-74.075 4.9024 2609 73
-74.0583 4.9024 2561 72.3
-74.0417 4.9024 2557 77.7
-74.025 4.9024 2555 86
-74.0084 4.9024 2569 92.9
-73.9917 4.9024 2787 95.6
-73.975 4.9024 2683 92.7
-73.9583 4.9024 2561 85
-73.9417 4.9024 2633 75.4
-73.925 4.9024 3043 67.4
-73.9084 4.9024 2877 65.1
-73.8917 4.9024 2645 71.1
-73.875 4.9024 2611 86.3
-73.8583 4.9024 2673 110.1
-73.8417 4.9024 2747 139.1
-73.825 4.9024 2697 170.2
-73.8083 4.9024 2809 198.9
-73.7917 4.9024 2965 222.6
-73.775 4.9024 3089 238.5
-73.7584 4.9024 3169 246.2
-73.7417 4.9024 3091 245.7
-73.725 4.9024 2967 238
-73.7083 4.9024 2725 224.8
-73.6917 4.9024 2925 207.7
-73.675 4.9024 3027 189.1
-73.6584 4.9024 2737 170.7
-73.6417 4.9024 2385 155.3
-73.625 4.9024 2421 144.8
-73.6083 4.9024 2591 141.3
-73.5917 4.9024 2573 145.7
-73.575 4.9024 2529 157.8
-73.5583 4.9024 2629 176.1
-73.5417 4.9024 2829 197.1
-73.525 4.9024 2797 217.5
-73.5084 4.9024 2571 232.8
-73.4917 4.9024 2501 240.6
-73.475 4.9024 2731 239
-73.4583 4.9024 2827 228.8
-73.4417 4.9024 2921 212.8
-73.425 4.9024 2821 193.9
-73.4084 4.9024 2611 176.4
-73.3917 4.9024 2367 162.7
-73.375 4.9024 1893 153.9
-73.3583 4.9024 1695 149.3
-73.3417 4.9024 1649 146
-73.325 4.9024 1577 141.2
-73.3083 4.9024 1697 131.7
-73.2917 4.9024 1631 115.9
-73.275 4.9024 1941 94.3
-73.2584 4.9024 1861 68.4
-73.2417 4.9024 1159 42.2
-73.225 4.9024 703 18.7
-73.2083 4.9024 691 1.3
-73.1917 4.9024 907 -9.1
-73.175 4.9024 1321 -12.7
-73.1584 4.9024 1277 -11.4
-73.1417 4.9024 1125 -8.3
-73.125 4.9024 907 -5.5
-73.1083 4.9024 851 -5.1
-73.0917 4.9024 797 -7.3
-73.075 4.9024 613 -11.2
-73.0583 4.9024 493 -15.1
-73.0417 4.9024 539 -17.1
-73.025 4.9024 691 -16.3
-73.0084 4.9024 685 -12.6
-72.9917 4.9024 607 -7.2
-72.975 4.9024 887 -2.3
-72.9583 4.9024 1099 0.2
-72.9417 4.9024 907 -1.2
-72.925 4.9024 671 -6.9
-74.9084 4.8858 287 -67.9
-74.8917 4.8858 275 -77.1
-74.875 4.8858 259 -83.9
-74.8583 4.8858 257 -88.5
-74.8417 4.8858 251 -91.9
-74.825 4.8858 245 -95
-74.8083 4.8858 237 -98.7
-74.7917 4.8858 233 -103.4
-74.775 4.8858 237 -108.4
-74.7584 4.8858 247 -112.5
-74.7417 4.8858 225 -113.6
-74.725 4.8858 375 -109.8
-74.7083 4.8858 533 -99.6
-74.6917 4.8858 709 -82.6
-74.675 4.8858 947 -60.1
-74.6584 4.8858 1293 -34
-74.6417 4.8858 1255 -8.4
-74.625 4.8858 1633 13.9
-74.6083 4.8858 1523 29.1
-74.5917 4.8858 1697 35.8
-74.575 4.8858 1905 34.1
-74.5583 4.8858 1609 25.8
-74.5417 4.8858 1531 15.2
-74.525 4.8858 1233 6.3
-74.5084 4.8858 1275 4.5
-74.4917 4.8858 1477 12.7
-74.475 4.8858 1539 32.6
-74.4583 4.8858 1801 63.4
-74.4417 4.8858 2163 101
-74.425 4.8858 2437 141.3
-74.4084 4.8858 2673 177.3
-74.3917 4.8858 2631 204.9
-74.375 4.8858 2633 220
-74.3583 4.8858 2905 221.9
-74.3417 4.8858 2853 212.6
-74.325 4.8858 2867 195.7
-74.3083 4.8858 2865 177
-74.2917 4.8858 2755 160.9
-74.275 4.8858 2905 151.7
-74.2584 4.8858 2739 150.5
-74.2417 4.8858 2653 156.1
-74.225 4.8858 2643 165.5
-74.2083 4.8858 2627 173.9
-74.1917 4.8858 2607 177.6
-74.175 4.8858 2775 173.5
-74.1584 4.8858 2943 161.1
-74.1417 4.8858 2789 142.4
-74.125 4.8858 2611 120.4
-74.1083 4.8858 2577 100.3
-74.0917 4.8858 2593 85.2
-74.075 4.8858 2615 78
-74.0583 4.8858 2557 78.5
-74.0417 4.8858 2555 84.7
-74.025 4.8858 2553 93.5
-74.0084 4.8858 2641 100.7
-73.9917 4.8858 2907 103.9
-73.975 4.8858 2745 101.5
-73.9583 4.8858 2563 94.5
-73.9417 4.8858 2607 86.1
-73.925 4.8858 2891 79.5
-73.9084 4.8858 2799 78.9
-73.8917 4.8858 2631 86.5
-73.875 4.8858 2639 103
-73.8583 4.8858 2675 127.4
-73.8417 4.8858 2729 155.7
-73.825 4.8858 2793 184.6
-73.8083 4.8858 2885 209.2
-73.7917 4.8858 3091 226.8
-73.775 4.8858 3273 235
-73.7584 4.8858 3243 233.5
-73.7417 4.8858 3209 223.6
-73.725 4.8858 3067 206.8
-73.7083 4.8858 2757 186.2
-73.6917 4.8858 2657 164.1
-73.675 4.8858 2835 143.7
-73.6584 4.8858 2481 126.8
-73.6417 4.8858 2213 116.1
-73.625 4.8858 2203 112.9
-73.6083 4.8858 2399 118.5
-73.5917 4.8858 2339 132.9
-73.575 4.8858 2295 154.6
-73.5583 4.8858 2565 181.6
-73.5417 4.8858 2693 209.5
-73.525 4.8858 2973 235
-73.5084 4.8858 2957 253.3
-73.4917 4.8858 2915 262
-73.475 4.8858 2859 259.7
-73.4583 4.8858 3017 247.3
-73.4417 4.8858 2803 227.7
-73.425 4.8858 2371 204.4
-73.4084 4.8858 2107 182
-73.3917 4.8858 2191 163
-73.375 4.8858 1921 149.3
-73.3583 4.8858 1705 140.1
-73.3417 4.8858 1625 133.3
-73.325 4.8858 1833 126.1
-73.3083 4.8858 2227 115.4
-73.2917 4.8858 2033 99.5
-73.275 4.8858 1337 78.7
-73.2584 4.8858 1479 53.9
-73.2417 4.8858 831 28.8
-73.225 4.8858 667 5.9
-73.2083 4.8858 929 -11.6
-73.1917 4.8858 1157 -22.7
-73.175 4.8858 1269 -27.6
-73.1584 4.8858 1163 -27.7
-73.1417 4.8858 835 -25.8
-73.125 4.8858 693 -23.9
-73.1083 4.8858 677 -23.8
-73.0917 4.8858 583 -25.7
-73.075 4.8858 573 -28.8
-73.0583 4.8858 451 -31.9
-73.0417 4.8858 403 -33.3
-73.025 4.8858 443 -32.2
-73.0084 4.8858 507 -28.8
-72.9917 4.8858 793 -24
-72.975 4.8858 1079 -19.8
-72.9583 4.8858 855 -17.6
-72.9417 4.8858 667 -18.6
-72.925 4.8858 513 -23.1
-74.9084 4.8692 335 -70.9
-74.8917 4.8692 293 -79.3
-74.875 4.8692 285 -85.7
-74.8583 4.8692 281 -90.5
-74.8417 4.8692 267 -94.3
-74.825 4.8692 241 -98
-74.8083 4.8692 233 -102.4
-74.7917 4.8692 231 -107.7
-74.775 4.8692 229 -113.1
-74.7584 4.8692 239 -117.3
-74.7417 4.8692 239 -118.1
-74.725 4.8692 307 -113.8
-74.7083 4.8692 415 -102.8
-74.6917 4.8692 619 -84.9
-74.675 4.8692 865 -61.3
-74.6584 4.8692 913 -34.1
-74.6417 4.8692 967 -7.3
-74.625 4.8692 1429 16.1
-74.6083 4.8692 1333 32.5
-74.5917 4.8692 1531 40.4
-74.575 4.8692 1571 39.7
-74.5583 4.8692 1417 32.4
-74.5417 4.8692 1381 22.5
-74.525 4.8692 1249 14.3
-74.5084 4.8692 1489 12.8
-74.4917 4.8692 1489 21.3
-74.475 4.8692 1669 41.5
-74.4583 4.8692 1871 72.6
-74.4417 4.8692 2151 110.8
-74.425 4.8692 2543 151.9
-74.4084 4.8692 2803 188.9
-74.3917 4.8692 2911 217.5
-74.375 4.8692 2781 233.3
-74.3583 4.8692 2799 235.3
-74.3417 4.8692 2739 225.2
-74.325 4.8692 2867 206.4
-74.3083 4.8692 2967 184.8
-74.2917 4.8692 2809 164.9
-74.275 4.8692 2751 151.3
-74.2584 4.8692 2649 145.8
-74.2417 4.8692 2613 147.6
-74.225 4.8692 2601 154.4
-74.2083 4.8692 2593 161.7
-74.1917 4.8692 2609 165.9
-74.175 4.8692 2773 163.7
-74.1584 4.8692 2627 154.4
-74.1417 4.8692 2571 139.4
-74.125 4.8692 2569 121.3
-74.1083 4.8692 2571 104.5
-74.0917 4.8692 2643 92.1
-74.075 4.8692 2605 86.5
-74.0583 4.8692 2555 87.9
-74.0417 4.8692 2553 94.3
-74.025 4.8692 2585 102.9
-74.0084 4.8692 2785 110
-73.9917 4.8692 2955 113.3
-73.975 4.8692 2809 111.8
-73.9583 4.8692 2569 106.3
-73.9417 4.8692 2583 100
-73.925 4.8692 2847 96
-73.9084 4.8692 2725 97.9
-73.8917 4.8692 2635 107.9
-73.875 4.8692 2667 125.8
-73.8583 4.8692 2697 150.2
-73.8417 4.8692 2807 176.8
-73.825 4.8692 2909 201.9
-73.8083 4.8692 3165 220.6
-73.7917 4.8692 3329 230.3
-73.775 4.8692 3181 229.3
-73.7584 4.8692 3057 217.8
-73.7417 4.8692 2985 198.3
-73.725 4.8692 2919 173.2
-73.7083 4.8692 2895 146.6
-73.6917 4.8692 2717 121.2
-73.675 4.8692 2311 100.6
-73.6584 4.8692 2225 86.5
-73.6417 4.8692 1981 81
-73.625 4.8692 2181 84.8
-73.6083 4.8692 2389 98
-73.5917 4.8692 2213 120.1
-73.575 4.8692 2195 148.7
-73.5583 4.8692 2387 181.3
-73.5417 4.8692 2707 213.5
-73.525 4.8692 3087 241.7
-73.5084 4.8692 2969 261.5
-73.4917 4.8692 2741 270.6
-73.475 4.8692 2515 267.7
-73.4583 4.8692 2671 253.8
-73.4417 4.8692 2541 232.1
-73.425 4.8692 2397 205.7
-73.4084 4.8692 2131 179.7
-73.3917 4.8692 1955 156.5
-73.375 4.8692 1997 138.5
-73.3583 4.8692 1577 125.3
-73.3417 4.8692 1721 115.2
-73.325 4.8692 1955 105.8
-73.3083 4.8692 2303 94.2
-73.2917 4.8692 1889 78.7
-73.275 4.8692 1303 59.2
-73.2584 4.8692 1053 36.4
-73.2417 4.8692 789 13.3
-73.225 4.8692 637 -8
-73.2083 4.8692 1017 -24.6
-73.1917 4.8692 1247 -35.8
-73.175 4.8692 1067 -41.5
-73.1584 4.8692 777 -42.9
-73.1417 4.8692 691 -42.4
-73.125 4.8692 567 -41.5
-73.1083 4.8692 595 -41.8
-73.0917 4.8692 607 -43.6
-73.075 4.8692 473 -46.1
-73.0583 4.8692 395 -48.3
-73.0417 4.8692 409 -48.9
-73.025 4.8692 455 -47.3
-73.0084 4.8692 571 -43.7
-72.9917 4.8692 1031 -38.9
-72.975 4.8692 1045 -34.8
-72.9583 4.8692 697 -32.6
-72.9417 4.8692 507 -33.2
-72.925 4.8692 443 -36.5
-74.9084 4.8526 355 -74.1
-74.8917 4.8526 335 -81.8
-74.875 4.8526 315 -87.9
-74.8583 4.8526 299 -92.7
-74.8417 4.8526 287 -96.9
-74.825 4.8526 267 -101.1
-74.8083 4.8526 245 -106
-74.7917 4.8526 235 -111.7
-74.775 4.8526 227 -117.1
-74.7584 4.8526 233 -121.1
-74.7417 4.8526 263 -121.5
-74.725 4.8526 301 -116.6
-74.7083 4.8526 319 -105.1
-74.6917 4.8526 519 -86.6
-74.675 4.8526 717 -62.5
-74.6584 4.8526 641 -34.9
-74.6417 4.8526 1017 -7.6
-74.625 4.8526 1279 16.4
-74.6083 4.8526 1239 33.5
-74.5917 4.8526 1649 42.3
-74.575 4.8526 1655 42.6
-74.5583 4.8526 1551 36.1
-74.5417 4.8526 1479 26.9
-74.525 4.8526 1347 19
-74.5084 4.8526 1645 17.3
-74.4917 4.8526 1699 25.3
-74.475 4.8526 1815 44.6
-74.4583 4.8526 2029 74.9
-74.4417 4.8526 2335 112.5
-74.425 4.8526 2701 153.3
-74.4084 4.8526 2745 190.5
-74.3917 4.8526 2705 219.6
-74.375 4.8526 2633 235.9
-74.3583 4.8526 2673 238.3
-74.3417 4.8526 2671 228
-74.325 4.8526 2865 208
-74.3083 4.8526 2795 184.2
-74.2917 4.8526 2661 161.2
-74.275 4.8526 2623 144
-74.2584 4.8526 2603 134.7
-74.2417 4.8526 2591 133.4
-74.225 4.8526 2583 138.1
-74.2083 4.8526 2591 144.9
-74.1917 4.8526 2683 150.3
-74.175 4.8526 2593 150.9
-74.1584 4.8526 2571 145.5
-74.1417 4.8526 2567 135
-74.125 4.8526 2567 121.4
-74.1083 4.8526 2599 108.5
-74.0917 4.8526 2727 99
-74.075 4.8526 2559 95.2
-74.0583 4.8526 2557 97.3
-74.0417 4.8526 2549 103.6
-74.025 4.8526 2639 111.9
-74.0084 4.8526 2897 118.8
-73.9917 4.8526 2925 122.5
-73.975 4.8526 2745 122.2
-73.9583 4.8526 2565 118.9
-73.9417 4.8526 2589 115.6
-73.925 4.8526 2839 115.1
-73.9084 4.8526 2677 120.5
-73.8917 4.8526 2657 133.3
-73.875 4.8526 2697 152.7
-73.8583 4.8526 2789 176.9
-73.8417 4.8526 2931 201
-73.825 4.8526 3103 221.3
-73.8083 4.8526 3339 233
-73.7917 4.8526 3283 234
-73.775 4.8526 3207 223.4
-73.7584 4.8526 3187 202.3
-73.7417 4.8526 2943 174.1
-73.725 4.8526 2981 142.2
-73.7083 4.8526 2819 111.5
-73.6917 4.8526 2701 84.7
-73.675 4.8526 2207 65.5
-73.6584 4.8526 1901 55.1
-73.6417 4.8526 1969 54.8
-73.625 4.8526 2223 64.4
-73.6083 4.8526 2361 83.2
-73.5917 4.8526 2075 109.9
-73.575 4.8526 2027 141.8
-73.5583 4.8526 2355 176.4
-73.5417 4.8526 2843 209.3
-73.525 4.8526 2787 237.6
-73.5084 4.8526 3021 257.1
-73.4917 4.8526 2755 265.8
-73.475 4.8526 2405 262.7
-73.4583 4.8526 2295 248.4
-73.4417 4.8526 2289 226
-73.425 4.8526 2353 198.4
-73.4084 4.8526 1991 170.3
-73.3917 4.8526 1865 144.4
-73.375 4.8526 1727 123.2
-73.3583 4.8526 1449 106.5
-73.3417 4.8526 1811 93.6
-73.325 4.8526 2307 82.1
-73.3083 4.8526 2135 69.8
-73.2917 4.8526 1535 55
-73.275 4.8526 1095 37.3
-73.2584 4.8526 961 17.1
-73.2417 4.8526 815 -3.2
-73.225 4.8526 683 -22
-73.2083 4.8526 797 -37
-73.1917 4.8526 837 -47.4
-73.175 4.8526 631 -53.3
-73.1584 4.8526 597 -55.7
-73.1417 4.8526 551 -56.2
-73.125 4.8526 473 -56.4
-73.1083 4.8526 539 -57.3
-73.0917 4.8526 675 -59.1
-73.075 4.8526 453 -61.1
-73.0583 4.8526 357 -62.5
-73.0417 4.8526 443 -62.1
-73.025 4.8526 455 -59.6
-73.0084 4.8526 663 -55.5
-72.9917 4.8526 1027 -50.4
-72.975 4.8526 805 -46.1
-72.9583 4.8526 533 -43.7
-72.9417 4.8526 437 -43.8
-72.925 4.8526 393 -46.3
-74.9084 4.836 379 -76.7
-74.8917 4.836 353 -83.9
-74.875 4.836 335 -89.9
-74.8583 4.836 299 -94.8
-74.8417 4.836 287 -99.3
-74.825 4.836 271 -103.8
-74.8083 4.836 255 -108.8
-74.7917 4.836 237 -114.2
-74.775 4.836 227 -119.2
-74.7584 4.836 227 -122.5
-74.7417 4.836 241 -122.2
-74.725 4.836 275 -116.6
-74.7083 4.836 271 -104.7
-74.6917 4.836 341 -86.2
-74.675 4.836 483 -62.5
-74.6584 4.836 773 -35.3
-74.6417 4.836 977 -8.6
-74.625 4.836 1123 15.1
-74.6083 4.836 1261 32.1
-74.5917 4.836 1697 41.2
-74.575 4.836 1827 42
-74.5583 4.836 1783 36.2
-74.5417 4.836 1633 27.4
-74.525 4.836 1387 19.5
-74.5084 4.836 1467 17.3
-74.4917 4.836 1585 24.2
-74.475 4.836 1795 42
-74.4583 4.836 2131 70.5
-74.4417 4.836 2237 106.6
-74.425 4.836 2701 146.3
-74.4084 4.836 2799 183.2
-74.3917 4.836 2629 212.6
-74.375 4.836 2595 229.7
-74.3583 4.836 2615 232.9
-74.3417 4.836 2685 223
-74.325 4.836 2821 202.7
-74.3083 4.836 2665 177.6
-74.2917 4.836 2605 152.2
-74.275 4.836 2585 132
-74.2584 4.836 2579 119.3
-74.2417 4.836 2579 115.1
-74.225 4.836 2575 117.9
-74.2083 4.836 2651 124.2
-74.1917 4.836 2657 130.8
-74.175 4.836 2567 134.1
-74.1584 4.836 2567 132.7
-74.1417 4.836 2565 126.8
-74.125 4.836 2587 117.9
-74.1083 4.836 2783 109.1
-74.0917 4.836 2593 102.6
-74.075 4.836 2551 100.7
-74.0583 4.836 2551 103.6
-74.0417 4.836 2547 110
-74.025 4.836 2699 118.1
-74.0084 4.836 3059 125.1
-73.9917 4.836 2947 129.6
-73.975 4.836 2637 131.1
-73.9583 4.836 2565 130.6
-73.9417 4.836 2569 130.9
-73.925 4.836 2711 134.4
-73.9084 4.836 2699 143.7
-73.8917 4.836 2701 159.5
-73.875 4.836 2787 180.5
-73.8583 4.836 2897 204.3
-73.8417 4.836 3085 225.7
-73.825 4.836 3299 241
-73.8083 4.836 3277 246
-73.7917 4.836 3033 238.8
-73.775 4.836 2843 219.7
-73.7584 4.836 2759 190.6
-73.7417 4.836 2833 156
-73.725 4.836 2763 119.8
-73.7083 4.836 2455 87.3
-73.6917 4.836 2245 61.4
-73.675 4.836 2081 45
-73.6584 4.836 1817 38.8
-73.6417 4.836 1833 42.8
-73.625 4.836 2079 56.3
-73.6083 4.836 2291 77.4
-73.5917 4.836 1997 104.7
-73.575 4.836 2045 135.5
-73.5583 4.836 2495 167.7
-73.5417 4.836 2883 197.7
-73.525 4.836 2619 223.1
-73.5084 4.836 2553 240.5
-73.4917 4.836 2767 248.3
-73.475 4.836 2583 245.2
-73.4583 4.836 2249 231.9
-73.4417 4.836 2173 210.6
-73.425 4.836 2325 183.9
-73.4084 4.836 2089 155.9
-73.3917 4.836 1929 128.9
-73.375 4.836 1249 105.7
-73.3583 4.836 1357 86.6
-73.3417 4.836 2023 71.1
-73.325 4.836 2145 57.9
-73.3083 4.836 1701 44.9
-73.2917 4.836 1499 30.8
-73.275 4.836 1053 15.1
-73.2584 4.836 967 -2
-73.2417 4.836 1089 -19
-73.225 4.836 705 -34.6
-73.2083 4.836 505 -47.1
-73.1917 4.836 601 -56.1
-73.175 4.836 495 -61.5
-73.1584 4.836 447 -64.2
-73.1417 4.836 431 -65.5
-73.125 4.836 411 -66.6
-73.1083 4.836 469 -68
-73.0917 4.836 491 -70
-73.075 4.836 381 -71.6
-73.0583 4.836 391 -72.2
-73.0417 4.836 471 -70.9
-73.025 4.836 453 -67.5
-73.0084 4.836 753 -62.6
-72.9917 4.836 817 -57
-72.975 4.836 653 -52.5
-72.9583 4.836 437 -49.8
-72.9417 4.836 387 -49.6
-72.925 4.836 369 -51.6
-74.9084 4.8194 403 -78.4
-74.8917 4.8194 373 -85.4
-74.875 4.8194 355 -91.3
-74.8583 4.8194 329 -96.5
-74.8417 4.8194 309 -101.1
-74.825 4.8194 277 -105.6
-74.8083 4.8194 253 -110.3
-74.7917 4.8194 237 -114.9
-74.775 4.8194 231 -118.8
-74.7584 4.8194 235 -120.9
-74.7417 4.8194 229 -119.4
-74.725 4.8194 275 -113.1
-74.7083 4.8194 347 -101
-74.6917 4.8194 519 -82.9
-74.675 4.8194 563 -60.3
-74.6584 4.8194 989 -34.7
-74.6417 4.8194 1287 -9.6
-74.625 4.8194 1065 12.7
-74.6083 4.8194 1229 28.7
-74.5917 4.8194 1677 37.4
-74.575 4.8194 1913 38.2
-74.5583 4.8194 1979 32.8
-74.5417 4.8194 1663 24.3
-74.525 4.8194 1463 16.2
-74.5084 4.8194 1513 13.3
-74.4917 4.8194 1621 18.7
-74.475 4.8194 1723 34.5
-74.4583 4.8194 1923 60.9
-74.4417 4.8194 2011 94.9
-74.425 4.8194 2313 133.2
-74.4084 4.8194 2579 169.5
-74.3917 4.8194 2833 199.2
-74.375 4.8194 2645 217.4
-74.3583 4.8194 2593 222
-74.3417 4.8194 2645 213.3
-74.325 4.8194 2631 193.6
-74.3083 4.8194 2619 168.1
-74.2917 4.8194 2579 141.1
-74.275 4.8194 2571 118.4
-74.2584 4.8194 2567 102.7
-74.2417 4.8194 2573 95.6
-74.225 4.8194 2577 96.3
-74.2083 4.8194 2643 101.7
-74.1917 4.8194 2589 108.9
-74.175 4.8194 2567 114.4
-74.1584 4.8194 2563 116.5
-74.1417 4.8194 2565 114.7
-74.125 4.8194 2739 110.1
-74.1083 4.8194 2667 105.2
-74.0917 4.8194 2553 101.9
-74.075 4.8194 2553 102
-74.0583 4.8194 2557 106
-74.0417 4.8194 2555 112.9
-74.025 4.8194 2729 121.3
-74.0084 4.8194 3091 128.8
-73.9917 4.8194 2933 134.4
-73.975 4.8194 2641 138
-73.9583 4.8194 2567 140.6
-73.9417 4.8194 2619 144.6
-73.925 4.8194 2687 152.2
-73.9084 4.8194 2771 165.3
-73.8917 4.8194 2765 184.1
-73.875 4.8194 2879 206.7
-73.8583 4.8194 3039 230.1
-73.8417 4.8194 3241 249.2
-73.825 4.8194 3365 260.1
-73.8083 4.8194 3167 259.2
-73.7917 4.8194 2851 245.3
-73.775 4.8194 2703 219.7
-73.7584 4.8194 2631 185
-73.7417 4.8194 2545 146.5
-73.725 4.8194 2459 108.7
-73.7083 4.8194 2245 76.9
-73.6917 4.8194 2055 53.7
-73.675 4.8194 1925 41
-73.6584 4.8194 1841 38.9
-73.6417 4.8194 1753 46
-73.625 4.8194 1919 60.9
-73.6083 4.8194 2235 81.1
-73.5917 4.8194 1913 105
-73.575 4.8194 2145 130.6
-73.5583 4.8194 2569 156.4
-73.5417 4.8194 2951 180.1
-73.525 4.8194 2621 200.2
-73.5084 4.8194 2209 214.1
-73.4917 4.8194 2359 220.5
-73.475 4.8194 2397 218.2
-73.4583 4.8194 2327 207.2
-73.4417 4.8194 2309 188.9
-73.425 4.8194 2033 165
-73.4084 4.8194 2041 138.9
-73.3917 4.8194 1571 112.5
-73.375 4.8194 1173 88.5
-73.3583 4.8194 1415 67.5
-73.3417 4.8194 1975 50
-73.325 4.8194 1835 35
-73.3083 4.8194 1487 21.4
-73.2917 4.8194 1103 7.9
-73.275 4.8194 1101 -5.8
-73.2584 4.8194 905 -19.7
-73.2417 4.8194 1119 -33
-73.225 4.8194 691 -45
-73.2083 4.8194 449 -54.4
-73.1917 4.8194 429 -61.2
-73.175 4.8194 411 -65.5
-73.1584 4.8194 423 -68
-73.1417 4.8194 471 -69.8
-73.125 4.8194 529 -71.5
-73.1083 4.8194 543 -73.5
-73.0917 4.8194 453 -75.7
-73.075 4.8194 333 -77.1
-73.0583 4.8194 387 -77.2
-73.0417 4.8194 385 -75.1
-73.025 4.8194 439 -70.9
-73.0084 4.8194 525 -65.3
-72.9917 4.8194 531 -59.2
-72.975 4.8194 451 -54.2
-72.9583 4.8194 371 -51.3
-72.9417 4.8194 359 -51
-72.925 4.8194 353 -52.9
-74.9084 4.8028 405 -78.9
-74.8917 4.8028 367 -86
-74.875 4.8028 365 -92.2
-74.8583 4.8028 345 -97.6
-74.8417 4.8028 299 -102.2
-74.825 4.8028 275 -106.4
-74.8083 4.8028 257 -110.1
-74.7917 4.8028 235 -113.4
-74.775 4.8028 237 -115.6
-74.7584 4.8028 231 -115.8
-74.7417 4.8028 239 -112.8
-74.725 4.8028 315 -105.5
-74.7083 4.8028 633 -93.5
-74.6917 4.8028 755 -76.4
-74.675 4.8028 929 -55.6
-74.6584 4.8028 1145 -32.5
-74.6417 4.8028 1249 -10.1
-74.625 4.8028 975 9.7
-74.6083 4.8028 1175 24
-74.5917 4.8028 1579 31.5
-74.575 4.8028 1937 32
-74.5583 4.8028 2023 26.7
-74.5417 4.8028 1709 18.3
-74.525 4.8028 1779 10.1
-74.5084 4.8028 1633 6.4
-74.4917 4.8028 1587 10.3
-74.475 4.8028 1495 24
-74.4583 4.8028 1675 47.8
-74.4417 4.8028 1855 79.6
-74.425 4.8028 2239 116.3
-74.4084 4.8028 2543 152
-74.3917 4.8028 3053 182.2
-74.375 4.8028 2845 201.9
-74.3583 4.8028 2607 208.7
-74.3417 4.8028 2595 202.1
-74.325 4.8028 2577 184
-74.3083 4.8028 2591 159
-74.2917 4.8028 2571 131.5
-74.275 4.8028 2565 107
-74.2584 4.8028 2567 88.8
-74.2417 4.8028 2567 78.9
-74.225 4.8028 2573 77
-74.2083 4.8028 2591 80.8
-74.1917 4.8028 2563 87.6
-74.175 4.8028 2561 94.1
-74.1584 4.8028 2557 98.5
-74.1417 4.8028 2651 99.8
-74.125 4.8028 2737 98.8
-74.1083 4.8028 2559 97.3
-74.0917 4.8028 2547 96.9
-74.075 4.8028 2555 99.3
-74.0583 4.8028 2555 104.9
-74.0417 4.8028 2555 112.8
-74.025 4.8028 2745 121.9
-74.0084 4.8028 3025 130.3
-73.9917 4.8028 2907 137.4
-73.975 4.8028 2643 142.9
-73.9583 4.8028 2571 148.2
-73.9417 4.8028 2713 155.4
-73.925 4.8028 2895 166.5
-73.9084 4.8028 2929 182.8
-73.8917 4.8028 2869 204.1
-73.875 4.8028 2949 228
-73.8583 4.8028 3155 251.4
-73.8417 4.8028 3439 268.9
-73.825 4.8028 3389 277
-73.8083 4.8028 3287 272.3
-73.7917 4.8028 2961 254.1
-73.775 4.8028 2839 224.8
-73.7584 4.8028 2673 187.5
-73.7417 4.8028 2495 148.2
-73.725 4.8028 2331 111.4
-73.7083 4.8028 2105 82.3
-73.6917 4.8028 1959 63
-73.675 4.8028 2193 54.4
-73.6584 4.8028 2193 55.6
-73.6417 4.8028 1941 64
-73.625 4.8028 1789 77.6
-73.6083 4.8028 1991 93.6
-73.5917 4.8028 1823 110.7
-73.575 4.8028 2059 127.6
-73.5583 4.8028 2487 143.9
-73.5417 4.8028 2951 158.8
-73.525 4.8028 2477 171.8
-73.5084 4.8028 2085 181.5
-73.4917 4.8028 2047 186.7
-73.475 4.8028 2095 185.9
-73.4583 4.8028 2263 178.6
-73.4417 4.8028 2227 164.8
-73.425 4.8028 2121 145.5
-73.4084 4.8028 1779 122.7
-73.3917 4.8028 1243 98.1
-73.375 4.8028 999 74.2
-73.3583 4.8028 1167 52
-73.3417 4.8028 1199 32.7
-73.325 4.8028 1563 15.9
-73.3083 4.8028 1061 1.4
-73.2917 4.8028 991 -11.7
-73.275 4.8028 795 -23.5
-73.2584 4.8028 1005 -34.5
-73.2417 4.8028 779 -44.1
-73.225 4.8028 541 -52.2
-73.2083 4.8028 491 -58.3
-73.1917 4.8028 519 -62.5
-73.175 4.8028 491 -65.2
-73.1584 4.8028 463 -67.1
-73.1417 4.8028 531 -68.9
-73.125 4.8028 669 -71.1
-73.1083 4.8028 645 -73.7
-73.0917 4.8028 579 -76.2
-73.075 4.8028 371 -77.8
-73.0583 4.8028 335 -77.6
-73.0417 4.8028 363 -75.2
-73.025 4.8028 357 -70.4
-73.0084 4.8028 479 -64.3
-72.9917 4.8028 475 -57.8
-72.975 4.8028 339 -52.5
-72.9583 4.8028 339 -49.5
-72.9417 4.8028 341 -49.1
-72.925 4.8028 337 -51.2
-74.9084 4.7862 361 -78.5
-74.8917 4.7862 341 -86.1
-74.875 4.7862 319 -92.7
-74.8583 4.7862 293 -98.3
-74.8417 4.7862 267 -102.8
-74.825 4.7862 251 -106.2
-74.8083 4.7862 249 -108.6
-74.7917 4.7862 239 -109.9
-74.775 4.7862 247 -109.9
-74.7584 4.7862 229 -107.8
-74.7417 4.7862 287 -103
-74.725 4.7862 513 -94.8
-74.7083 4.7862 799 -83
-74.6917 4.7862 949 -67.4
-74.675 4.7862 1263 -49.1
-74.6584 4.7862 1363 -29.2
-74.6417 4.7862 1035 -10.2
-74.625 4.7862 871 6.4
-74.6083 4.7862 1197 18.2
-74.5917 4.7862 1705 24.3
-74.575 4.7862 2025 24.1
-74.5583 4.7862 2077 18.8
-74.5417 4.7862 1803 10.6
-74.525 4.7862 1547 2.3
-74.5084 4.7862 1489 -2.2
-74.4917 4.7862 1357 0.1
-74.475 4.7862 1355 11.6
-74.4583 4.7862 1583 32.9
-74.4417 4.7862 1921 62.3
-74.425 4.7862 2153 97.2
-74.4084 4.7862 2355 132.3
-74.3917 4.7862 2877 163.3
-74.375 4.7862 2769 184.9
-74.3583 4.7862 2717 194.5
-74.3417 4.7862 2617 190.9
-74.325 4.7862 2567 175.6
-74.3083 4.7862 2565 152.4
-74.2917 4.7862 2565 125.3
-74.275 4.7862 2561 100.1
-74.2584 4.7862 2561 79.8
-74.2417 4.7862 2563 67.3
-74.225 4.7862 2563 62.6
-74.2083 4.7862 2561 64.1
-74.1917 4.7862 2559 69.5
-74.175 4.7862 2557 75.7
-74.1584 4.7862 2553 81
-74.1417 4.7862 2601 84.2
-74.125 4.7862 2563 85.7
-74.1083 4.7862 2549 87
-74.0917 4.7862 2555 89.4
-74.075 4.7862 2557 94.3
-74.0583 4.7862 2565 101.9
-74.0417 4.7862 2555 111.4
-74.025 4.7862 2695 121.8
-74.0084 4.7862 2923 131.4
-73.9917 4.7862 2779 139.7
-73.975 4.7862 2593 146.8
-73.9583 4.7862 2579 153.9
-73.9417 4.7862 2771 163.3
-73.925 4.7862 3013 176.7
-73.9084 4.7862 3143 195.2
-73.8917 4.7862 2983 218.5
-73.875 4.7862 3101 243.6
-73.8583 4.7862 3297 267.4
-73.8417 4.7862 3447 284.4
-73.825 4.7862 3417 291.2
-73.8083 4.7862 3287 285
-73.7917 4.7862 3029 265.4
-73.775 4.7862 2885 235.2
-73.7584 4.7862 2847 198.1
-73.7417 4.7862 2953 160.4
-73.725 4.7862 2571 126.7
-73.7083 4.7862 2241 101.7
-73.6917 4.7862 2199 86.8
-73.675 4.7862 2437 81.9
-73.6584 4.7862 2363 85.2
-73.6417 4.7862 2069 93.2
-73.625 4.7862 1849 103.2
-73.6083 4.7862 1825 112.4
-73.5917 4.7862 1745 120
-73.575 4.7862 2051 126
-73.5583 4.7862 2559 130.9
-73.5417 4.7862 2841 135.9
-73.525 4.7862 2365 141.2
-73.5084 4.7862 2139 146.6
-73.4917 4.7862 1949 151.1
-73.475 4.7862 2033 152.7
-73.4583 4.7862 2231 150.1
-73.4417 4.7862 2403 142
-73.425 4.7862 2211 128.2
-73.4084 4.7862 1429 109.7
-73.3917 4.7862 1099 87.6
-73.375 4.7862 1733 64.3
-73.3583 4.7862 1743 41.1
-73.3417 4.7862 1191 19.9
-73.325 4.7862 793 1.2
-73.3083 4.7862 833 -14.4
-73.2917 4.7862 1045 -27.4
-73.275 4.7862 745 -37.8
-73.2584 4.7862 835 -46
-73.2417 4.7862 641 -52.2
-73.225 4.7862 667 -56.5
-73.2083 4.7862 693 -59.1
-73.1917 4.7862 583 -60.6
-73.175 4.7862 485 -61.5
-73.1584 4.7862 559 -62.6
-73.1417 4.7862 619 -64.2
-73.125 4.7862 803 -66.8
-73.1083 4.7862 633 -69.9
-73.0917 4.7862 535 -73
-73.075 4.7862 439 -75
-73.0583 4.7862 307 -75.1
-73.0417 4.7862 351 -72.6
-73.025 4.7862 417 -67.7
-73.0084 4.7862 521 -61.4
-72.9917 4.7862 335 -54.6
-72.975 4.7862 325 -49.1
-72.9583 4.7862 323 -45.9
-72.9417 4.7862 325 -45.5
-72.925 4.7862 325 -47.8
-74.9084 4.7696 401 -78
-74.8917 4.7696 361 -86.2
-74.875 4.7696 313 -93.3
-74.8583 4.7696 297 -99.1
-74.8417 4.7696 255 -103.2
-74.825 4.7696 245 -105.6
-74.8083 4.7696 239 -106.3
-74.7917 4.7696 237 -105.3
-74.775 4.7696 231 -102.7
-74.7584 4.7696 323 -98.2
-74.7417 4.7696 601 -91.6
-74.725 4.7696 935 -82.6
-74.7083 4.7696 1049 -71.1
-74.6917 4.7696 1269 -57.3
-74.675 4.7696 1433 -41.9
-74.6584 4.7696 1219 -25.8
-74.6417 4.7696 825 -10.5
-74.625 4.7696 871 2.6
-74.6083 4.7696 1205 11.8
-74.5917 4.7696 1693 16.2
-74.575 4.7696 1909 15.5
-74.5583 4.7696 2019 10.2
-74.5417 4.7696 1651 2.2
-74.525 4.7696 1449 -6.1
-74.5084 4.7696 1209 -11.2
-74.4917 4.7696 1303 -10.4
-74.475 4.7696 1499 -1.2
-74.4583 4.7696 1723 17.4
-74.4417 4.7696 1833 44.2
-74.425 4.7696 1959 77.3
-74.4084 4.7696 2259 111.8
-74.3917 4.7696 2765 143.6
-74.375 4.7696 2579 167.4
-74.3583 4.7696 2693 180.4
-74.3417 4.7696 2639 180.8
-74.325 4.7696 2559 169.3
-74.3083 4.7696 2557 149.2
-74.2917 4.7696 2559 124
-74.275 4.7696 2559 99.1
-74.2584 4.7696 2559 77.9
-74.2417 4.7696 2559 63.2
-74.225 4.7696 2557 55.8
-74.2083 4.7696 2557 54.5
-74.1917 4.7696 2555 57.5
-74.175 4.7696 2553 62.2
-74.1584 4.7696 2553 66.9
-74.1417 4.7696 2551 70.6
-74.125 4.7696 2545 73.6
-74.1083 4.7696 2549 77
-74.0917 4.7696 2553 81.9
-74.075 4.7696 2579 89.4
-74.0583 4.7696 2563 99.4
-74.0417 4.7696 2555 111
-74.025 4.7696 2669 123.1
-74.0084 4.7696 2759 134
-73.9917 4.7696 2669 143.2
-73.975 4.7696 2621 150.9
-73.9583 4.7696 2609 158.7
-73.9417 4.7696 2857 168.6
-73.925 4.7696 3101 182.8
-73.9084 4.7696 3271 202.1
-73.8917 4.7696 3109 226.2
-73.875 4.7696 3211 252.3
-73.8583 4.7696 3477 277
-73.8417 4.7696 3587 294.9
-73.825 4.7696 3489 302.6
-73.8083 4.7696 3371 297.3
-73.7917 4.7696 3147 278.9
-73.775 4.7696 3093 250.6
-73.7584 4.7696 3053 216.1
-73.7417 4.7696 3213 181.8
-73.725 4.7696 2711 152.2
-73.7083 4.7696 2403 131.4
-73.6917 4.7696 2437 120.5
-73.675 4.7696 2609 118.2
-73.6584 4.7696 2471 122
-73.6417 4.7696 2063 127.8
-73.625 4.7696 2197 132.4
-73.6083 4.7696 2135 133.5
-73.5917 4.7696 1817 130.7
-73.575 4.7696 1875 125.2
-73.5583 4.7696 2503 118.8
-73.5417 4.7696 2513 114.2
-73.525 4.7696 2201 112.7
-73.5084 4.7696 2229 114.8
-73.4917 4.7696 1979 119.4
-73.475 4.7696 2067 124.2
-73.4583 4.7696 2303 126.8
-73.4417 4.7696 2581 124.7
-73.425 4.7696 1987 116.6
-73.4084 4.7696 1241 102.3
-73.3917 4.7696 1685 82.6
-73.375 4.7696 2165 59.7
-73.3583 4.7696 1759 35.2
-73.3417 4.7696 1149 12.1
-73.325 4.7696 771 -8.7
-73.3083 4.7696 687 -25.7
-73.2917 4.7696 703 -38.8
-73.275 4.7696 799 -48.1
-73.2584 4.7696 623 -54
-73.2417 4.7696 571 -57.1
-73.225 4.7696 689 -58.1
-73.2083 4.7696 603 -57.7
-73.1917 4.7696 543 -56.6
-73.175 4.7696 537 -55.8
-73.1584 4.7696 639 -55.9
-73.1417 4.7696 735 -57.4
-73.125 4.7696 801 -60.3
-73.1083 4.7696 665 -64
-73.0917 4.7696 463 -67.9
-73.075 4.7696 387 -70.6
-73.0583 4.7696 325 -71.3
-73.0417 4.7696 315 -69.3
-73.025 4.7696 509 -64.8
-73.0084 4.7696 409 -58.5
-72.9917 4.7696 323 -51.7
-72.975 4.7696 317 -46.1
-72.9583 4.7696 315 -42.6
-72.9417 4.7696 313 -42.1
-72.925 4.7696 313 -44.2
-74.9084 4.753 383 -78
-74.8917 4.753 383 -86.9
-74.875 4.753 303 -94.4
-74.8583 4.753 249 -100.3
-74.8417 4.753 237 -103.8
-74.825 4.753 235 -104.9
-74.8083 4.753 233 -103.8
-74.7917 4.753 227 -100.5
-74.775 4.753 257 -95.3
-74.7584 4.753 387 -88.5
-74.7417 4.753 781 -80.2
-74.725 4.753 1095 -70.6
-74.7083 4.753 1209 -59.8
-74.6917 4.753 1501 -48
-74.675 4.753 1365 -35.7
-74.6584 4.753 1097 -23.3
-74.6417 4.753 757 -11.8
-74.625 4.753 825 -2.1
-74.6083 4.753 1173 4.6
-74.5917 4.753 1695 7.6
-74.575 4.753 1951 6.4
-74.5583 4.753 1939 1.4
-74.5417 4.753 1561 -6.1
-74.525 4.753 1263 -14.2
-74.5084 4.753 1141 -20
-74.4917 4.753 1397 -20.8
-74.475 4.753 1513 -14
-74.4583 4.753 1599 1.7
-74.4417 4.753 1671 25.8
-74.425 4.753 1843 56.8
-74.4084 4.753 2307 90.4
-74.3917 4.753 2525 123
-74.375 4.753 2493 149.2
-74.3583 4.753 2701 166
-74.3417 4.753 2591 170.9
-74.325 4.753 2553 164.2
-74.3083 4.753 2553 148.4
-74.2917 4.753 2555 126.4
-74.275 4.753 2553 103.3
-74.2584 4.753 2555 82.1
-74.2417 4.753 2557 66.2
-74.225 4.753 2553 56.4
-74.2083 4.753 2553 52.2
-74.1917 4.753 2551 52.1
-74.175 4.753 2551 54.3
-74.1584 4.753 2549 57.3
-74.1417 4.753 2551 60.4
-74.125 4.753 2545 63.9
-74.1083 4.753 2551 68.8
-74.0917 4.753 2555 76.1
-74.075 4.753 2611 86.3
-74.0583 4.753 2559 99.2
-74.0417 4.753 2557 113.4
-74.025 4.753 2605 127.5
-74.0084 4.753 2817 139.5
-73.9917 4.753 2887 149.1
-73.975 4.753 2795 156.5
-73.9583 4.753 2721 163.3
-73.9417 4.753 2853 172.1
-73.925 4.753 3065 185.2
-73.9084 4.753 3155 203.9
-73.8917 4.753 3237 228
-73.875 4.753 3471 254.8
-73.8583 4.753 3583 281.1
-73.8417 4.753 3571 301.1
-73.825 4.753 3569 311.5
-73.8083 4.753 3515 309.3
-73.7917 4.753 3429 294.4
-73.775 4.753 3339 269.9
-73.7584 4.753 3247 239.4
-73.7417 4.753 3289 209.4
-73.725 4.753 2797 183.8
-73.7083 4.753 2573 166.7
-73.6917 4.753 2761 158.4
-73.675 4.753 2791 157.2
-73.6584 4.753 2607 160
-73.6417 4.753 2291 162.2
-73.625 4.753 2467 160.7
-73.6083 4.753 2163 153.4
-73.5917 4.753 2071 140.5
-73.575 4.753 1865 124.6
-73.5583 4.753 2051 108.4
-73.5417 4.753 2229 95.9
-73.525 4.753 1907 89.3
-73.5084 4.753 2091 89.4
-73.4917 4.753 1913 95.2
-73.475 4.753 2043 103.6
-73.4583 4.753 2091 111.5
-73.4417 4.753 1669 115
-73.425 4.753 1489 111.8
-73.4084 4.753 1569 101
-73.3917 4.753 2181 82.8
-73.375 4.753 1951 59.7
-73.3583 4.753 1355 33.6
-73.3417 4.753 925 8.2
-73.325 4.753 697 -14.8
-73.3083 4.753 611 -33.2
-73.2917 4.753 809 -46.8
-73.275 4.753 609 -55.2
-73.2584 4.753 579 -59.2
-73.2417 4.753 541 -59.7
-73.225 4.753 549 -57.8
-73.2083 4.753 525 -54.7
-73.1917 4.753 577 -51.5
-73.175 4.753 663 -49.3
-73.1584 4.753 821 -48.7
-73.1417 4.753 957 -50
-73.125 4.753 767 -53.3
-73.1083 4.753 527 -57.7
-73.0917 4.753 389 -62.5
-73.075 4.753 357 -66.2
-73.0583 4.753 297 -67.9
-73.0417 4.753 311 -66.8
-73.025 4.753 517 -62.9
-73.0084 4.753 393 -57.1
-72.9917 4.753 321 -50.4
-72.975 4.753 315 -44.6
-72.9583 4.753 321 -40.8
-72.9417 4.753 333 -39.8
-72.925 4.753 315 -41.6
-74.9084 4.7364 379 -79.1
-74.8917 4.7364 305 -88.6
-74.875 4.7364 287 -96.5
-74.8583 4.7364 257 -102.1
-74.8417 4.7364 241 -105
-74.825 4.7364 231 -104.9
-74.8083 4.7364 227 -101.9
-74.7917 4.7364 233 -96.5
-74.775 4.7364 303 -89.1
-74.7584 4.7364 475 -80.4
-74.7417 4.7364 825 -71
-74.725 4.7364 915 -61.1
-74.7083 4.7364 1259 -51.3
-74.6917 4.7364 1285 -41.6
-74.675 4.7364 1129 -32.2
-74.6584 4.7364 907 -23.3
-74.6417 4.7364 713 -15.1
-74.625 4.7364 865 -8.3
-74.6083 4.7364 1201 -3.5
-74.5917 4.7364 1641 -1.4
-74.575 4.7364 1849 -2.5
-74.5583 4.7364 1871 -7
-74.5417 4.7364 1441 -13.8
-74.525 4.7364 1163 -21.8
-74.5084 4.7364 1067 -28.2
-74.4917 4.7364 1187 -30.7
-74.475 4.7364 1321 -26.4
-74.4583 4.7364 1435 -13.9
-74.4417 4.7364 1547 7.1
-74.425 4.7364 1733 35.6
-74.4084 4.7364 2075 68.1
-74.3917 4.7364 2165 101.1
-74.375 4.7364 2323 129.5
-74.3583 4.7364 2605 150.1
-74.3417 4.7364 2577 159.9
-74.325 4.7364 2551 158.7
-74.3083 4.7364 2545 148.1
-74.2917 4.7364 2551 130.5
-74.275 4.7364 2551 110.5
-74.2584 4.7364 2551 90.8
-74.2417 4.7364 2551 74.8
-74.225 4.7364 2553 63.3
-74.2083 4.7364 2551 56.4
-74.1917 4.7364 2549 53.2
-74.175 4.7364 2549 52.3
-74.1584 4.7364 2549 52.9
-74.1417 4.7364 2547 54.6
-74.125 4.7364 2545 57.9
-74.1083 4.7364 2549 64
-74.0917 4.7364 2561 73.5
-74.075 4.7364 2605 86.7
-74.0583 4.7364 2559 102.9
-74.0417 4.7364 2557 120
-74.025 4.7364 2615 136.2
-74.0084 4.7364 2935 149.2
-73.9917 4.7364 2981 158.4
-73.975 4.7364 2825 164.2
-73.9583 4.7364 2745 168.5
-73.9417 4.7364 2843 174.4
-73.925 4.7364 2927 184.7
-73.9084 4.7364 3063 201.3
-73.8917 4.7364 3347 224.6
-73.875 4.7364 3429 252
-73.8583 4.7364 3379 280.3
-73.8417 4.7364 3361 303.6
-73.825 4.7364 3485 318.2
-73.8083 4.7364 3599 320.8
-73.7917 4.7364 3537 311
-73.775 4.7364 3475 291.2
-73.7584 4.7364 3405 265.1
-73.7417 4.7364 3203 238.8
-73.725 4.7364 2795 216.2
-73.7083 4.7364 2925 201
-73.6917 4.7364 3121 193.4
-73.675 4.7364 3029 191.5
-73.6584 4.7364 2701 191.8
-73.6417 4.7364 2651 189.8
-73.625 4.7364 2761 182.4
-73.6083 4.7364 2545 168
-73.5917 4.7364 2469 147.3
-73.575 4.7364 1975 123.8
-73.5583 4.7364 1761 100.9
-73.5417 4.7364 2011 83.7
-73.525 4.7364 1805 74.6
-73.5084 4.7364 1933 74.6
-73.4917 4.7364 1769 82.6
-73.475 4.7364 1631 94.6
-73.4583 4.7364 1795 107
-73.4417 4.7364 1881 114.6
-73.425 4.7364 1771 114.7
-73.4084 4.7364 2039 105.5
-73.3917 4.7364 2257 87.4
-73.375 4.7364 1897 62.9
-73.3583 4.7364 1269 34.6
-73.3417 4.7364 907 6.7
-73.325 4.7364 925 -18.4
-73.3083 4.7364 671 -38.2
-73.2917 4.7364 595 -51.9
-73.275 4.7364 501 -59.5
-73.2584 4.7364 523 -61.9
-73.2417 4.7364 465 -60.3
-73.225 4.7364 441 -56.3
-73.2083 4.7364 503 -51.3
-73.1917 4.7364 589 -46.6
-73.175 4.7364 821 -43.5
-73.1584 4.7364 1051 -42.4
-73.1417 4.7364 987 -43.8
-73.125 4.7364 865 -47.5
-73.1083 4.7364 649 -52.6
-73.0917 4.7364 417 -58.3
-73.075 4.7364 309 -63.1
-73.0583 4.7364 305 -66
-73.0417 4.7364 355 -66
-73.025 4.7364 601 -63.1
-73.0084 4.7364 405 -58
-72.9917 4.7364 323 -51.6
-72.975 4.7364 323 -45.6
-72.9583 4.7364 339 -41.2
-72.9417 4.7364 363 -39.5
-72.925 4.7364 387 -40.6
-74.9084 4.7197 355 -81.5
-74.8917 4.7197 321 -91.4
-74.875 4.7197 281 -99.4
-74.8583 4.7197 255 -104.7
-74.8417 4.7197 245 -106.8
-74.825 4.7197 235 -105.5
-74.8083 4.7197 233 -101.1
-74.7917 4.7197 239 -94
-74.775 4.7197 297 -85.1
-74.7584 4.7197 463 -75.2
-74.7417 4.7197 815 -65.1
-74.725 4.7197 911 -55.6
-74.7083 4.7197 1251 -47
-74.6917 4.7197 1205 -39.3
-74.675 4.7197 1001 -32.6
-74.6584 4.7197 697 -26.5
-74.6417 4.7197 701 -21
-74.625 4.7197 879 -16.2
-74.6083 4.7197 1107 -12.5
-74.5917 4.7197 1427 -10.7
-74.575 4.7197 1693 -11.3
-74.5583 4.7197 1647 -14.9
-74.5417 4.7197 1373 -21
-74.525 4.7197 1191 -28.7
-74.5084 4.7197 989 -35.8
-74.4917 4.7197 979 -40
-74.475 4.7197 1277 -38.5
-74.4583 4.7197 1299 -29.4
-74.4417 4.7197 1441 -11.8
-74.425 4.7197 1543 13.9
-74.4084 4.7197 1793 44.7
-74.3917 4.7197 2009 77.7
-74.375 4.7197 2325 107.8
-74.3583 4.7197 2625 131.9
-74.3417 4.7197 2621 146.5
-74.325 4.7197 2587 151
-74.3083 4.7197 2555 146.1
-74.2917 4.7197 2543 134
-74.275 4.7197 2577 118
-74.2584 4.7197 2583 101.1
-74.2417 4.7197 2547 85.9
-74.225 4.7197 2547 73.7
-74.2083 4.7197 2547 64.9
-74.1917 4.7197 2547 58.8
-74.175 4.7197 2547 54.7
-74.1584 4.7197 2545 52.5
-74.1417 4.7197 2545 52.4
-74.125 4.7197 2547 55.3
-74.1083 4.7197 2551 62.3
-74.0917 4.7197 2563 74.2
-74.075 4.7197 2577 90.6
-74.0583 4.7197 2555 110.4
-74.0417 4.7197 2559 130.7
-74.025 4.7197 2667 149.2
-74.0084 4.7197 2969 162.9
-73.9917 4.7197 2841 171
-73.975 4.7197 2743 174
-73.9583 4.7197 2807 174.3
-73.9417 4.7197 2777 175.7
-73.925 4.7197 2927 181.6
-73.9084 4.7197 3085 195.1
-73.8917 4.7197 3339 216.9
-73.875 4.7197 3145 244.7
-73.8583 4.7197 3093 275.6
-73.8417 4.7197 3179 303.1
-73.825 4.7197 3475 323.2
-73.8083 4.7197 3637 331.7
-73.7917 4.7197 3523 327.6
-73.775 4.7197 3423 312.8
-73.7584 4.7197 3239 290.6
-73.7417 4.7197 3019 266.7
-73.725 4.7197 3183 245.3
-73.7083 4.7197 3203 229.8
-73.6917 4.7197 3105 220.8
-73.675 4.7197 3041 216.4
-73.6584 4.7197 2899 213.3
-73.6417 4.7197 3069 207.2
-73.625 4.7197 3077 195.1
-73.6083 4.7197 2945 175.8
-73.5917 4.7197 2751 150.5
-73.575 4.7197 2221 123.1
-73.5583 4.7197 1923 97.4
-73.5417 4.7197 1759 78.9
-73.525 4.7197 1683 70
-73.5084 4.7197 1665 71.7
-73.4917 4.7197 1789 82.4
-73.475 4.7197 1847 97.7
-73.4583 4.7197 2189 113
-73.4417 4.7197 2013 122.8
-73.425 4.7197 2195 123.8
-73.4084 4.7197 2121 114.2
-73.3917 4.7197 1867 94.4
-73.375 4.7197 1639 67.4
-73.3583 4.7197 1071 36.2
-73.3417 4.7197 1209 5.8
-73.325 4.7197 1131 -21.2
-73.3083 4.7197 727 -41.8
-73.2917 4.7197 503 -55.3
-73.275 4.7197 601 -62
-73.2584 4.7197 587 -62.8
-73.2417 4.7197 515 -59.6
-73.225 4.7197 463 -54
-73.2083 4.7197 637 -47.9
-73.1917 4.7197 685 -42.4
-73.175 4.7197 807 -38.9
-73.1584 4.7197 921 -37.8
-73.1417 4.7197 975 -39.5
-73.125 4.7197 839 -43.6
-73.1083 4.7197 603 -49.4
-73.0917 4.7197 401 -55.9
-73.075 4.7197 311 -61.7
-73.0583 4.7197 343 -65.8
-73.0417 4.7197 455 -67.1
-73.025 4.7197 531 -65.3
-73.0084 4.7197 339 -60.9
-72.9917 4.7197 321 -54.9
-72.975 4.7197 329 -48.7
-72.9583 4.7197 359 -43.7
-72.9417 4.7197 393 -41
-72.925 4.7197 427 -41
-74.9084 4.7031 325 -85.1
-74.8917 4.7031 299 -95.1
-74.875 4.7031 283 -102.8
-74.8583 4.7031 279 -107.7
-74.8417 4.7031 265 -109.1
-74.825 4.7031 253 -107
-74.8083 4.7031 227 -101.6
-74.7917 4.7031 231 -93.6
-74.775 4.7031 357 -84
-74.7584 4.7031 689 -73.7
-74.7417 4.7031 861 -63.8
-74.725 4.7031 1097 -55
-74.7083 4.7031 1303 -47.8
-74.6917 4.7031 1161 -42
-74.675 4.7031 861 -37.3
-74.6584 4.7031 577 -33.3
-74.6417 4.7031 677 -29.5
-74.625 4.7031 781 -25.7
-74.6083 4.7031 1133 -22.4
-74.5917 4.7031 1737 -20.1
-74.575 4.7031 1711 -19.8
-74.5583 4.7031 1379 -22.2
-74.5417 4.7031 1261 -27.5
-74.525 4.7031 1193 -35
-74.5084 4.7031 931 -42.8
-74.4917 4.7031 949 -48.9
-74.475 4.7031 1119 -50.1
-74.4583 4.7031 1353 -44.4
-74.4417 4.7031 1247 -30.2
-74.425 4.7031 1407 -7.6
-74.4084 4.7031 1731 21.1
-74.3917 4.7031 2155 53.3
-74.375 4.7031 2363 84.4
-74.3583 4.7031 2593 111.2
-74.3417 4.7031 2669 130
-74.325 4.7031 2657 139.7
-74.3083 4.7031 2575 140.5
-74.2917 4.7031 2555 133.9
-74.275 4.7031 2555 122.8
-74.2584 4.7031 2565 109.4
-74.2417 4.7031 2543 96.2
-74.225 4.7031 2543 84.3
-74.2083 4.7031 2545 74.2
-74.1917 4.7031 2543 65.8
-74.175 4.7031 2543 59.1
-74.1584 4.7031 2547 54.3
-74.1417 4.7031 2547 52.6
-74.125 4.7031 2549 55
-74.1083 4.7031 2553 63.2
-74.0917 4.7031 2551 77.7
-74.075 4.7031 2551 97.6
-74.0583 4.7031 2553 121.3
-74.0417 4.7031 2559 144.9
-74.025 4.7031 2703 165.5
-74.0084 4.7031 2957 179.5
-73.9917 4.7031 2787 185.7
-73.975 4.7031 2895 185
-73.9583 4.7031 2865 179.9
-73.9417 4.7031 2839 175.6
-73.925 4.7031 2887 176.1
-73.9084 4.7031 3053 185.5
-73.8917 4.7031 3321 205.4
-73.875 4.7031 2873 233.8
-73.8583 4.7031 2909 267.6
-73.8417 4.7031 3023 300.1
-73.825 4.7031 3387 326.4
-73.8083 4.7031 3641 341.1
-73.7917 4.7031 3573 342.8
-73.775 4.7031 3485 332.2
-73.7584 4.7031 3327 312.5
-73.7417 4.7031 3349 289.3
-73.725 4.7031 3351 266.6
-73.7083 4.7031 3021 248.6
-73.6917 4.7031 2851 236.2
-73.675 4.7031 2791 228
-73.6584 4.7031 2853 221.1
-73.6417 4.7031 3057 211.7
-73.625 4.7031 2951 197.1
-73.6083 4.7031 2781 176.2
-73.5917 4.7031 2749 150.2
-73.575 4.7031 2111 123.3
-73.5583 4.7031 1905 99
-73.5417 4.7031 1987 82.7
-73.525 4.7031 1827 76.7
-73.5084 4.7031 1643 81.4
-73.4917 4.7031 1823 94.9
-73.475 4.7031 1849 112.1
-73.4583 4.7031 1911 128.4
-73.4417 4.7031 2005 137.7
-73.425 4.7031 2129 136.9
-73.4084 4.7031 2097 124.4
-73.3917 4.7031 1999 101.1
-73.375 4.7031 1465 70.5
-73.3583 4.7031 1245 36.1
-73.3417 4.7031 1411 3.5
-73.325 4.7031 1005 -24.6
-73.3083 4.7031 631 -45.1
-73.2917 4.7031 589 -57.8
-73.275 4.7031 769 -63
-73.2584 4.7031 557 -62.2
-73.2417 4.7031 445 -57.7
-73.225 4.7031 509 -51.2
-73.2083 4.7031 621 -44.7
-73.1917 4.7031 625 -39.3
-73.175 4.7031 901 -36.1
-73.1584 4.7031 655 -35.4
-73.1417 4.7031 781 -37.5
-73.125 4.7031 707 -42
-73.1083 4.7031 521 -48.2
-73.0917 4.7031 327 -55.3
-73.075 4.7031 351 -61.8
-73.0583 4.7031 327 -66.8
-73.0417 4.7031 477 -69.2
-73.025 4.7031 377 -68.5
-73.0084 4.7031 315 -65
-72.9917 4.7031 317 -59.3
-72.975 4.7031 343 -53
-72.9583 4.7031 383 -47.3
-72.9417 4.7031 415 -43.5
-72.925 4.7031 437 -42.2
-74.9084 4.6865 343 -89.2
-74.8917 4.6865 313 -99
-74.875 4.6865 295 -106.3
-74.8583 4.6865 309 -110.6
-74.8417 4.6865 295 -111.5
-74.825 4.6865 261 -108.8
-74.8083 4.6865 229 -103.1
-74.7917 4.6865 237 -95
-74.775 4.6865 321 -85.5
-74.7584 4.6865 579 -75.7
-74.7417 4.6865 749 -66.7
-74.725 4.6865 985 -59.1
-74.7083 4.6865 1213 -53.3
-74.6917 4.6865 1081 -49.1
-74.675 4.6865 763 -45.9
-74.6584 4.6865 545 -43.1
-74.6417 4.6865 743 -40
-74.625 4.6865 865 -36.4
-74.6083 4.6865 1145 -32.6
-74.5917 4.6865 1623 -29.3
-74.575 4.6865 1463 -27.8
-74.5583 4.6865 1213 -29
-74.5417 4.6865 1255 -33.4
-74.525 4.6865 1053 -40.8
-74.5084 4.6865 781 -49.3
-74.4917 4.6865 945 -57.1
-74.475 4.6865 1139 -60.8
-74.4583 4.6865 1207 -58.2
-74.4417 4.6865 1083 -47.3
-74.425 4.6865 1307 -27.8
-74.4084 4.6865 1615 -1.5
-74.3917 4.6865 1985 29.5
-74.375 4.6865 2019 60.7
-74.3583 4.6865 2203 89.2
-74.3417 4.6865 2405 111.1
-74.325 4.6865 2675 125.1
-74.3083 4.6865 2585 130.8
-74.2917 4.6865 2655 129.5
-74.275 4.6865 2585 123.1
-74.2584 4.6865 2555 113.7
-74.2417 4.6865 2543 103.1
-74.225 4.6865 2541 92.3
-74.2083 4.6865 2541 82
-74.1917 4.6865 2543 72.2
-74.175 4.6865 2543 63.5
-74.1584 4.6865 2545 56.7
-74.1417 4.6865 2547 53.7
-74.125 4.6865 2549 56.2
-74.1083 4.6865 2553 65.8
-74.0917 4.6865 2555 83.2
-74.075 4.6865 2551 106.8
-74.0583 4.6865 2555 134.6
-74.0417 4.6865 2579 161.6
-74.025 4.6865 2739 184.1
-74.0084 4.6865 2983 197.9
-73.9917 4.6865 2881 201.5
-73.975 4.6865 3009 196
-73.9583 4.6865 2919 184.7
-73.9417 4.6865 2987 173.5
-73.925 4.6865 2785 167.7
-73.9084 4.6865 2895 172.7
-73.8917 4.6865 3115 190.4
-73.875 4.6865 2745 219.6
-73.8583 4.6865 2681 256.8
-73.8417 4.6865 2973 294.6
-73.825 4.6865 3375 327.4
-73.8083 4.6865 3609 348.5
-73.7917 4.6865 3639 355.4
-73.775 4.6865 3533 348.2
-73.7584 4.6865 3495 329.5
-73.7417 4.6865 3449 304.9
-73.725 4.6865 3187 279
-73.7083 4.6865 2821 256.5
-73.6917 4.6865 2579 239.1
-73.675 4.6865 2473 226.4
-73.6584 4.6865 2595 216.1
-73.6417 4.6865 2769 204.8
-73.625 4.6865 2845 190.1
-73.6083 4.6865 2557 170.9
-73.5917 4.6865 2541 148.1
-73.575 4.6865 2259 125.4
-73.5583 4.6865 2025 106.3
-73.5417 4.6865 2205 95
-73.525 4.6865 1811 93.6
-73.5084 4.6865 1673 101.9
-73.4917 4.6865 1795 117.6
-73.475 4.6865 1907 135.2
-73.4583 4.6865 2093 150
-73.4417 4.6865 2223 156.2
-73.425 4.6865 2211 151
-73.4084 4.6865 2269 133.6
-73.3917 4.6865 2067 105.2
-73.375 4.6865 1469 70.4
-73.3583 4.6865 1383 32.9
-73.3417 4.6865 1123 -1.3
-73.325 4.6865 837 -29.5
-73.3083 4.6865 619 -49
-73.2917 4.6865 669 -59.7
-73.275 4.6865 647 -62.9
-73.2584 4.6865 487 -60.3
-73.2417 4.6865 485 -54.6
-73.225 4.6865 489 -47.8
-73.2083 4.6865 483 -41.6
-73.1917 4.6865 659 -37.1
-73.175 4.6865 859 -34.8
-73.1584 4.6865 671 -34.9
-73.1417 4.6865 529 -37.5
-73.125 4.6865 553 -42.3
-73.1083 4.6865 383 -48.6
-73.0917 4.6865 339 -55.8
-73.075 4.6865 403 -62.7
-73.0583 4.6865 437 -68.3
-73.0417 4.6865 315 -71.5
-73.025 4.6865 283 -71.8
-73.0084 4.6865 293 -69.1
-72.9917 4.6865 313 -63.9
-72.975 4.6865 345 -57.5
-72.9583 4.6865 403 -51.1
-72.9417 4.6865 425 -46.2
-72.925 4.6865 429 -43.6
-74.9084 4.6699 349 -93
-74.8917 4.6699 317 -102.3
-74.875 4.6699 301 -109
-74.8583 4.6699 321 -112.8
-74.8417 4.6699 287 -113.4
-74.825 4.6699 257 -110.7
-74.8083 4.6699 235 -105.3
-74.7917 4.6699 229 -97.8
-74.775 4.6699 315 -89.3
-74.7584 4.6699 627 -80.8
-74.7417 4.6699 783 -73.2
-74.725 4.6699 1119 -67
-74.7083 4.6699 1071 -62.5
-74.6917 4.6699 795 -59.4
-74.675 4.6699 689 -57
-74.6584 4.6699 525 -54.5
-74.6417 4.6699 745 -51.3
-74.625 4.6699 691 -47.1
-74.6083 4.6699 1113 -42.3
-74.5917 4.6699 1365 -37.9
-74.575 4.6699 1227 -35.1
-74.5583 4.6699 1145 -35.2
-74.5417 4.6699 1131 -38.9
-74.525 4.6699 855 -46.1
-74.5084 4.6699 707 -55.1
-74.4917 4.6699 775 -64
-74.475 4.6699 867 -69.6
-74.4583 4.6699 951 -69.3
-74.4417 4.6699 1025 -61
-74.425 4.6699 1195 -44.2
-74.4084 4.6699 1455 -20.1
-74.3917 4.6699 1615 9.2
-74.375 4.6699 1727 39.7
-74.3583 4.6699 1917 68.4
-74.3417 4.6699 2257 91.8
-74.325 4.6699 2631 108.5
-74.3083 4.6699 2631 117.8
-74.2917 4.6699 2719 120.5
-74.275 4.6699 2723 118.3
-74.2584 4.6699 2621 112.6
-74.2417 4.6699 2541 104.9
-74.225 4.6699 2543 95.9
-74.2083 4.6699 2541 86.1
-74.1917 4.6699 2541 75.9
-74.175 4.6699 2543 66.2
-74.1584 4.6699 2541 58.3
-74.1417 4.6699 2545 54.9
-74.125 4.6699 2547 57.9
-74.1083 4.6699 2553 69.5
-74.0917 4.6699 2553 90
-74.075 4.6699 2553 117.6
-74.0583 4.6699 2563 149.4
-74.0417 4.6699 2729 179.5
-74.025 4.6699 3043 203.5
-74.0084 4.6699 2985 216.4
-73.9917 4.6699 2907 216.6
-73.975 4.6699 2969 205.7
-73.9583 4.6699 3061 187.2
-73.9417 4.6699 2997 168.7
-73.925 4.6699 2775 156.3
-73.9084 4.6699 2615 156.5
-73.8917 4.6699 2765 172.2
-73.875 4.6699 2533 202.3
-73.8583 4.6699 2641 243.3
-73.8417 4.6699 2997 286.6
-73.825 4.6699 3289 325.9
-73.8083 4.6699 3537 353
-73.7917 4.6699 3595 364.4
-73.775 4.6699 3449 359.4
-73.7584 4.6699 3379 340.2
-73.7417 4.6699 3429 312.7
-73.725 4.6699 3207 282
-73.7083 4.6699 2897 253.9
-73.6917 4.6699 2607 230.9
-73.675 4.6699 2419 213.8
-73.6584 4.6699 2273 201.1
-73.6417 4.6699 2419 189.7
-73.625 4.6699 2721 177.4
-73.6083 4.6699 2747 162.9
-73.5917 4.6699 2381 146.5
-73.575 4.6699 2115 131.1
-73.5583 4.6699 2105 119.4
-73.5417 4.6699 2085 114.9
-73.525 4.6699 1827 118.7
-73.5084 4.6699 1791 130.1
-73.4917 4.6699 1885 146.5
-73.475 4.6699 2081 162.4
-73.4583 4.6699 2123 173.3
-73.4417 4.6699 2177 174
-73.425 4.6699 2383 162.4
-73.4084 4.6699 2323 138.4
-73.3917 4.6699 1845 104.3
-73.375 4.6699 1711 65.2
-73.3583 4.6699 1261 25.3
-73.3417 4.6699 935 -9.4
-73.325 4.6699 763 -36.3
-73.3083 4.6699 767 -53.4
-73.2917 4.6699 635 -61.2
-73.275 4.6699 505 -61.7
-73.2584 4.6699 457 -57.1
-73.2417 4.6699 599 -50.5
-73.225 4.6699 497 -43.8
-73.2083 4.6699 575 -38.5
-73.1917 4.6699 553 -35.4
-73.175 4.6699 503 -34.6
-73.1584 4.6699 459 -35.9
-73.1417 4.6699 451 -39.1
-73.125 4.6699 373 -43.9
-73.1083 4.6699 319 -50
-73.0917 4.6699 405 -56.8
-73.075 4.6699 487 -63.4
-73.0583 4.6699 485 -69.1
-73.0417 4.6699 287 -72.8
-73.025 4.6699 261 -73.8
-73.0084 4.6699 265 -71.8
-72.9917 4.6699 305 -67.1
-72.975 4.6699 347 -60.8
-72.9583 4.6699 391 -54
-72.9417 4.6699 421 -48.2
-72.925 4.6699 407 -44.5
-74.9084 4.6533 335 -96
-74.8917 4.6533 303 -104.5
-74.875 4.6533 279 -110.6
-74.8583 4.6533 321 -113.9
-74.8417 4.6533 297 -114.4
-74.825 4.6533 273 -112.1
-74.8083 4.6533 265 -107.6
-74.7917 4.6533 239 -101.4
-74.775 4.6533 279 -94.6
-74.7584 4.6533 537 -87.7
-74.7417 4.6533 701 -81.8
-74.725 4.6533 1029 -77.1
-74.7083 4.6533 1001 -73.7
-74.6917 4.6533 645 -71.2
-74.675 4.6533 625 -68.9
-74.6584 4.6533 457 -66.1
-74.6417 4.6533 571 -62.1
-74.625 4.6533 621 -56.9
-74.6083 4.6533 947 -51
-74.5917 4.6533 1115 -45.4
-74.575 4.6533 1059 -41.6
-74.5583 4.6533 1117 -40.9
-74.5417 4.6533 937 -44
-74.525 4.6533 757 -50.9
-74.5084 4.6533 739 -60
-74.4917 4.6533 859 -69.4
-74.475 4.6533 929 -75.7
-74.4583 4.6533 1029 -76.6
-74.4417 4.6533 1273 -69.9
-74.425 4.6533 1227 -54.8
-74.4084 4.6533 1225 -32.7
-74.3917 4.6533 1249 -5.2
-74.375 4.6533 1465 23.7
-74.3583 4.6533 1673 51.5
-74.3417 4.6533 2213 74.7
-74.325 4.6533 2653 92.2
-74.3083 4.6533 2725 103.3
-74.2917 4.6533 2703 108.7
-74.275 4.6533 2741 109.6
-74.2584 4.6533 2709 107.1
-74.2417 4.6533 2543 102.2
-74.225 4.6533 2543 95.3
-74.2083 4.6533 2543 86.8
-74.1917 4.6533 2541 76.9
-74.175 4.6533 2543 67.2
-74.1584 4.6533 2543 59.3
-74.1417 4.6533 2547 56.2
-74.125 4.6533 2547 60.5
-74.1083 4.6533 2551 74.4
-74.0917 4.6533 2553 98.3
-74.075 4.6533 2557 129.8
-74.0583 4.6533 2603 165.3
-74.0417 4.6533 2923 198.1
-74.025 4.6533 3163 222.9
-74.0084 4.6533 2967 234.3
-73.9917 4.6533 3127 230.5
-73.975 4.6533 3059 213.3
-73.9583 4.6533 3123 187.2
-73.9417 4.6533 3193 160.9
-73.925 4.6533 2997 141.6
-73.9084 4.6533 2531 137.2
-73.8917 4.6533 2421 151
-73.875 4.6533 2415 182.2
-73.8583 4.6533 2599 227.1
-73.8417 4.6533 2877 276.1
-73.825 4.6533 3169 321.7
-73.8083 4.6533 3499 354.4
-73.7917 4.6533 3573 369.7
-73.775 4.6533 3445 366
-73.7584 4.6533 3361 345.4
-73.7417 4.6533 3241 314.1
-73.725 4.6533 3243 277.8
-73.7083 4.6533 3043 243.7
-73.6917 4.6533 2869 215.3
-73.675 4.6533 2585 194.6
-73.6584 4.6533 2249 180.7
-73.6417 4.6533 2199 171
-73.625 4.6533 2399 163.3
-73.6083 4.6533 2379 155.6
-73.5917 4.6533 2307 147.8
-73.575 4.6533 2115 141.3
-73.5583 4.6533 2239 138
-73.5417 4.6533 2153 140.3
-73.525 4.6533 1929 148.8
-73.5084 4.6533 1843 162
-73.4917 4.6533 2065 177.3
-73.475 4.6533 2303 189.5
-73.4583 4.6533 2507 194.3
-73.4417 4.6533 2575 187.7
-73.425 4.6533 2403 168.2
-73.4084 4.6533 1891 137.1
-73.3917 4.6533 1563 97.2
-73.375 4.6533 1659 54.4
-73.3583 4.6533 1149 13.1
-73.3417 4.6533 905 -20.7
-73.325 4.6533 811 -45
-73.3083 4.6533 759 -58.4
-73.2917 4.6533 571 -62.3
-73.275 4.6533 501 -59.4
-73.2584 4.6533 505 -52.7
-73.2417 4.6533 619 -45.3
-73.225 4.6533 565 -39.1
-73.2083 4.6533 735 -35.3
-73.1917 4.6533 949 -34.2
-73.175 4.6533 845 -35.2
-73.1584 4.6533 603 -37.9
-73.1417 4.6533 461 -41.7
-73.125 4.6533 355 -46.4
-73.1083 4.6533 345 -51.7
-73.0917 4.6533 507 -57.6
-73.075 4.6533 637 -63.5
-73.0583 4.6533 393 -68.8
-73.0417 4.6533 297 -72.6
-73.025 4.6533 257 -74.1
-73.0084 4.6533 253 -72.7
-72.9917 4.6533 259 -68.6
-72.975 4.6533 341 -62.5
-72.9583 4.6533 369 -55.5
-72.9417 4.6533 373 -49.2
-72.925 4.6533 353 -44.6
-74.9084 4.6367 311 -97.5
-74.8917 4.6367 283 -105.1
-74.875 4.6367 267 -110.5
-74.8583 4.6367 285 -113.6
-74.8417 4.6367 311 -114.2
-74.825 4.6367 259 -112.7
-74.8083 4.6367 245 -109.5
-74.7917 4.6367 247 -105
-74.775 4.6367 267 -100.1
-74.7584 4.6367 375 -95.2
-74.7417 4.6367 659 -90.9
-74.725 4.6367 1059 -87.4
-74.7083 4.6367 859 -84.7
-74.6917 4.6367 543 -82.3
-74.675 4.6367 567 -79.6
-74.6584 4.6367 395 -75.9
-74.6417 4.6367 573 -71
-74.625 4.6367 769 -64.7
-74.6083 4.6367 1173 -57.9
-74.5917 4.6367 1291 -51.5
-74.575 4.6367 1143 -47.2
-74.5583 4.6367 1077 -46
-74.5417 4.6367 751 -48.8
-74.525 4.6367 655 -55.3
-74.5084 4.6367 765 -63.8
-74.4917 4.6367 959 -72.5
-74.475 4.6367 1105 -78.2
-74.4583 4.6367 1233 -78.7
-74.4417 4.6367 1215 -71.8
-74.425 4.6367 1049 -57.3
-74.4084 4.6367 977 -36.3
-74.3917 4.6367 1007 -10.5
-74.375 4.6367 1105 16.3
-74.3583 4.6367 1449 41.9
-74.3417 4.6367 1787 63.4
-74.325 4.6367 2193 79.7
-74.3083 4.6367 2631 90.6
-74.2917 4.6367 2663 96.8
-74.275 4.6367 2621 99.3
-74.2584 4.6367 2627 99.1
-74.2417 4.6367 2545 96.6
-74.225 4.6367 2545 92
-74.2083 4.6367 2545 85.2
-74.1917 4.6367 2543 76.7
-74.175 4.6367 2545 67.9
-74.1584 4.6367 2549 60.8
-74.1417 4.6367 2553 58.9
-74.125 4.6367 2555 65.1
-74.1083 4.6367 2555 81.7
-74.0917 4.6367 2557 108.9
-74.075 4.6367 2567 143.8
-74.0583 4.6367 2729 182.5
-74.0417 4.6367 3085 217.1
-74.025 4.6367 3143 241.9
-74.0084 4.6367 3027 250.9
-73.9917 4.6367 3261 242.3
-73.975 4.6367 3093 218.4
-73.9583 4.6367 2949 184.4
-73.9417 4.6367 3181 150.3
-73.925 4.6367 2967 124.3
-73.9084 4.6367 2571 115.4
-73.8917 4.6367 2215 127.6
-73.875 4.6367 2371 160.2
-73.8583 4.6367 2505 209.1
-73.8417 4.6367 2803 263.5
-73.825 4.6367 3143 315.2
-73.8083 4.6367 3495 352.9
-73.7917 4.6367 3601 371.6
-73.775 4.6367 3469 368.7
-73.7584 4.6367 3353 346.4
-73.7417 4.6367 3183 311.2
-73.725 4.6367 3073 269.7
-73.7083 4.6367 3207 230.4
-73.6917 4.6367 3149 197.7
-73.675 4.6367 2731 174.8
-73.6584 4.6367 2335 161.3
-73.6417 4.6367 2127 155
-73.625 4.6367 2131 153.2
-73.6083 4.6367 2157 153.3
-73.5917 4.6367 2051 154.3
-73.575 4.6367 2279 156.5
-73.5583 4.6367 2413 160.8
-73.5417 4.6367 2103 168.4
-73.525 4.6367 1987 179.5
-73.5084 4.6367 2091 192.4
-73.4917 4.6367 2147 204.3
-73.475 4.6367 2595 210.8
-73.4583 4.6367 2645 208.1
-73.4417 4.6367 2155 193.4
-73.425 4.6367 2153 165.9
-73.4084 4.6367 1673 128.1
-73.3917 4.6367 1323 83.4
-73.375 4.6367 1473 38.3
-73.3583 4.6367 1031 -2.7
-73.3417 4.6367 795 -34.2
-73.325 4.6367 667 -54.5
-73.3083 4.6367 625 -63.3
-73.2917 4.6367 619 -62.6
-73.275 4.6367 577 -56.2
-73.2584 4.6367 595 -47.3
-73.2417 4.6367 603 -39.3
-73.225 4.6367 661 -34
-73.2083 4.6367 895 -32.1
-73.1917 4.6367 1057 -33.3
-73.175 4.6367 853 -36.5
-73.1584 4.6367 559 -40.6
-73.1417 4.6367 387 -44.9
-73.125 4.6367 335 -49.2
-73.1083 4.6367 423 -53.6
-73.0917 4.6367 493 -58.1
-73.075 4.6367 509 -62.8
-73.0583 4.6367 393 -67.3
-73.0417 4.6367 345 -70.8
-73.025 4.6367 283 -72.5
-73.0084 4.6367 253 -71.7
-72.9917 4.6367 247 -68.2
-72.975 4.6367 271 -62.6
-72.9583 4.6367 351 -55.8
-72.9417 4.6367 325 -49.2
-72.925 4.6367 311 -44.1
-74.9084 4.6201 317 -97.4
-74.8917 4.6201 305 -104.1
-74.875 4.6201 285 -108.9
-74.8583 4.6201 269 -111.8
-74.8417 4.6201 275 -112.9
-74.825 4.6201 261 -112.4
-74.8083 4.6201 243 -110.7
-74.7917 4.6201 249 -108.1
-74.775 4.6201 285 -105.2
-74.7584 4.6201 441 -102.1
-74.7417 4.6201 903 -99.3
-74.725 4.6201 1115 -96.7
-74.7083 4.6201 743 -94.2
-74.6917 4.6201 453 -91.4
-74.675 4.6201 481 -87.9
-74.6584 4.6201 401 -83.2
-74.6417 4.6201 627 -77.2
-74.625 4.6201 871 -70.1
-74.6083 4.6201 1387 -62.9
-74.5917 4.6201 1141 -56.4
-74.575 4.6201 971 -52.1
-74.5583 4.6201 867 -51.1
-74.5417 4.6201 627 -53.6
-74.525 4.6201 667 -59.4
-74.5084 4.6201 811 -66.6
-74.4917 4.6201 885 -73.5
-74.475 4.6201 1071 -76.9
-74.4583 4.6201 1007 -75.1
-74.4417 4.6201 977 -66.5
-74.425 4.6201 845 -51
-74.4084 4.6201 929 -30.2
-74.3917 4.6201 1041 -5.9
-74.375 4.6201 1119 18.6
-74.3583 4.6201 1309 41.1
-74.3417 4.6201 1657 59.4
-74.325 4.6201 1949 72.9
-74.3083 4.6201 2443 81.9
-74.2917 4.6201 2627 87.3
-74.275 4.6201 2577 90.2
-74.2584 4.6201 2547 91.3
-74.2417 4.6201 2543 90.9
-74.225 4.6201 2547 88.6
-74.2083 4.6201 2545 84
-74.1917 4.6201 2547 77.4
-74.175 4.6201 2553 70.3
-74.1584 4.6201 2557 64.8
-74.1417 4.6201 2557 64.7
-74.125 4.6201 2557 73
-74.1083 4.6201 2559 92.2
-74.0917 4.6201 2567 122.4
-74.075 4.6201 2589 160.3
-74.0583 4.6201 2817 201.2
-74.0417 4.6201 3139 236.7
-74.025 4.6201 3169 260.6
-74.0084 4.6201 3117 266.3
-73.9917 4.6201 3279 252.3
-73.975 4.6201 3107 221.3
-73.9583 4.6201 2789 179.3
-73.9417 4.6201 2729 137.6
-73.925 4.6201 2647 105.1
-73.9084 4.6201 2333 92.2
-73.8917 4.6201 2167 103.1
-73.875 4.6201 2565 137.3
-73.8583 4.6201 2787 190
-73.8417 4.6201 3023 249.8
-73.825 4.6201 3325 307.1
-73.8083 4.6201 3567 349.6
-73.7917 4.6201 3573 371.3
-73.775 4.6201 3605 369.1
-73.7584 4.6201 3417 345.2
-73.7417 4.6201 3327 306.8
-73.725 4.6201 3155 261.1
-73.7083 4.6201 3101 217.9
-73.6917 4.6201 3077 182.5
-73.675 4.6201 2677 159
-73.6584 4.6201 2411 147.5
-73.6417 4.6201 2187 145.6
-73.625 4.6201 2473 150.4
-73.6083 4.6201 2291 158.2
-73.5917 4.6201 2201 167.2
-73.575 4.6201 2397 176.4
-73.5583 4.6201 2329 186
-73.5417 4.6201 2303 196.4
-73.525 4.6201 2227 207.4
-73.5084 4.6201 2375 217.4
-73.4917 4.6201 2581 223.9
-73.475 4.6201 2769 223.1
-73.4583 4.6201 2227 212.2
-73.4417 4.6201 1651 189.4
-73.425 4.6201 1523 154.7
-73.4084 4.6201 1261 111.6
-73.3917 4.6201 1143 63.7
-73.375 4.6201 1195 18.1
-73.3583 4.6201 791 -21
-73.3417 4.6201 763 -48.8
-73.325 4.6201 743 -64
-73.3083 4.6201 589 -67.6
-73.2917 4.6201 519 -62.1
-73.275 4.6201 519 -52.1
-73.2584 4.6201 641 -41.2
-73.2417 4.6201 695 -33
-73.225 4.6201 739 -29
-73.2083 4.6201 989 -29.3
-73.1917 4.6201 813 -33
-73.175 4.6201 605 -38.3
-73.1584 4.6201 407 -43.9
-73.1417 4.6201 351 -48.7
-73.125 4.6201 407 -52.4
-73.1083 4.6201 539 -55.5
-73.0917 4.6201 453 -58.4
-73.075 4.6201 339 -61.6
-73.0583 4.6201 327 -64.9
-73.0417 4.6201 377 -67.9
-73.025 4.6201 335 -69.6
-73.0084 4.6201 275 -69.3
-72.9917 4.6201 245 -66.6
-72.975 4.6201 239 -61.7
-72.9583 4.6201 275 -55.3
-72.9417 4.6201 289 -48.9
-72.925 4.6201 287 -43.6
-74.9084 4.6035 335 -95.9
-74.8917 4.6035 309 -101.8
-74.875 4.6035 295 -106.2
-74.8583 4.6035 275 -109.1
-74.8417 4.6035 257 -110.7
-74.825 4.6035 289 -111.4
-74.8083 4.6035 267 -111.2
-74.7917 4.6035 253 -110.4
-74.775 4.6035 313 -109.2
-74.7584 4.6035 585 -107.6
-74.7417 4.6035 977 -105.7
-74.725 4.6035 847 -103.5
-74.7083 4.6035 537 -100.7
-74.6917 4.6035 379 -97.3
-74.675 4.6035 355 -92.8
-74.6584 4.6035 455 -87.2
-74.6417 4.6035 625 -80.5
-74.625 4.6035 993 -73.2
-74.6083 4.6035 1289 -66.3
-74.5917 4.6035 963 -60.4
-74.575 4.6035 769 -57
-74.5583 4.6035 769 -56.5
-74.5417 4.6035 611 -58.9
-74.525 4.6035 751 -63.6
-74.5084 4.6035 993 -68.7
-74.4917 4.6035 887 -72.4
-74.475 4.6035 863 -72.1
-74.4583 4.6035 779 -66.3
-74.4417 4.6035 773 -54.3
-74.425 4.6035 867 -36.4
-74.4084 4.6035 1091 -14.7
-74.3917 4.6035 1359 8.8
-74.375 4.6035 1415 30.9
-74.3583 4.6035 1467 49.8
-74.3417 4.6035 1563 64.1
-74.325 4.6035 1833 73.7
-74.3083 4.6035 2299 79.5
-74.2917 4.6035 2645 83
-74.275 4.6035 2587 85.3
-74.2584 4.6035 2553 87.2
-74.2417 4.6035 2545 88.5
-74.225 4.6035 2549 88.5
-74.2083 4.6035 2545 86.4
-74.1917 4.6035 2553 82.2
-74.175 4.6035 2561 77.1
-74.1584 4.6035 2557 73.6
-74.1417 4.6035 2559 75.4
-74.125 4.6035 2559 85.7
-74.1083 4.6035 2563 107.1
-74.0917 4.6035 2573 139.5
-74.075 4.6035 2617 179.2
-74.0583 4.6035 2881 221.2
-74.0417 4.6035 3069 256.5
-74.025 4.6035 3201 278.4
-74.0084 4.6035 3163 280.3
-73.9917 4.6035 3297 260.5
-73.975 4.6035 3179 222.6
-73.9583 4.6035 2807 173
-73.9417 4.6035 2337 124.2
-73.925 4.6035 2323 86.1
-73.9084 4.6035 2095 69.8
-73.8917 4.6035 2407 79.8
-73.875 4.6035 2799 115.5
-73.8583 4.6035 2943 172
-73.8417 4.6035 3179 236.6
-73.825 4.6035 3489 299
-73.8083 4.6035 3549 345.8
-73.7917 4.6035 3633 370.2
-73.775 4.6035 3631 369
-73.7584 4.6035 3499 344.2
-73.7417 4.6035 3421 303.8
-73.725 4.6035 3297 255.6
-73.7083 4.6035 3029 210.5
-73.6917 4.6035 2933 174.5
-73.675 4.6035 2589 152.2
-73.6584 4.6035 2351 143.8
-73.6417 4.6035 2287 146.8
-73.625 4.6035 2643 157.6
-73.6083 4.6035 2275 171.7
-73.5917 4.6035 2407 186.3
-73.575 4.6035 2533 199.5
-73.5583 4.6035 2391 210.9
-73.5417 4.6035 2413 220.6
-73.525 4.6035 2495 228.2
-73.5084 4.6035 2861 232.7
-73.4917 4.6035 3115 232
-73.475 4.6035 2709 223.3
-73.4583 4.6035 2167 204.6
-73.4417 4.6035 1985 174.9
-73.425 4.6035 1583 134.9
-73.4084 4.6035 1087 88.7
-73.3917 4.6035 853 40.1
-73.375 4.6035 1015 -3.9
-73.3583 4.6035 755 -39.6
-73.3417 4.6035 625 -62.5
-73.325 4.6035 703 -72.2
-73.3083 4.6035 583 -70.5
-73.2917 4.6035 509 -60.6
-73.275 4.6035 531 -47.6
-73.2584 4.6035 623 -35.3
-73.2417 4.6035 667 -27.3
-73.225 4.6035 779 -24.7
-73.2083 4.6035 873 -27.3
-73.1917 4.6035 693 -33.5
-73.175 4.6035 423 -40.9
-73.1584 4.6035 367 -47.8
-73.1417 4.6035 471 -52.9
-73.125 4.6035 563 -56
-73.1083 4.6035 467 -57.8
-73.0917 4.6035 365 -59
-73.075 4.6035 285 -60.5
-73.0583 4.6035 327 -62.6
-73.0417 4.6035 367 -64.8
-73.025 4.6035 337 -66.6
-73.0084 4.6035 289 -66.7
-72.9917 4.6035 265 -64.7
-72.975 4.6035 237 -60.6
-72.9583 4.6035 233 -54.9
-72.9417 4.6035 243 -48.9
-72.925 4.6035 265 -43.8
-74.9084 4.5869 347 -93.5
-74.8917 4.5869 325 -98.7
-74.875 4.5869 315 -102.6
-74.8583 4.5869 303 -105.7
-74.8417 4.5869 281 -108
-74.825 4.5869 283 -109.8
-74.8083 4.5869 265 -111
-74.7917 4.5869 277 -111.7
-74.775 4.5869 391 -111.8
-74.7584 4.5869 771 -111.2
-74.7417 4.5869 833 -109.9
-74.725 4.5869 529 -107.6
-74.7083 4.5869 401 -104.3
-74.6917 4.5869 303 -100
-74.675 4.5869 375 -94.7
-74.6584 4.5869 503 -88.4
-74.6417 4.5869 843 -81.6
-74.625 4.5869 1025 -74.8
-74.6083 4.5869 1129 -68.9
-74.5917 4.5869 795 -64.5
-74.575 4.5869 617 -62.4
-74.5583 4.5869 579 -62.8
-74.5417 4.5869 607 -65.2
-74.525 4.5869 727 -68.4
-74.5084 4.5869 913 -70.7
-74.4917 4.5869 881 -70.1
-74.475 4.5869 689 -64.7
-74.4583 4.5869 767 -53.6
-74.4417 4.5869 963 -36.8
-74.425 4.5869 1127 -15.3
-74.4084 4.5869 1385 8.1
-74.3917 4.5869 1577 31.3
-74.375 4.5869 1731 51.1
-74.3583 4.5869 1837 66.4
-74.3417 4.5869 1851 76.3
-74.325 4.5869 1937 81.4
-74.3083 4.5869 2141 83.7
-74.2917 4.5869 2413 84.7
-74.275 4.5869 2637 86.2
-74.2584 4.5869 2551 88.7
-74.2417 4.5869 2553 91.6
-74.225 4.5869 2557 94
-74.2083 4.5869 2555 94.5
-74.1917 4.5869 2589 92.9
-74.175 4.5869 2677 90
-74.1584 4.5869 2575 88.3
-74.1417 4.5869 2559 91.6
-74.125 4.5869 2565 103.3
-74.1083 4.5869 2569 125.9
-74.0917 4.5869 2585 159.3
-74.075 4.5869 2703 199.6
-74.0583 4.5869 3079 241.5
-74.0417 4.5869 3217 275.5
-74.025 4.5869 3325 294.6
-74.0084 4.5869 3263 292.2
-73.9917 4.5869 3283 266.7
-73.975 4.5869 3137 222.3
-73.9583 4.5869 2723 166
-73.9417 4.5869 2307 111.1
-73.925 4.5869 2095 68.3
-73.9084 4.5869 2001 49.4
-73.8917 4.5869 2397 59
-73.875 4.5869 2637 96.5
-73.8583 4.5869 2859 156.5
-73.8417 4.5869 3259 225.4
-73.825 4.5869 3511 292.2
-73.8083 4.5869 3427 342.7
-73.7917 4.5869 3513 369.7
-73.775 4.5869 3581 369.6
-73.7584 4.5869 3559 344.8
-73.7417 4.5869 3455 303.7
-73.725 4.5869 3283 254.8
-73.7083 4.5869 3077 209.7
-73.6917 4.5869 2875 174.8
-73.675 4.5869 2621 155.2
-73.6584 4.5869 2573 151
-73.6417 4.5869 2417 158.8
-73.625 4.5869 2633 174.7
-73.6083 4.5869 2435 193.1
-73.5917 4.5869 2625 210.4
-73.575 4.5869 2615 224.1
-73.5583 4.5869 2415 233.6
-73.5417 4.5869 2697 238.9
-73.525 4.5869 2949 240.1
-73.5084 4.5869 3035 236.8
-73.4917 4.5869 2667 227.8
-73.475 4.5869 2751 211.2
-73.4583 4.5869 2563 185.6
-73.4417 4.5869 2131 151
-73.425 4.5869 1569 108.2
-73.4084 4.5869 1153 61.5
-73.3917 4.5869 947 14.7
-73.375 4.5869 721 -25.9
-73.3583 4.5869 741 -56.7
-73.3417 4.5869 581 -74.2
-73.325 4.5869 537 -78.5
-73.3083 4.5869 541 -72
-73.2917 4.5869 521 -58.4
-73.275 4.5869 527 -43.2
-73.2584 4.5869 561 -30.1
-73.2417 4.5869 655 -22.7
-73.225 4.5869 793 -21.9
-73.2083 4.5869 683 -26.6
-73.1917 4.5869 491 -35.1
-73.175 4.5869 397 -44.3
-73.1584 4.5869 527 -52.3
-73.1417 4.5869 623 -57.6
-73.125 4.5869 525 -60
-73.1083 4.5869 379 -60.5
-73.0917 4.5869 281 -60.1
-73.075 4.5869 269 -60
-73.0583 4.5869 345 -60.9
-73.0417 4.5869 333 -62.5
-73.025 4.5869 303 -64.1
-73.0084 4.5869 273 -64.6
-72.9917 4.5869 257 -63.4
-72.975 4.5869 243 -60.1
-72.9583 4.5869 227 -55.2
-72.9417 4.5869 227 -49.8
-72.925 4.5869 223 -45
-74.9084 4.5702 365 -90.8
-74.8917 4.5702 351 -95.2
-74.875 4.5702 341 -99
-74.8583 4.5702 337 -102.3
-74.8417 4.5702 337 -105.3
-74.825 4.5702 323 -108
-74.8083 4.5702 265 -110.4
-74.7917 4.5702 327 -112.2
-74.775 4.5702 473 -113.1
-74.7584 4.5702 619 -113
-74.7417 4.5702 465 -111.7
-74.725 4.5702 343 -109
-74.7083 4.5702 301 -105.2
-74.6917 4.5702 315 -100.1
-74.675 4.5702 373 -94.2
-74.6584 4.5702 481 -87.9
-74.6417 4.5702 749 -81.6
-74.625 4.5702 923 -76
-74.6083 4.5702 959 -71.8
-74.5917 4.5702 655 -69.4
-74.575 4.5702 599 -69.1
-74.5583 4.5702 707 -70.5
-74.5417 4.5702 669 -72.7
-74.525 4.5702 729 -74.2
-74.5084 4.5702 767 -73
-74.4917 4.5702 713 -67.5
-74.475 4.5702 789 -56.4
-74.4583 4.5702 1003 -39.1
-74.4417 4.5702 1189 -17
-74.425 4.5702 1373 8.6
-74.4084 4.5702 1613 34.2
-74.3917 4.5702 1815 57.5
-74.375 4.5702 2041 75.6
-74.3583 4.5702 2241 87.5
-74.3417 4.5702 2303 93.3
-74.325 4.5702 2301 94.5
-74.3083 4.5702 2427 93.5
-74.2917 4.5702 2499 92.6
-74.275 4.5702 2659 93.6
-74.2584 4.5702 2593 97
-74.2417 4.5702 2549 101.9
-74.225 4.5702 2591 106.9
-74.2083 4.5702 2641 110.1
-74.1917 4.5702 2725 110.7
-74.175 4.5702 2735 109.6
-74.1584 4.5702 2679 109
-74.1417 4.5702 2565 112.9
-74.125 4.5702 2581 124.7
-74.1083 4.5702 2629 147
-74.0917 4.5702 2645 179.9
-74.075 4.5702 2763 219.2
-74.0583 4.5702 3079 259.6
-74.0417 4.5702 3293 291.2
-74.025 4.5702 3467 307.1
-74.0084 4.5702 3343 300.5
-73.9917 4.5702 3281 270
-73.975 4.5702 3099 220.3
-73.9583 4.5702 2725 158.7
-73.9417 4.5702 2423 99.5
-73.925 4.5702 2089 53.5
-73.9084 4.5702 1969 33.1
-73.8917 4.5702 2341 43
-73.875 4.5702 2567 82.4
-73.8583 4.5702 2925 145.4
-73.8417 4.5702 3153 217.9
-73.825 4.5702 3263 288.3
-73.8083 4.5702 3355 341.6
-73.7917 4.5702 3281 370.7
-73.775 4.5702 3425 371.9
-73.7584 4.5702 3461 347.7
-73.7417 4.5702 3401 307
-73.725 4.5702 3153 258.9
-73.7083 4.5702 3031 215.5
-73.6917 4.5702 3093 183.5
-73.675 4.5702 2899 167.6
-73.6584 4.5702 2751 167.8
-73.6417 4.5702 2783 179.9
-73.625 4.5702 2965 199.4
-73.6083 4.5702 2795 219.6
-73.5917 4.5702 2633 236.5
-73.575 4.5702 2571 247.3
-73.5583 4.5702 2851 251.2
-73.5417 4.5702 2907 249
-73.525 4.5702 3223 241.4
-73.5084 4.5702 2805 229
-73.4917 4.5702 2253 211.3
-73.475 4.5702 2251 187.8
-73.4583 4.5702 1987 157.3
-73.4417 4.5702 2335 120.3
-73.425 4.5702 1735 77.6
-73.4084 4.5702 1327 33.3
-73.3917 4.5702 1097 -9.5
-73.375 4.5702 723 -45
-73.3583 4.5702 587 -70.1
-73.3417 4.5702 603 -82.2
-73.325 4.5702 493 -81.8
-73.3083 4.5702 465 -71.7
-73.2917 4.5702 475 -55.7
-73.275 4.5702 505 -39.4
-73.2584 4.5702 579 -26.5
-73.2417 4.5702 633 -20.2
-73.225 4.5702 773 -21
-73.2083 4.5702 599 -27.7
-73.1917 4.5702 431 -38
-73.175 4.5702 563 -48.6
-73.1584 4.5702 721 -57.3
-73.1417 4.5702 521 -62.6
-73.125 4.5702 327 -64.4
-73.1083 4.5702 265 -63.8
-73.0917 4.5702 255 -62
-73.075 4.5702 301 -60.7
-73.0583 4.5702 319 -60.5
-73.0417 4.5702 293 -61.5
-73.025 4.5702 265 -62.9
-73.0084 4.5702 251 -63.8
-72.9917 4.5702 241 -63.1
-72.975 4.5702 237 -60.6
-72.9583 4.5702 227 -56.4
-72.9417 4.5702 221 -51.6
-72.925 4.5702 217 -47.2
-74.9084 4.5536 393 -88
-74.8917 4.5536 377 -91.8
-74.875 4.5536 367 -95.5
-74.8583 4.5536 343 -99.1
-74.8417 4.5536 341 -102.7
-74.825 4.5536 275 -106.2
-74.8083 4.5536 257 -109.4
-74.7917 4.5536 337 -111.8
-74.775 4.5536 395 -113.2
-74.7584 4.5536 335 -113.2
-74.7417 4.5536 351 -111.6
-74.725 4.5536 437 -108.5
-74.7083 4.5536 485 -104.1
-74.6917 4.5536 385 -98.6
-74.675 4.5536 411 -92.7
-74.6584 4.5536 537 -86.7
-74.6417 4.5536 815 -81.6
-74.625 4.5536 775 -77.8
-74.6083 4.5536 861 -75.7
-74.5917 4.5536 589 -75.7
-74.575 4.5536 561 -77.2
-74.5583 4.5536 703 -79.6
-74.5417 4.5536 711 -81.4
-74.525 4.5536 623 -80.9
-74.5084 4.5536 653 -76
-74.4917 4.5536 813 -65.4
-74.475 4.5536 1011 -48.3
-74.4583 4.5536 1211 -24.9
-74.4417 4.5536 1419 2.7
-74.425 4.5536 1629 32.3
-74.4084 4.5536 1809 60.2
-74.3917 4.5536 2049 83.7
-74.375 4.5536 2435 100.3
-74.3583 4.5536 2653 109.5
-74.3417 4.5536 2641 112
-74.325 4.5536 2643 110.1
-74.3083 4.5536 2717 107
-74.2917 4.5536 2639 105.2
-74.275 4.5536 2585 106.8
-74.2584 4.5536 2575 111.9
-74.2417 4.5536 2563 119.3
-74.225 4.5536 2657 127.2
-74.2083 4.5536 2741 132.8
-74.1917 4.5536 2843 135.3
-74.175 4.5536 2873 135.1
-74.1584 4.5536 2791 134.4
-74.1417 4.5536 2613 137.3
-74.125 4.5536 2563 147.5
-74.1083 4.5536 2633 167.8
-74.0917 4.5536 2775 198.3
-74.075 4.5536 3041 235.1
-74.0583 4.5536 3063 272.6
-74.0417 4.5536 3239 301.2
-74.025 4.5536 3411 313.7
-74.0084 4.5536 3251 303.4
-73.9917 4.5536 3375 269.1
-73.975 4.5536 3369 215.7
-73.9583 4.5536 2995 150.8
-73.9417 4.5536 2685 89.1
-73.925 4.5536 2169 41.8
-73.9084 4.5536 1875 21.2
-73.8917 4.5536 2267 32.2
-73.875 4.5536 2621 73.6
-73.8583 4.5536 2843 139.2
-73.8417 4.5536 2873 214.4
-73.825 4.5536 3051 287.3
-73.8083 4.5536 3233 342.6
-73.7917 4.5536 3273 373.1
-73.775 4.5536 3207 375.2
-73.7584 4.5536 3259 351.9
-73.7417 4.5536 3281 312.4
-73.725 4.5536 3371 266.3
-73.7083 4.5536 3215 225.7
-73.6917 4.5536 3121 197.5
-73.675 4.5536 3105 186.1
-73.6584 4.5536 2981 190.7
-73.6417 4.5536 3129 206.5
-73.625 4.5536 2959 228
-73.6083 4.5536 2873 247.9
-73.5917 4.5536 2761 261.9
-73.575 4.5536 3055 266.9
-73.5583 4.5536 3349 262.6
-73.5417 4.5536 3343 250.7
-73.525 4.5536 3047 232.7
-73.5084 4.5536 2565 210.6
-73.4917 4.5536 2321 184.9
-73.475 4.5536 1671 155.8
-73.4583 4.5536 1527 122.6
-73.4417 4.5536 1921 85.8
-73.425 4.5536 1379 46
-73.4084 4.5536 1131 6.4
-73.3917 4.5536 919 -30.4
-73.375 4.5536 727 -59.7
-73.3583 4.5536 573 -79
-73.3417 4.5536 485 -86.3
-73.325 4.5536 465 -82.2
-73.3083 4.5536 465 -69.9
-73.2917 4.5536 439 -53
-73.275 4.5536 475 -36.8
-73.2584 4.5536 525 -24.8
-73.2417 4.5536 567 -19.9
-73.225 4.5536 687 -22.3
-73.2083 4.5536 577 -30.4
-73.1917 4.5536 557 -42
-73.175 4.5536 673 -53.4
-73.1584 4.5536 455 -62.5
-73.1417 4.5536 317 -67.7
-73.125 4.5536 273 -68.9
-73.1083 4.5536 253 -67.4
-73.0917 4.5536 291 -64.7
-73.075 4.5536 299 -62.4
-73.0583 4.5536 289 -61.4
-73.0417 4.5536 261 -61.8
-73.025 4.5536 241 -63.1
-73.0084 4.5536 233 -64.1
-72.9917 4.5536 231 -63.9
-72.975 4.5536 227 -62
-72.9583 4.5536 221 -58.4
-72.9417 4.5536 219 -54.2
-72.925 4.5536 215 -50.2
-74.9084 4.537 465 -85.4
-74.8917 4.537 417 -88.8
-74.875 4.537 433 -92.4
-74.8583 4.537 475 -96.3
-74.8417 4.537 363 -100.4
-74.825 4.537 281 -104.5
-74.8083 4.537 251 -108.1
-74.7917 4.537 283 -110.8
-74.775 4.537 317 -112.3
-74.7584 4.537 439 -112.1
-74.7417 4.537 551 -110.3
-74.725 4.537 745 -106.8
-74.7083 4.537 521 -102.2
-74.6917 4.537 389 -96.7
-74.675 4.537 521 -91.3
-74.6584 4.537 665 -86.4
-74.6417 4.537 583 -82.8
-74.625 4.537 757 -81
-74.6083 4.537 767 -81.3
-74.5917 4.537 523 -83.4
-74.575 4.537 631 -86.5
-74.5583 4.537 715 -89.6
-74.5417 4.537 597 -90.6
-74.525 4.537 671 -87.9
-74.5084 4.537 689 -79.4
-74.4917 4.537 853 -64
-74.475 4.537 1055 -41.6
-74.4583 4.537 1321 -13
-74.4417 4.537 1495 19
-74.425 4.537 1705 51.9
-74.4084 4.537 1899 81.4
-74.3917 4.537 2127 105
-74.375 4.537 2579 120.3
-74.3583 4.537 2523 127.5
-74.3417 4.537 2521 128.1
-74.325 4.537 2587 124.7
-74.3083 4.537 2779 121.2
-74.2917 4.537 2765 120.3
-74.275 4.537 2623 123.9
-74.2584 4.537 2579 131.9
-74.2417 4.537 2579 142.6
-74.225 4.537 2701 153.4
-74.2083 4.537 2807 161.1
-74.1917 4.537 2911 164.6
-74.175 4.537 3033 163.9
-74.1584 4.537 2917 161.4
-74.1417 4.537 2705 161.5
-74.125 4.537 2597 167.9
-74.1083 4.537 2703 184
-74.0917 4.537 2901 210.2
-74.075 4.537 3201 242.9
-74.0583 4.537 3193 276.6
-74.0417 4.537 3379 301.6
-74.025 4.537 3193 311
-74.0084 4.537 3081 298.2
-73.9917 4.537 3325 261.8
-73.975 4.537 3101 206.9
-73.9583 4.537 2947 141.3
-73.9417 4.537 2583 79.7
-73.925 4.537 2033 33.1
-73.9084 4.537 1731 13.9
-73.8917 4.537 2011 26.9
-73.875 4.537 2293 70.3
-73.8583 4.537 2427 138
-73.8417 4.537 2709 214.9
-73.825 4.537 2763 289
-73.8083 4.537 2909 345
-73.7917 4.537 3187 375.8
-73.775 4.537 3251 378.2
-73.7584 4.537 3205 355.4
-73.7417 4.537 3185 317.3
-73.725 4.537 3215 273.5
-73.7083 4.537 3225 236.3
-73.6917 4.537 2999 212.3
-73.675 4.537 2861 205.3
-73.6584 4.537 2713 214
-73.6417 4.537 2903 232.7
-73.625 4.537 2697 255.1
-73.6083 4.537 2661 273.2
-73.5917 4.537 2943 282.5
-73.575 4.537 3379 280.2
-73.5583 4.537 3463 266.5
-73.5417 4.537 3019 244.1
-73.525 4.537 2227 215.7
-73.5084 4.537 2041 184.6
-73.4917 4.537 2177 152.1
-73.475 4.537 1767 119.4
-73.4583 4.537 1317 85.9
-73.4417 4.537 1187 51.8
-73.425 4.537 1039 17.1
-73.4084 4.537 851 -16
-73.3917 4.537 797 -45.8
-73.375 4.537 669 -68.5
-73.3583 4.537 549 -82.4
-73.3417 4.537 495 -86
-73.325 4.537 435 -79.9
-73.3083 4.537 433 -67
-73.2917 4.537 445 -50.7
-73.275 4.537 451 -35.8
-73.2584 4.537 509 -25.4
-73.2417 4.537 459 -21.9
-73.225 4.537 481 -25.6
-73.2083 4.537 551 -34.6
-73.1917 4.537 747 -46.6
-73.175 4.537 611 -58.2
-73.1584 4.537 371 -67.2
-73.1417 4.537 281 -72.1
-73.125 4.537 253 -73
-73.1083 4.537 261 -71
-73.0917 4.537 297 -67.6
-73.075 4.537 281 -64.8
-73.0583 4.537 259 -63.2
-73.0417 4.537 237 -63.3
-73.025 4.537 227 -64.3
-73.0084 4.537 223 -65.3
-72.9917 4.537 221 -65.2
-72.975 4.537 219 -63.6
-72.9583 4.537 215 -60.4
-72.9417 4.537 215 -56.5
-72.925 4.537 211 -52.9
-74.9084 4.5204 473 -83.1
-74.8917 4.5204 473 -86.2
-74.875 4.5204 553 -89.8
-74.8583 4.5204 547 -94
-74.8417 4.5204 453 -98.3
-74.825 4.5204 383 -102.7
-74.8083 4.5204 305 -106.4
-74.7917 4.5204 277 -109.2
-74.775 4.5204 453 -110.5
-74.7584 4.5204 663 -110.2
-74.7417 4.5204 833 -108.2
-74.725 4.5204 639 -104.7
-74.7083 4.5204 415 -100.2
-74.6917 4.5204 529 -95.4
-74.675 4.5204 837 -90.9
-74.6584 4.5204 539 -87.4
-74.6417 4.5204 479 -85.7
-74.625 4.5204 759 -85.9
-74.6083 4.5204 561 -88.2
-74.5917 4.5204 461 -92
-74.575 4.5204 535 -96.1
-74.5583 4.5204 681 -99.2
-74.5417 4.5204 565 -99.2
-74.525 4.5204 613 -94.1
-74.5084 4.5204 721 -82.4
-74.4917 4.5204 955 -62.9
-74.475 4.5204 997 -36.4
-74.4583 4.5204 1233 -4
-74.4417 4.5204 1397 31
-74.425 4.5204 1679 65.7
-74.4084 4.5204 1993 95.7
-74.3917 4.5204 2347 118.8
-74.375 4.5204 2509 133.1
-74.3583 4.5204 2291 139.1
-74.3417 4.5204 2363 139
-74.325 4.5204 2577 135.9
-74.3083 4.5204 2901 134
-74.2917 4.5204 2797 135.8
-74.275 4.5204 2685 143
-74.2584 4.5204 2569 155.2
-74.2417 4.5204 2603 169.7
-74.225 4.5204 2721 183.5
-74.2083 4.5204 2877 192.9
-74.1917 4.5204 2883 196.3
-74.175 4.5204 3115 193.7
-74.1584 4.5204 3007 187.6
-74.1417 4.5204 2791 182.7
-74.125 4.5204 2645 183.2
-74.1083 4.5204 2761 193.2
-74.0917 4.5204 3029 213.3
-74.075 4.5204 3377 240.4
-74.0583 4.5204 3349 269.3
-74.0417 4.5204 3451 290.7
-74.025 4.5204 3035 297.6
-74.0084 4.5204 2929 283.5
-73.9917 4.5204 2763 246.9
-73.975 4.5204 2707 193
-73.9583 4.5204 2775 129.3
-73.9417 4.5204 2441 70.1
-73.925 4.5204 1969 26.4
-73.9084 4.5204 1669 10.2
-73.8917 4.5204 1825 25.8
-73.875 4.5204 2009 71.4
-73.8583 4.5204 2133 140.5
-73.8417 4.5204 2391 217.9
-73.825 4.5204 2507 291.8
-73.8083 4.5204 2757 347.2
-73.7917 4.5204 3079 377.1
-73.775 4.5204 3335 378.8
-73.7584 4.5204 3347 356
-73.7417 4.5204 3399 318.9
-73.725 4.5204 3545 277.3
-73.7083 4.5204 3435 243.3
-73.6917 4.5204 3283 223.4
-73.675 4.5204 2871 220.6
-73.6584 4.5204 2515 233.1
-73.6417 4.5204 2535 254
-73.625 4.5204 2469 276.6
-73.6083 4.5204 2697 292.2
-73.5917 4.5204 3111 296.2
-73.575 4.5204 3543 286.2
-73.5583 4.5204 3169 263
-73.5417 4.5204 2501 230.7
-73.525 4.5204 1875 192.6
-73.5084 4.5204 1569 153.9
-73.4917 4.5204 1779 116.4
-73.475 4.5204 1909 82
-73.4583 4.5204 1867 50.2
-73.4417 4.5204 1403 20.7
-73.425 4.5204 831 -7.3
-73.4084 4.5204 703 -32.9
-73.3917 4.5204 699 -55.1
-73.375 4.5204 683 -71.6
-73.3583 4.5204 509 -81
-73.3417 4.5204 613 -82.1
-73.325 4.5204 513 -75.5
-73.3083 4.5204 423 -63.6
-73.2917 4.5204 411 -49.2
-73.275 4.5204 391 -36.4
-73.2584 4.5204 401 -28
-73.2417 4.5204 427 -26
-73.225 4.5204 503 -30.5
-73.2083 4.5204 701 -39.7
-73.1917 4.5204 625 -51.5
-73.175 4.5204 431 -62.6
-73.1584 4.5204 305 -71.1
-73.1417 4.5204 293 -75.6
-73.125 4.5204 265 -76.1
-73.1083 4.5204 255 -73.9
-73.0917 4.5204 273 -70.4
-73.075 4.5204 257 -67.3
-73.0583 4.5204 235 -65.5
-73.0417 4.5204 221 -65.2
-73.025 4.5204 217 -65.9
-73.0084 4.5204 217 -66.6
-72.9917 4.5204 215 -66.4
-72.975 4.5204 215 -64.8
-72.9583 4.5204 213 -61.7
-72.9417 4.5204 211 -58.1
-72.925 4.5204 207 -54.6
-74.9084 4.5038 469 -81.1
-74.8917 4.5038 541 -84
-74.875 4.5038 675 -87.7
-74.8583 4.5038 615 -92
-74.8417 4.5038 497 -96.5
-74.825 4.5038 503 -100.8
-74.8083 4.5038 421 -104.5
-74.7917 4.5038 309 -107.1
-74.775 4.5038 503 -108.2
-74.7584 4.5038 747 -107.8
-74.7417 4.5038 737 -105.9
-74.725 4.5038 501 -102.8
-74.7083 4.5038 567 -99
-74.6917 4.5038 843 -95.2
-74.675 4.5038 703 -92.1
-74.6584 4.5038 445 -90.3
-74.6417 4.5038 475 -90.2
-74.625 4.5038 863 -92.1
-74.6083 4.5038 537 -95.6
-74.5917 4.5038 539 -100.2
-74.575 4.5038 659 -104.5
-74.5583 4.5038 541 -106.8
-74.5417 4.5038 577 -105.2
-74.525 4.5038 621 -97.9
-74.5084 4.5038 711 -83.5
-74.4917 4.5038 773 -61.3
-74.475 4.5038 821 -32.3
-74.4583 4.5038 1021 1.9
-74.4417 4.5038 1293 37.7
-74.425 4.5038 1569 72.3
-74.4084 4.5038 1977 101.5
-74.3917 4.5038 2489 123.3
-74.375 4.5038 2281 136.4
-74.3583 4.5038 2187 141.9
-74.3417 4.5038 2345 142.4
-74.325 4.5038 2567 141.3
-74.3083 4.5038 2857 142.8
-74.2917 4.5038 2791 149.2
-74.275 4.5038 2685 161.6
-74.2584 4.5038 2571 178.9
-74.2417 4.5038 2673 197.7
-74.225 4.5038 2859 214.5
-74.2083 4.5038 3109 224.8
-74.1917 4.5038 3001 226.9
-74.175 4.5038 3193 221
-74.1584 4.5038 3163 209.5
-74.1417 4.5038 2873 197.9
-74.125 4.5038 2685 190.8
-74.1083 4.5038 2781 192.9
-74.0917 4.5038 2969 205.4
-74.075 4.5038 3293 225.9
-74.0583 4.5038 3351 249.6
-74.0417 4.5038 3181 267.5
-74.025 4.5038 2977 272.7
-74.0084 4.5038 2739 258.7
-73.9917 4.5038 2527 224.1
-73.975 4.5038 2467 173.5
-73.9583 4.5038 2599 114
-73.9417 4.5038 2299 59.5
-73.925 4.5038 1939 20.6
-73.9084 4.5038 1627 8.5
-73.8917 4.5038 1683 27.3
-73.875 4.5038 1795 74.8
-73.8583 4.5038 1929 144.6
-73.8417 4.5038 2097 221.4
-73.825 4.5038 2349 293.7
-73.8083 4.5038 2651 346.9
-73.7917 4.5038 3033 374.6
-73.775 4.5038 3413 374.5
-73.7584 4.5038 3421 350.9
-73.7417 4.5038 3573 314
-73.725 4.5038 3615 273.9
-73.7083 4.5038 3103 242.6
-73.6917 4.5038 3029 226.1
-73.675 4.5038 2497 226.9
-73.6584 4.5038 2257 242.5
-73.6417 4.5038 2215 265.3
-73.625 4.5038 2467 287.9
-73.6083 4.5038 2875 301.3
-73.5917 4.5038 3331 300.6
-73.575 4.5038 3513 284.1
-73.5583 4.5038 3033 253
-73.5417 4.5038 2699 212.4
-73.525 4.5038 2201 166.9
-73.5084 4.5038 2057 122.7
-73.4917 4.5038 1457 82.2
-73.475 4.5038 1371 48.1
-73.4583 4.5038 1881 19.5
-73.4417 4.5038 1247 -4.4
-73.425 4.5038 807 -25.2
-73.4084 4.5038 609 -43.2
-73.3917 4.5038 515 -58.5
-73.375 4.5038 475 -69.6
-73.3583 4.5038 457 -75.8
-73.3417 4.5038 543 -75.8
-73.325 4.5038 585 -70.1
-73.3083 4.5038 481 -60.4
-73.2917 4.5038 451 -48.8
-73.275 4.5038 367 -38.8
-73.2584 4.5038 375 -32.4
-73.2417 4.5038 501 -31.6
-73.225 4.5038 683 -36.2
-73.2083 4.5038 775 -44.9
-73.1917 4.5038 555 -55.8
-73.175 4.5038 393 -65.9
-73.1584 4.5038 339 -73.6
-73.1417 4.5038 267 -77.6
-73.125 4.5038 259 -77.9
-73.1083 4.5038 239 -75.8
-73.0917 4.5038 247 -72.4
-73.075 4.5038 231 -69.3
-73.0583 4.5038 217 -67.4
-73.0417 4.5038 211 -66.8
-73.025 4.5038 209 -67
-73.0084 4.5038 211 -67.2
-72.9917 4.5038 215 -66.6
-72.975 4.5038 215 -64.7
-72.9583 4.5038 211 -61.6
-72.9417 4.5038 205 -58
-72.925 4.5038 205 -54.7
-74.9084 4.4872 593 -79.3
-74.8917 4.4872 609 -82.2
-74.875 4.4872 747 -85.9
-74.8583 4.4872 657 -90.3
-74.8417 4.4872 569 -94.7
-74.825 4.4872 525 -98.9
-74.8083 4.4872 341 -102.2
-74.7917 4.4872 385 -104.5
-74.775 4.4872 579 -105.5
-74.7584 4.4872 661 -105.2
-74.7417 4.4872 629 -103.7
-74.725 4.4872 605 -101.4
-74.7083 4.4872 851 -98.8
-74.6917 4.4872 695 -96.4
-74.675 4.4872 513 -94.9
-74.6584 4.4872 421 -94.6
-74.6417 4.4872 469 -95.8
-74.625 4.4872 621 -98.7
-74.6083 4.4872 505 -102.6
-74.5917 4.4872 667 -106.9
-74.575 4.4872 803 -110.2
-74.5583 4.4872 703 -111
-74.5417 4.4872 559 -107.4
-74.525 4.4872 617 -97.9
-74.5084 4.4872 613 -81.5
-74.4917 4.4872 723 -57.8
-74.475 4.4872 929 -28.3
-74.4583 4.4872 1105 5.6
-74.4417 4.4872 1435 40.1
-74.425 4.4872 1779 72.6
-74.4084 4.4872 2281 99.4
-74.3917 4.4872 2253 119
-74.375 4.4872 2101 130.7
-74.3583 4.4872 2137 136.2
-74.3417 4.4872 2363 138.3
-74.325 4.4872 2539 140.7
-74.3083 4.4872 2855 147.1
-74.2917 4.4872 2803 159.5
-74.275 4.4872 2701 178.2
-74.2584 4.4872 2617 201.4
-74.2417 4.4872 2791 224.8
-74.225 4.4872 2941 244.2
-74.2083 4.4872 3057 254.9
-74.1917 4.4872 3195 254.9
-74.175 4.4872 3293 244.4
-74.1584 4.4872 3147 226.4
-74.1417 4.4872 2973 206.8
-74.125 4.4872 2745 190.8
-74.1083 4.4872 2833 183.9
-74.0917 4.4872 2997 188
-74.075 4.4872 3331 201.4
-74.0583 4.4872 3235 219.6
-74.0417 4.4872 3057 234.2
-74.025 4.4872 2935 238.5
-74.0084 4.4872 2789 225.9
-73.9917 4.4872 2567 194.8
-73.975 4.4872 2335 149.2
-73.9583 4.4872 2221 95.9
-73.9417 4.4872 1935 47.8
-73.925 4.4872 1733 14.9
-73.9084 4.4872 1635 7.6
-73.8917 4.4872 1935 29.7
-73.875 4.4872 2047 78.8
-73.8583 4.4872 2195 148.2
-73.8417 4.4872 2463 223.3
-73.825 4.4872 2717 292.8
-73.8083 4.4872 2821 342.7
-73.7917 4.4872 3055 367
-73.775 4.4872 3491 364.2
-73.7584 4.4872 3553 338.8
-73.7417 4.4872 3707 301.3
-73.725 4.4872 3397 261.9
-73.7083 4.4872 2701 232.4
-73.6917 4.4872 2741 218.5
-73.675 4.4872 2155 222.2
-73.6584 4.4872 1947 240.3
-73.6417 4.4872 2285 264.7
-73.625 4.4872 2617 287.5
-73.6083 4.4872 3201 299.4
-73.5917 4.4872 3279 295.6
-73.575 4.4872 2885 274.4
-73.5583 4.4872 2251 237.6
-73.5417 4.4872 2597 191.3
-73.525 4.4872 2615 140.8
-73.5084 4.4872 2201 93.3
-73.4917 4.4872 1529 51.9
-73.475 4.4872 1183 19.3
-73.4583 4.4872 1545 -5.1
-73.4417 4.4872 1069 -23.1
-73.425 4.4872 775 -36.8
-73.4084 4.4872 653 -47.8
-73.3917 4.4872 581 -57.1
-73.375 4.4872 461 -64.1
-73.3583 4.4872 411 -68.2
-73.3417 4.4872 469 -68.5
-73.325 4.4872 491 -64.7
-73.3083 4.4872 421 -58
-73.2917 4.4872 407 -49.7
-73.275 4.4872 351 -42.5
-73.2584 4.4872 413 -38.2
-73.2417 4.4872 579 -38
-73.225 4.4872 805 -42.4
-73.2083 4.4872 767 -49.9
-73.1917 4.4872 535 -59.3
-73.175 4.4872 423 -67.9
-73.1584 4.4872 319 -74.6
-73.1417 4.4872 249 -78
-73.125 4.4872 243 -78.3
-73.1083 4.4872 231 -76.4
-73.0917 4.4872 223 -73.4
-73.075 4.4872 213 -70.6
-73.0583 4.4872 209 -68.6
-73.0417 4.4872 207 -67.7
-73.025 4.4872 205 -67.3
-73.0084 4.4872 205 -66.8
-72.9917 4.4872 209 -65.6
-72.975 4.4872 209 -63.2
-72.9583 4.4872 209 -59.8
-72.9417 4.4872 201 -56.1
-72.925 4.4872 201 -52.9
-74.9084 4.4706 647 -77.8
-74.8917 4.4706 679 -80.9
-74.875 4.4706 651 -84.8
-74.8583 4.4706 439 -89
-74.8417 4.4706 453 -93.2
-74.825 4.4706 407 -97
-74.8083 4.4706 293 -99.9
-74.7917 4.4706 417 -101.8
-74.775 4.4706 631 -102.7
-74.7584 4.4706 561 -102.6
-74.7417 4.4706 731 -101.9
-74.725 4.4706 873 -100.7
-74.7083 4.4706 803 -99.6
-74.6917 4.4706 483 -98.8
-74.675 4.4706 421 -98.8
-74.6584 4.4706 391 -99.7
-74.6417 4.4706 381 -101.6
-74.625 4.4706 433 -104.5
-74.6083 4.4706 475 -107.7
-74.5917 4.4706 607 -110.5
-74.575 4.4706 705 -111.8
-74.5583 4.4706 627 -110.3
-74.5417 4.4706 589 -104.3
-74.525 4.4706 559 -92.8
-74.5084 4.4706 639 -75.2
-74.4917 4.4706 861 -51.4
-74.475 4.4706 1009 -23
-74.4583 4.4706 1213 8.5
-74.4417 4.4706 1569 39.7
-74.425 4.4706 1949 68.2
-74.4084 4.4706 2337 91.1
-74.3917 4.4706 2063 107.6
-74.375 4.4706 1959 117.7
-74.3583 4.4706 2169 123.3
-74.3417 4.4706 2427 127.8
-74.325 4.4706 2495 134.4
-74.3083 4.4706 2809 146.6
-74.2917 4.4706 2757 165.8
-74.275 4.4706 2709 191.2
-74.2584 4.4706 2749 220.5
-74.2417 4.4706 3065 248.3
-74.225 4.4706 3165 270.2
-74.2083 4.4706 3249 280.8
-74.1917 4.4706 3389 278.2
-74.175 4.4706 3359 262.9
-74.1584 4.4706 3083 238
-74.1417 4.4706 2893 210.3
-74.125 4.4706 2829 185.2
-74.1083 4.4706 2991 169.3
-74.0917 4.4706 3099 165
-74.075 4.4706 3173 171.3
-74.0583 4.4706 3013 184.2
-74.0417 4.4706 2861 196
-74.025 4.4706 2831 199.9
-74.0084 4.4706 2737 189.5
-73.9917 4.4706 2741 162.8
-73.975 4.4706 2663 123.2
-73.9583 4.4706 2311 76.9
-73.9417 4.4706 2087 35.8
-73.925 4.4706 1931 9.2
-73.9084 4.4706 1621 6.6
-73.8917 4.4706 1803 31.5
-73.875 4.4706 2105 81.3
-73.8583 4.4706 2197 149.5
-73.8417 4.4706 2551 221.8
-73.825 4.4706 2603 287.4
-73.8083 4.4706 2765 333.1
-73.7917 4.4706 3291 353.4
-73.775 4.4706 3559 347.3
-73.7584 4.4706 3749 319.5
-73.7417 4.4706 3731 281
-73.725 4.4706 3401 241.5
-73.7083 4.4706 2855 212.8
-73.6917 4.4706 2207 200.5
-73.675 4.4706 1895 205.9
-73.6584 4.4706 2021 225.9
-73.6417 4.4706 2377 251.6
-73.625 4.4706 2927 275.1
-73.6083 4.4706 3435 286.7
-73.5917 4.4706 3181 281.5
-73.575 4.4706 2269 258.1
-73.5583 4.4706 1785 218.5
-73.5417 4.4706 2187 169.5
-73.525 4.4706 1973 116.9
-73.5084 4.4706 1925 68.4
-73.4917 4.4706 1467 27.6
-73.475 4.4706 1033 -2.5
-73.4583 4.4706 1151 -22.7
-73.4417 4.4706 839 -35.3
-73.425 4.4706 669 -42.9
-73.4084 4.4706 577 -48.4
-73.3917 4.4706 541 -53.1
-73.375 4.4706 457 -57.3
-73.3583 4.4706 409 -60.5
-73.3417 4.4706 401 -61.8
-73.325 4.4706 443 -60.5
-73.3083 4.4706 397 -57
-73.2917 4.4706 367 -52.1
-73.275 4.4706 365 -47.4
-73.2584 4.4706 519 -44.6
-73.2417 4.4706 659 -44.7
-73.225 4.4706 755 -48.2
-73.2083 4.4706 485 -54.3
-73.1917 4.4706 385 -61.8
-73.175 4.4706 321 -68.8
-73.1584 4.4706 279 -74.3
-73.1417 4.4706 247 -77.2
-73.125 4.4706 231 -77.6
-73.1083 4.4706 223 -76.1
-73.0917 4.4706 215 -73.5
-73.075 4.4706 209 -71
-73.0583 4.4706 205 -69
-73.0417 4.4706 205 -67.7
-73.025 4.4706 201 -66.7
-73.0084 4.4706 201 -65.4
-72.9917 4.4706 201 -63.3
-72.975 4.4706 203 -60.4
-72.9583 4.4706 203 -56.6
-72.9417 4.4706 199 -52.9
-72.925 4.4706 199 -49.8
-74.9084 4.4539 769 -77
-74.8917 4.4539 617 -80.4
-74.875 4.4539 655 -84.3
-74.8583 4.4539 513 -88.4
-74.8417 4.4539 349 -92.2
-74.825 4.4539 297 -95.3
-74.8083 4.4539 331 -97.7
-74.7917 4.4539 547 -99.2
-74.775 4.4539 525 -100.1
-74.7584 4.4539 641 -100.5
-74.7417 4.4539 799 -100.7
-74.725 4.4539 771 -100.9
-74.7083 4.4539 535 -101.3
-74.6917 4.4539 399 -102.1
-74.675 4.4539 367 -103.3
-74.6584 4.4539 357 -104.9
-74.6417 4.4539 353 -106.8
-74.625 4.4539 361 -108.8
-74.6083 4.4539 405 -110.2
-74.5917 4.4539 475 -110.6
-74.575 4.4539 501 -109
-74.5583 4.4539 543 -104.4
-74.5417 4.4539 623 -95.8
-74.525 4.4539 585 -82.6
-74.5084 4.4539 709 -64.5
-74.4917 4.4539 867 -41.6
-74.475 4.4539 1099 -15.8
-74.4583 4.4539 1391 11.6
-74.4417 4.4539 1749 37.8
-74.425 4.4539 2229 60.9
-74.4084 4.4539 2173 78.9
-74.3917 4.4539 2071 91.6
-74.375 4.4539 1875 99.8
-74.3583 4.4539 2099 105.6
-74.3417 4.4539 2157 112.6
-74.325 4.4539 2347 123.9
-74.3083 4.4539 2717 142.1
-74.2917 4.4539 2793 168.2
-74.275 4.4539 2839 200.4
-74.2584 4.4539 2971 235.5
-74.2417 4.4539 3243 267.6
-74.225 4.4539 3285 291.6
-74.2083 4.4539 3369 302.1
-74.1917 4.4539 3551 297
-74.175 4.4539 3335 277.3
-74.1584 4.4539 3011 246.3
-74.1417 4.4539 2877 211.1
-74.125 4.4539 3009 177.9
-74.1083 4.4539 3135 153.8
-74.0917 4.4539 3165 141.7
-74.075 4.4539 2931 141.4
-74.0583 4.4539 2689 149.6
-74.0417 4.4539 2575 158.7
-74.025 4.4539 2463 162.5
-74.0084 4.4539 2393 154.4
-73.9917 4.4539 2511 132.3
-73.975 4.4539 2509 98.9
-73.9583 4.4539 2329 59.6
-73.9417 4.4539 2165 25.2
-73.925 4.4539 2041 4.3
-73.9084 4.4539 1653 5.7
-73.8917 4.4539 1715 32.4
-73.875 4.4539 1811 81.7
-73.8583 4.4539 1919 147.5
-73.8417 4.4539 2095 216.1
-73.825 4.4539 2295 277.1
-73.8083 4.4539 2555 318.3
-73.7917 4.4539 3133 334.4
-73.775 4.4539 3689 325
-73.7584 4.4539 3697 294.9
-73.7417 4.4539 3669 254.8
-73.725 4.4539 3297 214.8
-73.7083 4.4539 2619 186.2
-73.6917 4.4539 2243 174.3
-73.675 4.4539 1841 180.5
-73.6584 4.4539 2045 201.4
-73.6417 4.4539 2499 228.1
-73.625 4.4539 3141 252.4
-73.6083 4.4539 3305 264.7
-73.5917 4.4539 2899 259.9
-73.575 4.4539 2493 236.6
-73.5583 4.4539 2079 197
-73.5417 4.4539 1673 148
-73.525 4.4539 1463 95.7
-73.5084 4.4539 1283 48.1
-73.4917 4.4539 1077 9.2
-73.475 4.4539 1077 -18
-73.4583 4.4539 745 -34.3
-73.4417 4.4539 635 -42.4
-73.425 4.4539 579 -45.4
-73.4084 4.4539 515 -46.7
-73.3917 4.4539 461 -48.3
-73.375 4.4539 435 -50.9
-73.3583 4.4539 433 -54.1
-73.3417 4.4539 407 -56.8
-73.325 4.4539 375 -58.2
-73.3083 4.4539 373 -57.7
-73.2917 4.4539 335 -55.6
-73.275 4.4539 503 -53.1
-73.2584 4.4539 719 -51.2
-73.2417 4.4539 893 -51.3
-73.225 4.4539 701 -53.6
-73.2083 4.4539 417 -57.9
-73.1917 4.4539 319 -63.5
-73.175 4.4539 273 -68.9
-73.1584 4.4539 247 -73.3
-73.1417 4.4539 239 -75.7
-73.125 4.4539 227 -76.2
-73.1083 4.4539 219 -75.1
-73.0917 4.4539 213 -73
-73.075 4.4539 207 -70.8
-73.0583 4.4539 203 -68.8
-73.0417 4.4539 201 -67
-73.025 4.4539 199 -65.3
-73.0084 4.4539 197 -63.2
-72.9917 4.4539 197 -60.4
-72.975 4.4539 197 -56.9
-72.9583 4.4539 197 -52.9
-72.9417 4.4539 197 -49.1
-72.925 4.4539 195 -46.1
-74.9084 4.4373 799 -77.2
-74.8917 4.4373 487 -81
-74.875 4.4373 469 -85
-74.8583 4.4373 347 -88.8
-74.8417 4.4373 299 -92
-74.825 4.4373 379 -94.4
-74.8083 4.4373 493 -96.1
-74.7917 4.4373 483 -97.3
-74.775 4.4373 563 -98.3
-74.7584 4.4373 723 -99.2
-74.7417 4.4373 535 -100.4
-74.725 4.4373 473 -102
-74.7083 4.4373 389 -103.8
-74.6917 4.4373 357 -105.9
-74.675 4.4373 335 -107.9
-74.6584 4.4373 343 -109.6
-74.6417 4.4373 367 -110.8
-74.625 4.4373 419 -111
-74.6083 4.4373 509 -109.9
-74.5917 4.4373 573 -107.1
-74.575 4.4373 471 -102
-74.5583 4.4373 521 -94
-74.5417 4.4373 627 -82.9
-74.525 4.4373 621 -68.1
-74.5084 4.4373 793 -50.1
-74.4917 4.4373 939 -29.1
-74.475 4.4373 1143 -6.9
-74.4583 4.4373 1477 15.5
-74.4417 4.4373 1843 35.8
-74.425 4.4373 2255 52.8
-74.4084 4.4373 2099 65.4
-74.3917 4.4373 1837 73.9
-74.375 4.4373 1753 80
-74.3583 4.4373 1907 86
-74.3417 4.4373 2051 95.4
-74.325 4.4373 2375 111
-74.3083 4.4373 2809 134.8
-74.2917 4.4373 2841 167.1
-74.275 4.4373 2925 205.2
-74.2584 4.4373 3185 245.5
-74.2417 4.4373 3319 281.3
-74.225 4.4373 3355 307.4
-74.2083 4.4373 3529 318.2
-74.1917 4.4373 3601 311.7
-74.175 4.4373 3377 289.1
-74.1584 4.4373 3077 253.8
-74.1417 4.4373 2951 213.4
-74.125 4.4373 3171 174.2
-74.1083 4.4373 3201 143.9
-74.0917 4.4373 2927 125.7
-74.075 4.4373 2661 120.2
-74.0583 4.4373 2493 124.2
-74.0417 4.4373 2273 131
-74.025 4.4373 2145 134.5
-74.0084 4.4373 2031 128.3
-73.9917 4.4373 2151 110
-73.975 4.4373 2063 81.7
-73.9583 4.4373 2083 48
-73.9417 4.4373 1881 18.9
-73.925 4.4373 1935 2.1
-73.9084 4.4373 1655 5.8
-73.8917 4.4373 1765 32.7
-73.875 4.4373 1865 80.3
-73.8583 4.4373 2135 142.6
-73.8417 4.4373 2291 206.7
-73.825 4.4373 2425 263
-73.8083 4.4373 2843 299.8
-73.7917 4.4373 3099 312.3
-73.775 4.4373 3443 300.3
-73.7584 4.4373 3389 268.3
-73.7417 4.4373 3423 227.2
-73.725 4.4373 3009 186.4
-73.7083 4.4373 2437 157.2
-73.6917 4.4373 2007 144.8
-73.675 4.4373 1751 150.6
-73.6584 4.4373 2193 171.3
-73.6417 4.4373 2791 198
-73.625 4.4373 3341 222.9
-73.6083 4.4373 3071 236.3
-73.5917 4.4373 2319 233.1
-73.575 4.4373 2173 211.9
-73.5583 4.4373 2517 174.4
-73.5417 4.4373 2253 127.7
-73.525 4.4373 2057 77.7
-73.5084 4.4373 1997 32.6
-73.4917 4.4373 1681 -3.7
-73.475 4.4373 1355 -28.2
-73.4583 4.4373 821 -41.5
-73.4417 4.4373 573 -46.5
-73.425 4.4373 539 -46.5
-73.4084 4.4373 565 -45.3
-73.3917 4.4373 531 -45.1
-73.375 4.4373 413 -46.9
-73.3583 4.4373 403 -50.6
-73.3417 4.4373 405 -54.7
-73.325 4.4373 367 -58.2
-73.3083 4.4373 333 -60
-73.2917 4.4373 485 -60
-73.275 4.4373 589 -58.9
-73.2584 4.4373 813 -57.6
-73.2417 4.4373 705 -57.2
-73.225 4.4373 501 -58.2
-73.2083 4.4373 351 -60.9
-73.1917 4.4373 287 -64.7
-73.175 4.4373 257 -68.7
-73.1584 4.4373 241 -72.2
-73.1417 4.4373 231 -74.3
-73.125 4.4373 223 -74.9
-73.1083 4.4373 217 -74.2
-73.0917 4.4373 209 -72.5
-73.075 4.4373 205 -70.5
-73.0583 4.4373 201 -68.3
-73.0417 4.4373 199 -66.2
-73.025 4.4373 197 -63.8
-73.0084 4.4373 195 -61.1
-72.9917 4.4373 195 -57.7
-72.975 4.4373 193 -53.8
-72.9583 4.4373 195 -49.6
-72.9417 4.4373 193 -45.9
-72.925 4.4373 191 -43
-74.9084 4.4207 739 -78.7
-74.8917 4.4207 475 -82.9
-74.875 4.4207 411 -87
-74.8583 4.4207 293 -90.4
-74.8417 4.4207 273 -92.8
-74.825 4.4207 383 -94.5
-74.8083 4.4207 403 -95.6
-74.7917 4.4207 521 -96.4
-74.775 4.4207 615 -97.5
-74.7584 4.4207 455 -99.1
-74.7417 4.4207 363 -101.2
-74.725 4.4207 363 -104
-74.7083 4.4207 333 -107
-74.6917 4.4207 315 -110
-74.675 4.4207 325 -112.4
-74.6584 4.4207 357 -113.7
-74.6417 4.4207 365 -113.5
-74.625 4.4207 381 -111.5
-74.6083 4.4207 569 -107.3
-74.5917 4.4207 659 -100.9
-74.575 4.4207 503 -92.1
-74.5583 4.4207 521 -80.8
-74.5417 4.4207 605 -67.3
-74.525 4.4207 693 -51.4
-74.5084 4.4207 879 -33.9
-74.4917 4.4207 1107 -15.4
-74.475 4.4207 1265 2.8
-74.4583 4.4207 1529 19.7
-74.4417 4.4207 1981 33.8
-74.425 4.4207 2135 44.6
-74.4084 4.4207 1869 51.8
-74.3917 4.4207 1655 56.3
-74.375 4.4207 1613 60.3
-74.3583 4.4207 1833 66.4
-74.3417 4.4207 2049 77.8
-74.325 4.4207 2329 97.1
-74.3083 4.4207 2653 125.6
-74.2917 4.4207 2751 163.2
-74.275 4.4207 2959 206.1
-74.2584 4.4207 3203 250.7
-74.2417 4.4207 3285 289.7
-74.225 4.4207 3465 317.9
-74.2083 4.4207 3659 329.8
-74.1917 4.4207 3605 323.4
-74.175 4.4207 3409 300
-74.1584 4.4207 3209 263.1
-74.1417 4.4207 3005 220.4
-74.125 4.4207 3211 178.2
-74.1083 4.4207 3271 144.2
-74.0917 4.4207 3057 122.1
-74.075 4.4207 2629 112.7
-74.0583 4.4207 2283 113.4
-74.0417 4.4207 2207 118
-74.025 4.4207 2187 120.7
-74.0084 4.4207 2197 115.4
-73.9917 4.4207 1951 99.6
-73.975 4.4207 1757 74.7
-73.9583 4.4207 1713 44.9
-73.9417 4.4207 1597 19.1
-73.925 4.4207 1609 4.4
-73.9084 4.4207 1647 8.4
-73.8917 4.4207 1883 33.7
-73.875 4.4207 2169 78
-73.8583 4.4207 2425 135.8
-73.8417 4.4207 2727 195
-73.825 4.4207 2717 246.7
-73.8083 4.4207 2965 279.7
-73.7917 4.4207 2799 289.6
-73.775 4.4207 2881 276
-73.7584 4.4207 3133 243.4
-73.7417 4.4207 3061 201.8
-73.725 4.4207 2439 160.5
-73.7083 4.4207 1889 130.4
-73.6917 4.4207 1565 116.5
-73.675 4.4207 1821 120.6
-73.6584 4.4207 2473 139.6
-73.6417 4.4207 3051 165.2
-73.625 4.4207 3305 189.9
-73.6083 4.4207 2647 204.2
-73.5917 4.4207 2117 203.1
-73.575 4.4207 1673 184.8
-73.5583 4.4207 2315 151.1
-73.5417 4.4207 2359 108.3
-73.525 4.4207 1747 62
-73.5084 4.4207 1813 20.2
-73.4917 4.4207 1477 -13.1
-73.475 4.4207 1069 -35.1
-73.4583 4.4207 737 -46.2
-73.4417 4.4207 585 -49.4
-73.425 4.4207 519 -47.8
-73.4084 4.4207 473 -45.4
-73.3917 4.4207 447 -44.4
-73.375 4.4207 411 -46.1
-73.3583 4.4207 397 -50.3
-73.3417 4.4207 395 -55.4
-73.325 4.4207 397 -60.3
-73.3083 4.4207 371 -63.6
-73.2917 4.4207 503 -65
-73.275 4.4207 709 -64.6
-73.2584 4.4207 675 -63.3
-73.2417 4.4207 485 -62.3
-73.225 4.4207 345 -62.2
-73.2083 4.4207 291 -63.5
-73.1917 4.4207 263 -65.9
-73.175 4.4207 247 -68.8
-73.1584 4.4207 235 -71.5
-73.1417 4.4207 225 -73.4
-73.125 4.4207 219 -74.1
-73.1083 4.4207 215 -73.7
-73.0917 4.4207 209 -72.3
-73.075 4.4207 203 -70.3
-73.0583 4.4207 199 -68
-73.0417 4.4207 197 -65.5
-73.025 4.4207 195 -62.7
-73.0084 4.4207 193 -59.5
-72.9917 4.4207 191 -55.8
-72.975 4.4207 191 -51.8
-72.9583 4.4207 193 -47.7
-72.9417 4.4207 191 -44.1
-72.925 4.4207 189 -41.4
-74.9084 4.4041 731 -81.6
-74.8917 4.4041 491 -86.3
-74.875 4.4041 375 -90.3
-74.8583 4.4041 419 -93.2
-74.8417 4.4041 343 -94.9
-74.825 4.4041 271 -95.8
-74.8083 4.4041 409 -96.3
-74.7917 4.4041 593 -96.9
-74.775 4.4041 383 -98.2
-74.7584 4.4041 327 -100.3
-74.7417 4.4041 315 -103.3
-74.725 4.4041 307 -107
-74.7083 4.4041 305 -110.9
-74.6917 4.4041 319 -114.4
-74.675 4.4041 361 -116.7
-74.6584 4.4041 353 -117.2
-74.6417 4.4041 365 -115.3
-74.625 4.4041 393 -110.8
-74.6083 4.4041 551 -103.6
-74.5917 4.4041 741 -93.8
-74.575 4.4041 549 -81.7
-74.5583 4.4041 603 -67.6
-74.5417 4.4041 691 -52
-74.525 4.4041 805 -35.5
-74.5084 4.4041 1045 -19
-74.4917 4.4041 1153 -3
-74.475 4.4041 1417 11.2
-74.4583 4.4041 1719 23
-74.4417 4.4041 2059 31.5
-74.425 4.4041 1891 36.8
-74.4084 4.4041 1627 39.3
-74.3917 4.4041 1485 40.4
-74.375 4.4041 1565 42.7
-74.3583 4.4041 1689 48.8
-74.3417 4.4041 1819 61.8
-74.325 4.4041 2091 84
-74.3083 4.4041 2255 115.9
-74.2917 4.4041 2533 157.1
-74.275 4.4041 2951 203.5
-74.2584 4.4041 3163 251.1
-74.2417 4.4041 3271 292.7
-74.225 4.4041 3501 323.3
-74.2083 4.4041 3653 337.3
-74.1917 4.4041 3457 333
-74.175 4.4041 3293 311.6
-74.1584 4.4041 3201 276.4
-74.1417 4.4041 3037 234.9
-74.125 4.4041 3153 193.1
-74.1083 4.4041 3175 158.6
-74.0917 4.4041 3033 135
-74.075 4.4041 2729 123.5
-74.0583 4.4041 2385 121.7
-74.0417 4.4041 2471 124.2
-74.025 4.4041 2385 125.4
-74.0084 4.4041 2443 119.7
-73.9917 4.4041 2155 104.5
-73.975 4.4041 2023 80.9
-73.9583 4.4041 1989 52.7
-73.9417 4.4041 1763 27.8
-73.925 4.4041 1853 12.9
-73.9084 4.4041 1549 15.1
-73.8917 4.4041 2131 37
-73.875 4.4041 2325 76.6
-73.8583 4.4041 2559 129.1
-73.8417 4.4041 2771 183.3
-73.825 4.4041 2975 230.9
-73.8083 4.4041 3001 261.2
-73.7917 4.4041 2611 270
-73.775 4.4041 2399 256.5
-73.7584 4.4041 2403 224.7
-73.7417 4.4041 2605 183.8
-73.725 4.4041 2451 142.6
-73.7083 4.4041 1973 111.3
-73.6917 4.4041 1453 95.1
-73.675 4.4041 1881 96.1
-73.6584 4.4041 2321 111.6
-73.6417 4.4041 2605 134.4
-73.625 4.4041 2759 157.3
-73.6083 4.4041 2407 171.5
-73.5917 4.4041 2075 172.1
-73.575 4.4041 1553 156.9
-73.5583 4.4041 2155 127.4
-73.5417 4.4041 2057 89.2
-73.525 4.4041 1683 47.4
-73.5084 4.4041 1209 9.5
-73.4917 4.4041 1107 -20.9
-73.475 4.4041 827 -40.7
-73.4583 4.4041 685 -50.5
-73.4417 4.4041 581 -52.9
-73.425 4.4041 565 -50.8
-73.4084 4.4041 535 -48.1
-73.3917 4.4041 475 -47
-73.375 4.4041 455 -48.7
-73.3583 4.4041 433 -53.1
-73.3417 4.4041 393 -58.6
-73.325 4.4041 495 -64
-73.3083 4.4041 441 -67.9
-73.2917 4.4041 395 -69.7
-73.275 4.4041 459 -69.5
-73.2584 4.4041 375 -68.1
-73.2417 4.4041 319 -66.5
-73.225 4.4041 293 -65.6
-73.2083 4.4041 277 -65.9
-73.1917 4.4041 253 -67.3
-73.175 4.4041 239 -69.4
-73.1584 4.4041 227 -71.7
-73.1417 4.4041 219 -73.4
-73.125 4.4041 215 -74.1
-73.1083 4.4041 211 -73.8
-73.0917 4.4041 207 -72.5
-73.075 4.4041 201 -70.5
-73.0583 4.4041 197 -68.1
-73.0417 4.4041 195 -65.4
-73.025 4.4041 193 -62.3
-73.0084 4.4041 191 -59
-72.9917 4.4041 189 -55.4
-72.975 4.4041 189 -51.5
-72.9583 4.4041 189 -47.8
-72.9417 4.4041 187 -44.5
-72.925 4.4041 185 -42.1
-74.9084 4.3875 569 -85.9
-74.8917 4.3875 467 -90.9
-74.875 4.3875 533 -94.6
-74.8583 4.3875 469 -97
-74.8417 4.3875 271 -98.1
-74.825 4.3875 327 -98.4
-74.8083 4.3875 577 -98.4
-74.7917 4.3875 397 -98.9
-74.775 4.3875 297 -100.3
-74.7584 4.3875 289 -102.9
-74.7417 4.3875 289 -106.6
-74.725 4.3875 299 -111.1
-74.7083 4.3875 325 -115.5
-74.6917 4.3875 371 -119.1
-74.675 4.3875 377 -120.9
-74.6584 4.3875 375 -120.3
-74.6417 4.3875 383 -116.7
-74.625 4.3875 431 -109.9
-74.6083 4.3875 501 -100.1
-74.5917 4.3875 771 -87.4
-74.575 4.3875 753 -72.7
-74.5583 4.3875 879 -56.4
-74.5417 4.3875 891 -39.7
-74.525 4.3875 941 -23.1
-74.5084 4.3875 1219 -7.7
-74.4917 4.3875 1357 5.8
-74.475 4.3875 1585 16.5
-74.4583 4.3875 2059 23.9
-74.4417 4.3875 2003 27.9
-74.425 4.3875 1621 28.8
-74.4084 4.3875 1411 27.8
-74.3917 4.3875 1401 26.5
-74.375 4.3875 1527 27.8
-74.3583 4.3875 1657 34.1
-74.3417 4.3875 1821 48.4
-74.325 4.3875 2023 72.4
-74.3083 4.3875 2195 106.5
-74.2917 4.3875 2589 149.8
-74.275 4.3875 2955 198.1
-74.2584 4.3875 3211 247.6
-74.2417 4.3875 3419 291.2
-74.225 4.3875 3619 324.2
-74.2083 4.3875 3655 341.4
-74.1917 4.3875 3363 341.1
-74.175 4.3875 3161 324.2
-74.1584 4.3875 3143 293.9
-74.1417 4.3875 3065 256.9
-74.125 4.3875 3133 218.8
-74.1083 4.3875 3243 186.7
-74.0917 4.3875 3189 164
-74.075 4.3875 2723 151.8
-74.0583 4.3875 2555 148.3
-74.0417 4.3875 2709 148.5
-74.025 4.3875 2611 147.6
-74.0084 4.3875 2653 140.2
-73.9917 4.3875 2519 124
-73.975 4.3875 2281 99.8
-73.9583 4.3875 2351 71.1
-73.9417 4.3875 2171 45.1
-73.925 4.3875 2155 28
-73.9084 4.3875 1539 26.6
-73.8917 4.3875 1977 43.6
-73.875 4.3875 2405 77.5
-73.8583 4.3875 2331 124.1
-73.8417 4.3875 2373 173.3
-73.825 4.3875 2549 217.3
-73.8083 4.3875 2783 246.2
-73.7917 4.3875 2847 255.3
-73.775 4.3875 2515 243.7
-73.7584 4.3875 2157 214.2
-73.7417 4.3875 2067 175.3
-73.725 4.3875 2469 134.8
-73.7083 4.3875 2119 102.4
-73.6917 4.3875 1521 83.2
-73.675 4.3875 1619 79.7
-73.6584 4.3875 1757 90
-73.6417 4.3875 2231 108
-73.625 4.3875 2489 127.3
-73.6083 4.3875 1901 139.9
-73.5917 4.3875 1561 141
-73.575 4.3875 1281 128.4
-73.5583 4.3875 1881 103
-73.5417 4.3875 1905 69.5
-73.525 4.3875 1475 32.6
-73.5084 4.3875 1005 -1.2
-73.4917 4.3875 761 -28.5
-73.475 4.3875 699 -46.5
-73.4583 4.3875 619 -55.4
-73.4417 4.3875 541 -57.6
-73.425 4.3875 577 -55.7
-73.4084 4.3875 579 -53.3
-73.3917 4.3875 499 -52.3
-73.375 4.3875 497 -54
-73.3583 4.3875 511 -58.1
-73.3417 4.3875 503 -63.4
-73.325 4.3875 611 -68.6
-73.3083 4.3875 453 -72.2
-73.2917 4.3875 291 -73.8
-73.275 4.3875 291 -73.5
-73.2584 4.3875 293 -71.8
-73.2417 4.3875 277 -69.8
-73.225 4.3875 271 -68.4
-73.2083 4.3875 261 -68.1
-73.1917 4.3875 245 -69
-73.175 4.3875 233 -70.7
-73.1584 4.3875 223 -72.7
-73.1417 4.3875 217 -74.1
-73.125 4.3875 215 -74.8
-73.1083 4.3875 207 -74.4
-73.0917 4.3875 205 -73
-73.075 4.3875 201 -70.9
-73.0583 4.3875 197 -68.3
-73.0417 4.3875 197 -65.5
-73.025 4.3875 195 -62.6
-73.0084 4.3875 189 -59.5
-72.9917 4.3875 187 -56.3
-72.975 4.3875 185 -53
-72.9583 4.3875 185 -49.8
-72.9417 4.3875 187 -47
-72.925 4.3875 183 -44.7
-74.9084 4.3708 653 -90.9
-74.8917 4.3708 649 -96
-74.875 4.3708 431 -99.6
-74.8583 4.3708 345 -101.5
-74.8417 4.3708 325 -102
-74.825 4.3708 517 -101.8
-74.8083 4.3708 475 -101.6
-74.7917 4.3708 319 -102
-74.775 4.3708 287 -103.7
-74.7584 4.3708 325 -106.8
-74.7417 4.3708 303 -111
-74.725 4.3708 323 -115.9
-74.7083 4.3708 347 -120.4
-74.6917 4.3708 363 -123.9
-74.675 4.3708 409 -125.1
-74.6584 4.3708 379 -123.4
-74.6417 4.3708 465 -118.4
-74.625 4.3708 561 -109.8
-74.6083 4.3708 739 -98.1
-74.5917 4.3708 881 -83.6
-74.575 4.3708 943 -67.3
-74.5583 4.3708 1057 -50
-74.5417 4.3708 1211 -32.9
-74.525 4.3708 1243 -16.8
-74.5084 4.3708 1555 -2.8
-74.4917 4.3708 1615 8.5
-74.475 4.3708 1779 16.4
-74.4583 4.3708 2079 20.7
-74.4417 4.3708 1721 21.6
-74.425 4.3708 1391 19.9
-74.4084 4.3708 1337 17.1
-74.3917 4.3708 1443 15
-74.375 4.3708 1569 16.2
-74.3583 4.3708 1755 23.2
-74.3417 4.3708 1937 38.6
-74.325 4.3708 2331 63.8
-74.3083 4.3708 2351 98.8
-74.2917 4.3708 2639 142.7
-74.275 4.3708 3093 191.5
-74.2584 4.3708 3349 241.5
-74.2417 4.3708 3517 286.3
-74.225 4.3708 3697 321.6
-74.2083 4.3708 3619 342.5
-74.1917 4.3708 3325 347.5
-74.175 4.3708 3241 337.1
-74.1584 4.3708 3361 314.1
-74.1417 4.3708 3205 284.3
-74.125 4.3708 3279 252.5
-74.1083 4.3708 3407 225
-74.0917 4.3708 3203 204.8
-74.075 4.3708 2933 193.2
-74.0583 4.3708 2831 188.5
-74.0417 4.3708 2945 186.5
-74.025 4.3708 2875 182.8
-74.0084 4.3708 2873 172.8
-73.9917 4.3708 2861 154.3
-73.975 4.3708 2569 128.2
-73.9583 4.3708 2691 97.5
-73.9417 4.3708 2463 69
-73.925 4.3708 2325 48.5
-73.9084 4.3708 1755 42.5
-73.8917 4.3708 1603 53.7
-73.875 4.3708 2041 81.4
-73.8583 4.3708 2011 122
-73.8417 4.3708 1975 166.6
-73.825 4.3708 2309 207.9
-73.8083 4.3708 2841 236.3
-73.7917 4.3708 3097 247.2
-73.775 4.3708 2745 238.9
-73.7584 4.3708 2313 213.3
-73.7417 4.3708 1859 177.5
-73.725 4.3708 1815 138.4
-73.7083 4.3708 1827 105
-73.6917 4.3708 1773 82.2
-73.675 4.3708 1331 73.1
-73.6584 4.3708 1553 76.6
-73.6417 4.3708 2039 87.9
-73.625 4.3708 2315 101.7
-73.6083 4.3708 2269 110.8
-73.5917 4.3708 1735 111
-73.575 4.3708 1435 99.8
-73.5583 4.3708 1259 77.9
-73.5417 4.3708 1395 48.9
-73.525 4.3708 1227 16.7
-73.5084 4.3708 847 -12.9
-73.4917 4.3708 649 -37.1
-73.475 4.3708 573 -53.1
-73.4583 4.3708 535 -61.4
-73.4417 4.3708 491 -63.6
-73.425 4.3708 517 -62.1
-73.4084 4.3708 437 -60.1
-73.3917 4.3708 451 -59.2
-73.375 4.3708 497 -60.5
-73.3583 4.3708 537 -64
-73.3417 4.3708 521 -68.4
-73.325 4.3708 421 -72.8
-73.3083 4.3708 329 -75.7
-73.2917 4.3708 281 -76.7
-73.275 4.3708 273 -76
-73.2584 4.3708 271 -74.1
-73.2417 4.3708 267 -72.1
-73.225 4.3708 257 -70.6
-73.2083 4.3708 247 -70.2
-73.1917 4.3708 237 -70.9
-73.175 4.3708 227 -72.4
-73.1584 4.3708 221 -74.1
-73.1417 4.3708 215 -75.2
-73.125 4.3708 211 -75.6
-73.1083 4.3708 205 -74.9
-73.0917 4.3708 203 -73.2
-73.075 4.3708 201 -71
-73.0583 4.3708 197 -68.4
-73.0417 4.3708 195 -65.7
-73.025 4.3708 193 -63.1
-73.0084 4.3708 191 -60.6
-72.9917 4.3708 187 -58.1
-72.975 4.3708 185 -55.6
-72.9583 4.3708 185 -53.2
-72.9417 4.3708 183 -50.9
-72.925 4.3708 183 -48.9
-74.9084 4.3542 677 -96.1
-74.8917 4.3542 657 -101.2
-74.875 4.3542 463 -104.4
-74.8583 4.3542 297 -105.9
-74.8417 4.3542 477 -106.1
-74.825 4.3542 493 -105.7
-74.8083 4.3542 347 -105.4
-74.7917 4.3542 301 -106.1
-74.775 4.3542 283 -108.1
-74.7584 4.3542 287 -111.6
-74.7417 4.3542 297 -116.2
-74.725 4.3542 321 -121.2
-74.7083 4.3542 325 -125.7
-74.6917 4.3542 371 -128.7
-74.675 4.3542 485 -129.2
-74.6584 4.3542 373 -126.6
-74.6417 4.3542 535 -120.5
-74.625 4.3542 805 -110.9
-74.6083 4.3542 819 -98.2
-74.5917 4.3542 719 -82.9
-74.575 4.3542 651 -66.3
-74.5583 4.3542 705 -49
-74.5417 4.3542 903 -32.5
-74.525 4.3542 1223 -17.5
-74.5084 4.3542 1573 -5
-74.4917 4.3542 1673 4.4
-74.475 4.3542 1681 10.4
-74.4583 4.3542 1795 12.9
-74.4417 4.3542 1483 12.4
-74.425 4.3542 1233 9.9
-74.4084 4.3542 1415 7.1
-74.3917 4.3542 1547 5.6
-74.375 4.3542 1611 8
-74.3583 4.3542 1773 16.4
-74.3417 4.3542 2091 33
-74.325 4.3542 2365 58.9
-74.3083 4.3542 2461 94
-74.2917 4.3542 2779 137.3
-74.275 4.3542 2955 185.1
-74.2584 4.3542 3135 234.5
-74.2417 4.3542 3363 279.5
-74.225 4.3542 3641 316.6
-74.2083 4.3542 3587 341.1
-74.1917 4.3542 3367 351.9
-74.175 4.3542 3325 349
-74.1584 4.3542 3519 334.7
-74.1417 4.3542 3323 313.4
-74.125 4.3542 3449 289.4
-74.1083 4.3542 3589 267.8
-74.0917 4.3542 3359 251.3
-74.075 4.3542 3237 240.9
-74.0583 4.3542 3103 235.2
-74.0417 4.3542 3073 230.9
-74.025 4.3542 3051 224.2
-74.0084 4.3542 3073 211.1
-73.9917 4.3542 3041 189.8
-73.975 4.3542 2735 161.2
-73.9583 4.3542 2837 128
-73.9417 4.3542 2363 96.6
-73.925 4.3542 1937 72.3
-73.9084 4.3542 1681 61.3
-73.8917 4.3542 1679 66.7
-73.875 4.3542 1631 88.1
-73.8583 4.3542 1761 122.9
-73.8417 4.3542 2003 163.1
-73.825 4.3542 2577 202.2
-73.8083 4.3542 3199 231
-73.7917 4.3542 3389 244.7
-73.775 4.3542 2849 240.8
-73.7584 4.3542 2295 220.2
-73.7417 4.3542 1889 188.5
-73.725 4.3542 1797 151.4
-73.7083 4.3542 2065 117.2
-73.6917 4.3542 2229 90.5
-73.675 4.3542 1601 75
-73.6584 4.3542 1165 70.5
-73.6417 4.3542 1457 73.6
-73.625 4.3542 1703 80
-73.6083 4.3542 2245 84
-73.5917 4.3542 2105 81.8
-73.575 4.3542 1677 71.1
-73.5583 4.3542 1089 51.8
-73.5417 4.3542 1057 26.9
-73.525 4.3542 805 -0.6
-73.5084 4.3542 653 -26
-73.4917 4.3542 569 -46.8
-73.475 4.3542 513 -60.8
-73.4583 4.3542 475 -68.1
-73.4417 4.3542 447 -70.1
-73.425 4.3542 419 -69
-73.4084 4.3542 445 -67.2
-73.3917 4.3542 481 -66.3
-73.375 4.3542 377 -67.1
-73.3583 4.3542 361 -69.7
-73.3417 4.3542 399 -72.9
-73.325 4.3542 395 -76
-73.3083 4.3542 323 -77.9
-73.2917 4.3542 279 -78.2
-73.275 4.3542 269 -77.2
-73.2584 4.3542 261 -75.3
-73.2417 4.3542 253 -73.4
-73.225 4.3542 247 -72.1
-73.2083 4.3542 241 -71.9
-73.1917 4.3542 235 -72.7
-73.175 4.3542 225 -74
-73.1584 4.3542 219 -75.4
-73.1417 4.3542 211 -76.1
-73.125 4.3542 209 -76
-73.1083 4.3542 203 -74.8
-73.0917 4.3542 201 -72.8
-73.075 4.3542 197 -70.3
-73.0583 4.3542 195 -67.8
-73.0417 4.3542 193 -65.5
-73.025 4.3542 193 -63.5
-73.0084 4.3542 193 -61.8
-72.9917 4.3542 189 -60.2
-72.975 4.3542 185 -58.7
-72.9583 4.3542 185 -57.1
-72.9417 4.3542 183 -55.3
-72.925 4.3542 181 -53.4
-74.9084 4.3376 573 -100.7
-74.8917 4.3376 623 -105.5
-74.875 4.3376 413 -108.5
-74.8583 4.3376 297 -109.7
-74.8417 4.3376 465 -109.8
-74.825 4.3376 431 -109.4
-74.8083 4.3376 337 -109.4
-74.7917 4.3376 285 -110.4
-74.775 4.3376 283 -112.8
-74.7584 4.3376 283 -116.6
-74.7417 4.3376 289 -121.4
-74.725 4.3376 301 -126.4
-74.7083 4.3376 315 -130.6
-74.6917 4.3376 399 -133.1
-74.675 4.3376 501 -133
-74.6584 4.3376 365 -129.7
-74.6417 4.3376 635 -123.1
-74.625 4.3376 679 -113.1
-74.6083 4.3376 521 -100.4
-74.5917 4.3376 515 -85.5
-74.575 4.3376 555 -69.6
-74.5583 4.3376 725 -53.5
-74.5417 4.3376 1003 -38.4
-74.525 4.3376 1373 -25
-74.5084 4.3376 1811 -14.1
-74.4917 4.3376 1615 -6.2
-74.475 4.3376 1467 -1.3
-74.4583 4.3376 1537 0.7
-74.4417 4.3376 1221 0.5
-74.425 4.3376 1287 -0.9
-74.4084 4.3376 1497 -2
-74.3917 4.3376 1577 -1.1
-74.375 4.3376 1657 3.9
-74.3583 4.3376 1783 14.7
-74.3417 4.3376 2139 32.9
-74.325 4.3376 2293 59.5
-74.3083 4.3376 2423 94.1
-74.2917 4.3376 2663 135.9
-74.275 4.3376 2745 181.7
-74.2584 4.3376 2861 229
-74.2417 4.3376 3075 273
-74.225 4.3376 3549 310.6
-74.2083 4.3376 3579 337.9
-74.1917 4.3376 3485 353.6
-74.175 4.3376 3415 357.6
-74.1584 4.3376 3587 351.5
-74.1417 4.3376 3449 338.6
-74.125 4.3376 3639 322.2
-74.1083 4.3376 3665 306.5
-74.0917 4.3376 3515 293.4
-74.075 4.3376 3435 284.2
-74.0583 4.3376 3281 277.6
-74.0417 4.3376 3237 271.1
-74.025 4.3376 3233 261.4
-74.0084 4.3376 2997 245.5
-73.9917 4.3376 2709 221.8
-73.975 4.3376 2551 191.3
-73.9583 4.3376 2665 156.4
-73.9417 4.3376 2173 122.8
-73.925 4.3376 1771 95.4
-73.9084 4.3376 1709 80.3
-73.8917 4.3376 1551 80.4
-73.875 4.3376 1457 96.2
-73.8583 4.3376 1607 125.6
-73.8417 4.3376 2093 161.8
-73.825 4.3376 2871 199
-73.8083 4.3376 3049 228.5
-73.7917 4.3376 3237 245.5
-73.775 4.3376 2993 246.3
-73.7584 4.3376 2257 231.2
-73.7417 4.3376 2097 204
-73.725 4.3376 2253 169.4
-73.7083 4.3376 2299 134.7
-73.6917 4.3376 2291 104.3
-73.675 4.3376 1937 82.3
-73.6584 4.3376 1161 69.2
-73.6417 4.3376 1315 63.4
-73.625 4.3376 1641 61.7
-73.6083 4.3376 2191 59.6
-73.5917 4.3376 1991 54
-73.575 4.3376 1389 42.7
-73.5583 4.3376 895 25.5
-73.5417 4.3376 869 4.3
-73.525 4.3376 665 -18.7
-73.5084 4.3376 577 -39.7
-73.4917 4.3376 515 -56.9
-73.475 4.3376 479 -68.4
-73.4583 4.3376 455 -74.4
-73.4417 4.3376 453 -76
-73.425 4.3376 413 -74.9
-73.4084 4.3376 421 -73.2
-73.3917 4.3376 359 -72
-73.375 4.3376 325 -72.2
-73.3583 4.3376 371 -73.7
-73.3417 4.3376 393 -75.8
-73.325 4.3376 383 -77.7
-73.3083 4.3376 337 -78.6
-73.2917 4.3376 277 -78.3
-73.275 4.3376 267 -77.1
-73.2584 4.3376 259 -75.3
-73.2417 4.3376 249 -73.8
-73.225 4.3376 243 -73
-73.2083 4.3376 237 -73.1
-73.1917 4.3376 231 -73.9
-73.175 4.3376 223 -75.1
-73.1584 4.3376 217 -76
-73.1417 4.3376 211 -76.2
-73.125 4.3376 205 -75.4
-73.1083 4.3376 203 -73.6
-73.0917 4.3376 199 -71.2
-73.075 4.3376 195 -68.5
-73.0583 4.3376 193 -66.1
-73.0417 4.3376 191 -64.3
-73.025 4.3376 191 -63
-73.0084 4.3376 189 -62.2
-72.9917 4.3376 187 -61.7
-72.975 4.3376 183 -61.1
-72.9583 4.3376 183 -60.2
-72.9417 4.3376 183 -58.9
-72.925 4.3376 181 -57.2
-74.9084 4.321 451 -104.3
-74.8917 4.321 485 -108.7
-74.875 4.321 313 -111.4
-74.8583 4.321 361 -112.6
-74.8417 4.321 501 -112.8
-74.825 4.321 373 -112.7
-74.8083 4.321 347 -113.1
-74.7917 4.321 289 -114.5
-74.775 4.321 279 -117.4
-74.7584 4.321 281 -121.4
-74.7417 4.321 287 -126.2
-74.725 4.321 293 -131
-74.7083 4.321 323 -134.8
-74.6917 4.321 515 -136.7
-74.675 4.321 409 -136.1
-74.6584 4.321 403 -132.4
-74.6417 4.321 573 -125.6
-74.625 4.321 451 -115.9
-74.6083 4.321 407 -103.9
-74.5917 4.321 477 -90.3
-74.575 4.321 587 -76.1
-74.5583 4.321 815 -61.9
-74.5417 4.321 1327 -49
-74.525 4.321 1457 -37.6
-74.5084 4.321 1509 -28.4
-74.4917 4.321 1621 -21.6
-74.475 4.321 1303 -17.1
-74.4583 4.321 1251 -14.4
-74.4417 4.321 1089 -13
-74.425 4.321 1311 -11.7
-74.4084 4.321 1459 -9.3
-74.3917 4.321 1565 -4.4
-74.375 4.321 1681 4.5
-74.3583 4.321 1811 18.8
-74.3417 4.321 2035 39.3
-74.325 4.321 2121 66.9
-74.3083 4.321 2327 100.8
-74.2917 4.321 2457 140.4
-74.275 4.321 2591 183.2
-74.2584 4.321 2723 227.3
-74.2417 4.321 3089 268.7
-74.225 4.321 3497 305.1
-74.2083 4.321 3641 333.4
-74.1917 4.321 3639 352.4
-74.175 4.321 3471 361.5
-74.1584 4.321 3617 362
-74.1417 4.321 3583 355.9
-74.125 4.321 3693 345.9
-74.1083 4.321 3707 334.9
-74.0917 4.321 3581 324.7
-74.075 4.321 3555 316.1
-74.0583 4.321 3449 308.4
-74.0417 4.321 3401 299.7
-74.025 4.321 3267 287.6
-74.0084 4.321 2921 269.7
-73.9917 4.321 2415 244.6
-73.975 4.321 2275 213.5
-73.9583 4.321 2203 178.2
-73.9417 4.321 1939 144
-73.925 4.321 1713 115
-73.9084 4.321 2153 97
-73.8917 4.321 1965 93
-73.875 4.321 1565 103.9
-73.8583 4.321 1623 128.4
-73.8417 4.321 2261 160.9
-73.825 4.321 2743 196.1
-73.8083 4.321 2619 226.2
-73.7917 4.321 3051 246.1
-73.775 4.321 2917 251.6
-73.7584 4.321 2257 241.9
-73.7417 4.321 2451 219.5
-73.725 4.321 2773 187.7
-73.7083 4.321 2743 153
-73.6917 4.321 2275 119.3
-73.675 4.321 1959 91.2
-73.6584 4.321 1235 69.9
-73.6417 4.321 1049 55.2
-73.625 4.321 1729 45.1
-73.6083 4.321 2165 36.6
-73.5917 4.321 1939 27.2
-73.575 4.321 1339 15
-73.5583 4.321 811 -0.6
-73.5417 4.321 735 -18.4
-73.525 4.321 603 -36.8
-73.5084 4.321 559 -53.4
-73.4917 4.321 527 -66.6
-73.475 4.321 455 -75.3
-73.4583 4.321 447 -79.5
-73.4417 4.321 433 -80.3
-73.425 4.321 423 -79
-73.4084 4.321 371 -77.1
-73.3917 4.321 323 -75.7
-73.375 4.321 315 -75.3
-73.3583 4.321 331 -75.9
-73.3417 4.321 335 -77
-73.325 4.321 329 -77.8
-73.3083 4.321 317 -78
-73.2917 4.321 275 -77.3
-73.275 4.321 261 -76.1
-73.2584 4.321 255 -74.6
-73.2417 4.321 249 -73.5
-73.225 4.321 241 -73.2
-73.2083 4.321 235 -73.5
-73.1917 4.321 227 -74.4
-73.175 4.321 221 -75.2
-73.1584 4.321 217 -75.6
-73.1417 4.321 209 -75.1
-73.125 4.321 203 -73.5
-73.1083 4.321 201 -71.1
-73.0917 4.321 197 -68.3
-73.075 4.321 195 -65.6
-73.0583 4.321 195 -63.4
-73.0417 4.321 195 -62.1
-73.025 4.321 191 -61.6
-73.0084 4.321 189 -61.7
-72.9917 4.321 187 -62.1
-72.975 4.321 185 -62.3
-72.9583 4.321 185 -62
-72.9417 4.321 183 -61.1
-72.925 4.321 181 -59.4
-74.9084 4.3044 401 -106.4
-74.8917 4.3044 285 -110.5
-74.875 4.3044 279 -113.1
-74.8583 4.3044 561 -114.4
-74.8417 4.3044 407 -114.9
-74.825 4.3044 341 -115.2
-74.8083 4.3044 289 -116.2
-74.7917 4.3044 281 -118.1
-74.775 4.3044 279 -121.2
-74.7584 4.3044 277 -125.4
-74.7417 4.3044 281 -130
-74.725 4.3044 297 -134.4
-74.7083 4.3044 369 -137.7
-74.6917 4.3044 503 -139
-74.675 4.3044 449 -137.8
-74.6584 4.3044 331 -133.9
-74.6417 4.3044 345 -127.2
-74.625 4.3044 357 -118.2
-74.6083 4.3044 369 -107.4
-74.5917 4.3044 457 -95.5
-74.575 4.3044 607 -83.5
-74.5583 4.3044 1019 -71.9
-74.5417 4.3044 1387 -61.3
-74.525 4.3044 1279 -52.1
-74.5084 4.3044 1083 -44.6
-74.4917 4.3044 1155 -38.6
-74.475 4.3044 1103 -33.9
-74.4583 4.3044 971 -29.8
-74.4417 4.3044 1243 -25.6
-74.425 4.3044 1285 -20.5
-74.4084 4.3044 1433 -13.4
-74.3917 4.3044 1637 -3.2
-74.375 4.3044 1735 10.7
-74.3583 4.3044 1837 29.5
-74.3417 4.3044 1953 53.2
-74.325 4.3044 2081 82.2
-74.3083 4.3044 2189 115.6
-74.2917 4.3044 2311 152.9
-74.275 4.3044 2495 192
-74.2584 4.3044 2771 231.6
-74.2417 4.3044 3069 268.8
-74.225 4.3044 3385 301.9
-74.2083 4.3044 3723 328.6
-74.1917 4.3044 3773 348
-74.175 4.3044 3557 359.3
-74.1584 4.3044 3683 363.3
-74.1417 4.3044 3679 361.3
-74.125 4.3044 3695 355
-74.1083 4.3044 3695 346.7
-74.0917 4.3044 3665 337.7
-74.075 4.3044 3579 328.9
-74.0583 4.3044 3479 319.9
-74.0417 4.3044 3323 309.4
-74.025 4.3044 3019 295.7
-74.0084 4.3044 2863 277.1
-73.9917 4.3044 2571 252.5
-73.975 4.3044 2293 222.7
-73.9583 4.3044 2111 189.2
-73.9417 4.3044 2125 156.4
-73.925 4.3044 1941 127.8
-73.9084 4.3044 2321 108.8
-73.8917 4.3044 2067 102
-73.875 4.3044 1707 109.1
-73.8583 4.3044 1555 129.1
-73.8417 4.3044 2219 157.8
-73.825 4.3044 2035 190.7
-73.8083 4.3044 2361 220.5
-73.7917 4.3044 3087 242.4
-73.775 4.3044 2905 251.7
-73.7584 4.3044 2871 246.9
-73.7417 4.3044 3159 228.8
-73.725 4.3044 3029 200
-73.7083 4.3044 2895 165.8
-73.6917 4.3044 2223 129.8
-73.675 4.3044 1641 96.9
-73.6584 4.3044 931 68.7
-73.6417 4.3044 1337 46.4
-73.625 4.3044 1935 29
-73.6083 4.3044 1665 14.9
-73.5917 4.3044 1279 2.1
-73.575 4.3044 983 -11
-73.5583 4.3044 687 -24.9
-73.5417 4.3044 541 -39.3
-73.525 4.3044 493 -53.3
-73.5084 4.3044 499 -65.4
-73.4917 4.3044 475 -74.6
-73.475 4.3044 431 -80.2
-73.4583 4.3044 455 -82.4
-73.4417 4.3044 407 -82.1
-73.425 4.3044 373 -80.3
-73.4084 4.3044 337 -78.3
-73.3917 4.3044 323 -76.8
-73.375 4.3044 313 -76.1
-73.3583 4.3044 303 -76.2
-73.3417 4.3044 293 -76.6
-73.325 4.3044 281 -76.8
-73.3083 4.3044 271 -76.6
-73.2917 4.3044 265 -75.7
-73.275 4.3044 257 -74.6
-73.2584 4.3044 253 -73.5
-73.2417 4.3044 249 -72.8
-73.225 4.3044 241 -72.8
-73.2083 4.3044 235 -73.2
-73.1917 4.3044 225 -74
-73.175 4.3044 219 -74.4
-73.1584 4.3044 215 -74.1
-73.1417 4.3044 209 -72.8
-73.125 4.3044 203 -70.5
-73.1083 4.3044 199 -67.5
-73.0917 4.3044 197 -64.4
-73.075 4.3044 193 -61.7
-73.0583 4.3044 193 -59.8
-73.0417 4.3044 193 -59.1
-73.025 4.3044 191 -59.3
-73.0084 4.3044 189 -60.1
-72.9917 4.3044 189 -61.1
-72.975 4.3044 187 -61.8
-72.9583 4.3044 185 -61.9
-72.9417 4.3044 183 -61
-72.925 4.3044 181 -59.4
-74.9084 4.2877 327 -107.5
-74.8917 4.2877 275 -111.3
-74.875 4.2877 331 -113.9
-74.8583 4.2877 537 -115.5
-74.8417 4.2877 339 -116.4
-74.825 4.2877 287 -117.3
-74.8083 4.2877 285 -118.7
-74.7917 4.2877 277 -121
-74.775 4.2877 281 -124.3
-74.7584 4.2877 281 -128.4
-74.7417 4.2877 285 -132.7
-74.725 4.2877 333 -136.5
-74.7083 4.2877 481 -139.1
-74.6917 4.2877 497 -139.8
-74.675 4.2877 353 -138.1
-74.6584 4.2877 339 -133.9
-74.6417 4.2877 377 -127.5
-74.625 4.2877 365 -119.2
-74.6083 4.2877 411 -109.8
-74.5917 4.2877 515 -99.8
-74.575 4.2877 691 -90.1
-74.5583 4.2877 1031 -81
-74.5417 4.2877 1121 -72.9
-74.525 4.2877 905 -66
-74.5084 4.2877 811 -60
-74.4917 4.2877 823 -54.6
-74.475 4.2877 911 -49.2
-74.4583 4.2877 1157 -43.2
-74.4417 4.2877 1177 -35.7
-74.425 4.2877 1189 -25.9
-74.4084 4.2877 1349 -13.2
-74.3917 4.2877 1555 3.1
-74.375 4.2877 1721 23.1
-74.3583 4.2877 1941 47.3
-74.3417 4.2877 2155 74.9
-74.325 4.2877 2337 105.9
-74.3083 4.2877 2421 139.1
-74.2917 4.2877 2417 174
-74.275 4.2877 2569 208.8
-74.2584 4.2877 2905 242.9
-74.2417 4.2877 3351 274.3
-74.225 4.2877 3643 302
-74.2083 4.2877 3745 324.4
-74.1917 4.2877 3773 341
-74.175 4.2877 3691 351.2
-74.1584 4.2877 3751 355.3
-74.1417 4.2877 3691 354.1
-74.125 4.2877 3671 348.7
-74.1083 4.2877 3621 340.8
-74.0917 4.2877 3531 331.4
-74.075 4.2877 3563 321.5
-74.0583 4.2877 3421 311
-74.0417 4.2877 3229 299.2
-74.025 4.2877 3203 285.1
-74.0084 4.2877 3163 267.3
-73.9917 4.2877 2837 244.9
-73.975 4.2877 2797 218.4
-73.9583 4.2877 2481 188.9
-73.9417 4.2877 2507 159.5
-73.925 4.2877 2149 133.3
-73.9084 4.2877 2377 114.8
-73.8917 4.2877 2163 106.6
-73.875 4.2877 1825 110.5
-73.8583 4.2877 1613 126.4
-73.8417 4.2877 1513 151
-73.825 4.2877 1695 180.7
-73.8083 4.2877 2379 209.1
-73.7917 4.2877 2853 231.8
-73.775 4.2877 3089 243.6
-73.7584 4.2877 3403 242.6
-73.7417 4.2877 3033 228.4
-73.725 4.2877 2381 202.8
-73.7083 4.2877 1789 169.8
-73.6917 4.2877 1503 132.8
-73.675 4.2877 1765 96.7
-73.6584 4.2877 931 63.5
-73.6417 4.2877 1321 35.5
-73.625 4.2877 1825 12.6
-73.6083 4.2877 1367 -5.9
-73.5917 4.2877 885 -21.1
-73.575 4.2877 683 -34.4
-73.5583 4.2877 537 -46.5
-73.5417 4.2877 495 -57.5
-73.525 4.2877 467 -67.2
-73.5084 4.2877 441 -74.8
-73.4917 4.2877 419 -80
-73.475 4.2877 405 -82.6
-73.4583 4.2877 389 -82.8
-73.4417 4.2877 377 -81.4
-73.425 4.2877 375 -79.3
-73.4084 4.2877 335 -77.2
-73.3917 4.2877 323 -75.8
-73.375 4.2877 317 -75.1
-73.3583 4.2877 309 -75.1
-73.3417 4.2877 299 -75.3
-73.325 4.2877 285 -75.3
-73.3083 4.2877 273 -74.9
-73.2917 4.2877 261 -74.1
-73.275 4.2877 253 -73.1
-73.2584 4.2877 245 -72.2
-73.2417 4.2877 241 -71.8
-73.225 4.2877 237 -71.9
-73.2083 4.2877 229 -72.3
-73.1917 4.2877 221 -72.7
-73.175 4.2877 217 -72.6
-73.1584 4.2877 213 -71.6
-73.1417 4.2877 207 -69.6
-73.125 4.2877 203 -66.7
-73.1083 4.2877 199 -63.3
-73.0917 4.2877 195 -60.1
-73.075 4.2877 193 -57.5
-73.0583 4.2877 195 -56
-73.0417 4.2877 193 -55.7
-73.025 4.2877 191 -56.4
-73.0084 4.2877 187 -57.7
-72.9917 4.2877 185 -59
-72.975 4.2877 185 -59.8
-72.9583 4.2877 185 -59.9
-72.9417 4.2877 183 -59.1
-72.925 4.2877 179 -57.3
-74.9084 4.2711 303 -108
-74.8917 4.2711 279 -111.7
-74.875 4.2711 313 -114.5
-74.8583 4.2711 379 -116.4
-74.8417 4.2711 293 -117.9
-74.825 4.2711 287 -119.2
-74.8083 4.2711 287 -120.9
-74.7917 4.2711 283 -123.3
-74.775 4.2711 277 -126.5
-74.7584 4.2711 291 -130.2
-74.7417 4.2711 293 -134
-74.725 4.2711 429 -137.2
-74.7083 4.2711 447 -139
-74.6917 4.2711 381 -139
-74.675 4.2711 311 -136.8
-74.6584 4.2711 373 -132.3
-74.6417 4.2711 441 -126
-74.625 4.2711 477 -118.2
-74.6083 4.2711 547 -109.8
-74.5917 4.2711 579 -101.3
-74.575 4.2711 657 -93.5
-74.5583 4.2711 677 -86.6
-74.5417 4.2711 707 -80.8
-74.525 4.2711 673 -75.7
-74.5084 4.2711 775 -71
-74.4917 4.2711 951 -66
-74.475 4.2711 983 -59.9
-74.4583 4.2711 1033 -51.8
-74.4417 4.2711 1181 -40.8
-74.425 4.2711 1279 -26.2
-74.4084 4.2711 1375 -7.7
-74.3917 4.2711 1505 15.1
-74.375 4.2711 1685 41.5
-74.3583 4.2711 2041 71.5
-74.3417 4.2711 2243 103.5
-74.325 4.2711 2429 137
-74.3083 4.2711 2637 170.4
-74.2917 4.2711 2667 203
-74.275 4.2711 2683 233.4
-74.2584 4.2711 3003 261.2
-74.2417 4.2711 3365 285.4
-74.225 4.2711 3681 305.7
-74.2083 4.2711 3767 321.4
-74.1917 4.2711 3703 332.2
-74.175 4.2711 3683 338
-74.1584 4.2711 3661 338.9
-74.1417 4.2711 3617 335.4
-74.125 4.2711 3595 328.3
-74.1083 4.2711 3551 318.7
-74.0917 4.2711 3429 307.6
-74.075 4.2711 3287 296
-74.0583 4.2711 3079 284.1
-74.0417 4.2711 2873 271.8
-74.025 4.2711 2781 258.4
-74.0084 4.2711 2657 243
-73.9917 4.2711 2705 224.5
-73.975 4.2711 3017 203.1
-73.9583 4.2711 2911 179.1
-73.9417 4.2711 2809 154.8
-73.925 4.2711 2539 132.4
-73.9084 4.2711 2685 115.6
-73.8917 4.2711 2785 106.7
-73.875 4.2711 2195 107.9
-73.8583 4.2711 1951 119.5
-73.8417 4.2711 1479 139.5
-73.825 4.2711 1509 164.9
-73.8083 4.2711 2039 190.6
-73.7917 4.2711 2313 212.4
-73.775 4.2711 2735 225.2
-73.7584 4.2711 3357 226.7
-73.7417 4.2711 2863 215.7
-73.725 4.2711 2171 193.1
-73.7083 4.2711 1693 162.2
-73.6917 4.2711 1467 125.8
-73.675 4.2711 1185 88.6
-73.6584 4.2711 841 53
-73.6417 4.2711 1199 22
-73.625 4.2711 1521 -4.1
-73.6083 4.2711 1049 -24.8
-73.5917 4.2711 777 -41
-73.575 4.2711 577 -53.6
-73.5583 4.2711 497 -63.6
-73.5417 4.2711 465 -71.3
-73.525 4.2711 451 -77
-73.5084 4.2711 433 -80.7
-73.4917 4.2711 415 -82.5
-73.475 4.2711 403 -82.4
-73.4583 4.2711 397 -80.9
-73.4417 4.2711 385 -78.7
-73.425 4.2711 359 -76.4
-73.4084 4.2711 349 -74.6
-73.3917 4.2711 343 -73.6
-73.375 4.2711 325 -73.4
-73.3583 4.2711 307 -73.6
-73.3417 4.2711 297 -73.9
-73.325 4.2711 287 -74
-73.3083 4.2711 275 -73.6
-73.2917 4.2711 263 -72.9
-73.275 4.2711 251 -72
-73.2584 4.2711 243 -71.3
-73.2417 4.2711 237 -70.9
-73.225 4.2711 229 -70.9
-73.2083 4.2711 225 -71
-73.1917 4.2711 219 -70.9
-73.175 4.2711 213 -70.2
-73.1584 4.2711 209 -68.6
-73.1417 4.2711 205 -66.1
-73.125 4.2711 201 -62.8
-73.1083 4.2711 197 -59.3
-73.0917 4.2711 193 -56.1
-73.075 4.2711 191 -53.9
-73.0583 4.2711 193 -52.7
-73.0417 4.2711 189 -52.7
-73.025 4.2711 189 -53.7
-73.0084 4.2711 187 -55.1
-72.9917 4.2711 185 -56.3
-72.975 4.2711 183 -56.9
-72.9583 4.2711 181 -56.7
-72.9417 4.2711 181 -55.6
-72.925 4.2711 181 -53.8
-74.9084 4.2545 299 -108.6
-74.8917 4.2545 303 -112.3
-74.875 4.2545 303 -115.4
-74.8583 4.2545 305 -117.8
-74.8417 4.2545 299 -119.6
-74.825 4.2545 291 -121.3
-74.8083 4.2545 285 -123
-74.7917 4.2545 283 -125.2
-74.775 4.2545 271 -128
-74.7584 4.2545 277 -131.1
-74.7417 4.2545 347 -134.2
-74.725 4.2545 451 -136.7
-74.7083 4.2545 315 -137.8
-74.6917 4.2545 317 -137.1
-74.675 4.2545 391 -134.2
-74.6584 4.2545 461 -129.3
-74.6417 4.2545 499 -122.7
-74.625 4.2545 503 -115
-74.6083 4.2545 413 -107.1
-74.5917 4.2545 477 -99.6
-74.575 4.2545 771 -93.1
-74.5583 4.2545 719 -87.7
-74.5417 4.2545 569 -83.5
-74.525 4.2545 759 -79.9
-74.5084 4.2545 827 -76.2
-74.4917 4.2545 835 -71.5
-74.475 4.2545 999 -64.6
-74.4583 4.2545 1073 -54.5
-74.4417 4.2545 1249 -40.2
-74.425 4.2545 1435 -21
-74.4084 4.2545 1501 3
-74.3917 4.2545 1681 32.1
-74.375 4.2545 1807 64.9
-74.3583 4.2545 1997 100.8
-74.3417 4.2545 2387 137.4
-74.325 4.2545 2591 173.7
-74.3083 4.2545 2809 207.5
-74.2917 4.2545 3019 238
-74.275 4.2545 2977 263.9
-74.2584 4.2545 3121 285
-74.2417 4.2545 3321 301.2
-74.225 4.2545 3599 312.7
-74.2083 4.2545 3739 319.7
-74.1917 4.2545 3629 322.5
-74.175 4.2545 3613 321.4
-74.1584 4.2545 3523 316.5
-74.1417 4.2545 3579 308.4
-74.125 4.2545 3529 297.6
-74.1083 4.2545 3557 285
-74.0917 4.2545 3499 271.4
-74.075 4.2545 3407 258.1
-74.0583 4.2545 3137 245.3
-74.0417 4.2545 2865 233.4
-74.025 4.2545 2461 222
-74.0084 4.2545 2351 210.1
-73.9917 4.2545 2503 196.9
-73.975 4.2545 2655 181.6
-73.9583 4.2545 2615 164.2
-73.9417 4.2545 2619 145.8
-73.925 4.2545 2551 127.7
-73.9084 4.2545 2533 113
-73.8917 4.2545 2781 103.7
-73.875 4.2545 2563 102.2
-73.8583 4.2545 2301 109.1
-73.8417 4.2545 1841 123.7
-73.825 4.2545 1349 143.8
-73.8083 4.2545 1745 165.3
-73.7917 4.2545 1949 184.5
-73.775 4.2545 2567 196.9
-73.7584 4.2545 2825 199.6
-73.7417 4.2545 2851 191.1
-73.725 4.2545 2575 171.6
-73.7083 4.2545 2241 143.5
-73.6917 4.2545 1989 109.3
-73.675 4.2545 1401 73.2
-73.6584 4.2545 831 37.7
-73.6417 4.2545 1077 6.2
-73.625 4.2545 1043 -20.5
-73.6083 4.2545 885 -41.4
-73.5917 4.2545 707 -57.1
-73.575 4.2545 511 -68.2
-73.5583 4.2545 465 -75.7
-73.5417 4.2545 441 -80.4
-73.525 4.2545 431 -82.7
-73.5084 4.2545 417 -83.2
-73.4917 4.2545 403 -82.2
-73.475 4.2545 391 -80.2
-73.4583 4.2545 377 -77.6
-73.4417 4.2545 369 -75
-73.425 4.2545 355 -72.9
-73.4084 4.2545 353 -71.6
-73.3917 4.2545 351 -71.3
-73.375 4.2545 343 -71.7
-73.3583 4.2545 331 -72.4
-73.3417 4.2545 309 -73.1
-73.325 4.2545 291 -73.4
-73.3083 4.2545 275 -73.1
-73.2917 4.2545 261 -72.4
-73.275 4.2545 249 -71.5
-73.2584 4.2545 239 -70.6
-73.2417 4.2545 233 -70
-73.225 4.2545 227 -69.7
-73.2083 4.2545 221 -69.4
-73.1917 4.2545 217 -68.9
-73.175 4.2545 211 -67.7
-73.1584 4.2545 209 -65.7
-73.1417 4.2545 203 -62.8
-73.125 4.2545 197 -59.4
-73.1083 4.2545 195 -56
-73.0917 4.2545 191 -53.1
-73.075 4.2545 187 -51.2
-73.0583 4.2545 187 -50.4
-73.0417 4.2545 185 -50.6
-73.025 4.2545 187 -51.6
-73.0084 4.2545 185 -52.7
-72.9917 4.2545 183 -53.5
-72.975 4.2545 181 -53.6
-72.9583 4.2545 181 -52.9
-72.9417 4.2545 179 -51.4
-72.925 4.2545 177 -49.4
-74.9084 4.2379 309 -109.9
-74.8917 4.2379 321 -113.8
-74.875 4.2379 309 -117.3
-74.8583 4.2379 303 -120.1
-74.8417 4.2379 299 -122.1
-74.825 4.2379 291 -123.7
-74.8083 4.2379 285 -125.2
-74.7917 4.2379 279 -126.8
-74.775 4.2379 293 -128.9
-74.7584 4.2379 387 -131.4
-74.7417 4.2379 303 -133.7
-74.725 4.2379 283 -135.5
-74.7083 4.2379 341 -136
-74.6917 4.2379 387 -134.6
-74.675 4.2379 405 -131.1
-74.6584 4.2379 467 -125.5
-74.6417 4.2379 493 -118.3
-74.625 4.2379 435 -110.2
-74.6083 4.2379 423 -102
-74.5917 4.2379 635 -94.6
-74.575 4.2379 1071 -88.4
-74.5583 4.2379 965 -83.7
-74.5417 4.2379 645 -80.3
-74.525 4.2379 605 -77.6
-74.5084 4.2379 689 -74.5
-74.4917 4.2379 803 -69.9
-74.475 4.2379 945 -62.4
-74.4583 4.2379 1229 -50.7
-74.4417 4.2379 1453 -33.8
-74.425 4.2379 1629 -10.8
-74.4084 4.2379 1739 18
-74.3917 4.2379 1919 52.5
-74.375 4.2379 2067 90.9
-74.3583 4.2379 2143 132.2
-74.3417 4.2379 2377 173
-74.325 4.2379 2649 212
-74.3083 4.2379 2999 246.2
-74.2917 4.2379 3391 274.8
-74.275 4.2379 3257 296.4
-74.2584 4.2379 3297 311
-74.2417 4.2379 3567 319.1
-74.225 4.2379 3643 321.4
-74.2083 4.2379 3681 319
-74.1917 4.2379 3593 312.9
-74.175 4.2379 3573 303.7
-74.1584 4.2379 3527 292
-74.1417 4.2379 3265 278.4
-74.125 4.2379 3291 263.2
-74.1083 4.2379 3537 247.5
-74.0917 4.2379 3597 231.8
-74.075 4.2379 3545 217.3
-74.0583 4.2379 3427 204.6
-74.0417 4.2379 3231 194.2
-74.025 4.2379 2645 185.6
-74.0084 4.2379 2241 178.1
-73.9917 4.2379 2103 170.5
-73.975 4.2379 2061 161.6
-73.9583 4.2379 2497 150.6
-73.9417 4.2379 2285 137.7
-73.925 4.2379 2057 123.6
-73.9084 4.2379 1993 110.5
-73.8917 4.2379 2173 100.3
-73.875 4.2379 2169 95.4
-73.8583 4.2379 1985 97.2
-73.8417 4.2379 1779 105.5
-73.825 4.2379 1261 119.3
-73.8083 4.2379 1553 135.5
-73.7917 4.2379 1971 150.9
-73.775 4.2379 2437 161.3
-73.7584 4.2379 2077 164.2
-73.7417 4.2379 2377 157.6
-73.725 4.2379 2015 141
-73.7083 4.2379 1953 116.3
-73.6917 4.2379 1895 85.5
-73.675 4.2379 1513 52.4
-73.6584 4.2379 1041 19.4
-73.6417 4.2379 699 -10.1
-73.625 4.2379 761 -35.1
-73.6083 4.2379 767 -54.4
-73.5917 4.2379 665 -68.3
-73.575 4.2379 469 -77.3
-73.5583 4.2379 449 -82.4
-73.5417 4.2379 423 -84.5
-73.525 4.2379 411 -84.4
-73.5084 4.2379 401 -82.7
-73.4917 4.2379 389 -80
-73.475 4.2379 377 -77
-73.4583 4.2379 371 -73.9
-73.4417 4.2379 361 -71.5
-73.425 4.2379 353 -69.9
-73.4084 4.2379 351 -69.4
-73.3917 4.2379 349 -69.8
-73.375 4.2379 345 -70.9
-73.3583 4.2379 337 -72.3
-73.3417 4.2379 325 -73.3
-73.325 4.2379 303 -73.7
-73.3083 4.2379 277 -73.4
-73.2917 4.2379 257 -72.5
-73.275 4.2379 245 -71.4
-73.2584 4.2379 239 -70.2
-73.2417 4.2379 229 -69.3
-73.225 4.2379 223 -68.5
-73.2083 4.2379 217 -67.8
-73.1917 4.2379 215 -66.9
-73.175 4.2379 209 -65.4
-73.1584 4.2379 207 -63.1
-73.1417 4.2379 201 -60.2
-73.125 4.2379 195 -57
-73.1083 4.2379 191 -53.9
-73.0917 4.2379 189 -51.4
-73.075 4.2379 187 -49.8
-73.0583 4.2379 185 -49.3
-73.0417 4.2379 185 -49.6
-73.025 4.2379 183 -50.4
-73.0084 4.2379 181 -51
-72.9917 4.2379 183 -51.2
-72.975 4.2379 181 -50.6
-72.9583 4.2379 179 -49.1
-72.9417 4.2379 179 -47.3
-72.925 4.2379 175 -45.2
-74.9084 4.2213 335 -112.3
-74.8917 4.2213 321 -116.5
-74.875 4.2213 311 -120.3
-74.8583 4.2213 303 -123.3
-74.8417 4.2213 297 -125.3
-74.825 4.2213 289 -126.5
-74.8083 4.2213 285 -127.3
-74.7917 4.2213 285 -128.1
-74.775 4.2213 421 -129.4
-74.7584 4.2213 363 -131
-74.7417 4.2213 291 -132.7
-74.725 4.2213 319 -134
-74.7083 4.2213 287 -133.9
-74.6917 4.2213 319 -132.1
-74.675 4.2213 387 -128
-74.6584 4.2213 399 -121.6
-74.6417 4.2213 441 -113.5
-74.625 4.2213 359 -104.3
-74.6083 4.2213 529 -95.2
-74.5917 4.2213 733 -86.8
-74.575 4.2213 1101 -80.1
-74.5583 4.2213 1221 -75.2
-74.5417 4.2213 921 -71.8
-74.525 4.2213 757 -69.3
-74.5084 4.2213 789 -66.4
-74.4917 4.2213 987 -61.9
-74.475 4.2213 951 -53.9
-74.4583 4.2213 1177 -41.2
-74.4417 4.2213 1529 -22.4
-74.425 4.2213 1887 3.3
-74.4084 4.2213 2043 35.7
-74.3917 4.2213 2113 74.5
-74.375 4.2213 2313 117.4
-74.3583 4.2213 2457 163
-74.3417 4.2213 2547 207.3
-74.325 4.2213 2689 248.5
-74.3083 4.2213 3093 283.2
-74.2917 4.2213 3439 310
-74.275 4.2213 3455 327.5
-74.2584 4.2213 3543 336.1
-74.2417 4.2213 3733 336.4
-74.225 4.2213 3745 329.9
-74.2083 4.2213 3683 318.6
-74.1917 4.2213 3523 303.6
-74.175 4.2213 3501 286.6
-74.1584 4.2213 3413 268.2
-74.1417 4.2213 3061 249.4
-74.125 4.2213 3113 230.5
-74.1083 4.2213 3477 212.4
-74.0917 4.2213 3169 195.6
-74.075 4.2213 3265 181.2
-74.0583 4.2213 3429 169.7
-74.0417 4.2213 3441 161.7
-74.025 4.2213 2995 156.8
-74.0084 4.2213 2589 153.9
-73.9917 4.2213 2149 151.8
-73.975 4.2213 1793 148.6
-73.9583 4.2213 1887 143.1
-73.9417 4.2213 1767 134.6
-73.925 4.2213 1551 123.3
-73.9084 4.2213 1497 110.7
-73.8917 4.2213 1507 98.7
-73.875 4.2213 1505 89.8
-73.8583 4.2213 1559 85.6
-73.8417 4.2213 1333 87.1
-73.825 4.2213 1293 93.8
-73.8083 4.2213 1297 103.7
-73.7917 4.2213 1943 114.3
-73.775 4.2213 2105 122
-73.7584 4.2213 1737 124.1
-73.7417 4.2213 1801 118.6
-73.725 4.2213 1447 104.9
-73.7083 4.2213 1369 84
-73.6917 4.2213 1749 57.6
-73.675 4.2213 1483 28.9
-73.6584 4.2213 1049 0.2
-73.6417 4.2213 697 -25.6
-73.625 4.2213 617 -47.1
-73.6083 4.2213 807 -63.4
-73.5917 4.2213 621 -74.6
-73.575 4.2213 427 -81.3
-73.5583 4.2213 421 -84.2
-73.5417 4.2213 401 -84.5
-73.525 4.2213 393 -82.9
-73.5084 4.2213 385 -80.2
-73.4917 4.2213 377 -76.9
-73.475 4.2213 367 -73.7
-73.4583 4.2213 357 -70.9
-73.4417 4.2213 353 -69
-73.425 4.2213 349 -68.2
-73.4084 4.2213 347 -68.5
-73.3917 4.2213 339 -69.8
-73.375 4.2213 335 -71.5
-73.3583 4.2213 333 -73.2
-73.3417 4.2213 319 -74.4
-73.325 4.2213 299 -74.8
-73.3083 4.2213 269 -74.3
-73.2917 4.2213 247 -73.1
-73.275 4.2213 237 -71.5
-73.2584 4.2213 235 -69.8
-73.2417 4.2213 229 -68.4
-73.225 4.2213 221 -67.2
-73.2083 4.2213 215 -66.2
-73.1917 4.2213 211 -65
-73.175 4.2213 207 -63.3
-73.1584 4.2213 203 -61.1
-73.1417 4.2213 199 -58.5
-73.125 4.2213 195 -55.5
-73.1083 4.2213 191 -52.9
-73.0917 4.2213 189 -50.8
-73.075 4.2213 185 -49.6
-73.0583 4.2213 183 -49.3
-73.0417 4.2213 183 -49.5
-73.025 4.2213 183 -49.9
-73.0084 4.2213 181 -50
-72.9917 4.2213 181 -49.4
-72.975 4.2213 177 -47.9
-72.9583 4.2213 175 -45.9
-72.9417 4.2213 173 -43.6
-72.925 4.2213 173 -41.5
-74.9084 4.2046 337 -115.7
-74.8917 4.2046 323 -120.2
-74.875 4.2046 311 -124.1
-74.8583 4.2046 305 -127
-74.8417 4.2046 297 -128.7
-74.825 4.2046 285 -129.2
-74.8083 4.2046 281 -129.1
-74.7917 4.2046 305 -128.9
-74.775 4.2046 481 -129.2
-74.7584 4.2046 337 -130.1
-74.7417 4.2046 287 -131.4
-74.725 4.2046 297 -132.4
-74.7083 4.2046 305 -132.2
-74.6917 4.2046 291 -130.1
-74.675 4.2046 299 -125.5
-74.6584 4.2046 321 -118.3
-74.6417 4.2046 337 -109
-74.625 4.2046 355 -98.3
-74.6083 4.2046 467 -87.6
-74.5917 4.2046 693 -77.7
-74.575 4.2046 1189 -69.5
-74.5583 4.2046 1379 -63.4
-74.5417 4.2046 1067 -59.3
-74.525 4.2046 839 -56.4
-74.5084 4.2046 693 -53.3
-74.4917 4.2046 1027 -48.7
-74.475 4.2046 1139 -40.6
-74.4583 4.2046 1185 -27.4
-74.4417 4.2046 1555 -7.8
-74.425 4.2046 1983 19.5
-74.4084 4.2046 2273 53.9
-74.3917 4.2046 2387 95.3
-74.375 4.2046 2421 141.1
-74.3583 4.2046 2679 189.4
-74.3417 4.2046 2859 236.1
-74.325 4.2046 2915 278.6
-74.3083 4.2046 3187 313.2
-74.2917 4.2046 3559 338.3
-74.275 4.2046 3717 352.5
-74.2584 4.2046 3783 355.9
-74.2417 4.2046 3757 349.8
-74.225 4.2046 3725 336.1
-74.2083 4.2046 3657 317.3
-74.1917 4.2046 3475 295.2
-74.175 4.2046 3565 272.1
-74.1584 4.2046 3493 248.8
-74.1417 4.2046 2981 226.6
-74.125 4.2046 2961 205.7
-74.1083 4.2046 3171 187
-74.0917 4.2046 2925 170.8
-74.075 4.2046 2617 158.1
-74.0583 4.2046 3163 149.1
-74.0417 4.2046 3025 144.3
-74.025 4.2046 2873 143.2
-74.0084 4.2046 2655 144.7
-73.9917 4.2046 2087 147.1
-73.975 4.2046 1821 148.2
-73.9583 4.2046 1631 146.4
-73.9417 4.2046 1687 140.4
-73.925 4.2046 2001 130
-73.9084 4.2046 1835 116.5
-73.8917 4.2046 1515 101.4
-73.875 4.2046 1533 87.6
-73.8583 4.2046 1345 77
-73.8417 4.2046 1323 71.4
-73.825 4.2046 1185 70.9
-73.8083 4.2046 1123 74.3
-73.7917 4.2046 1331 79.7
-73.775 4.2046 1589 84.1
-73.7584 4.2046 1387 85
-73.7417 4.2046 1191 80.1
-73.725 4.2046 1111 68.9
-73.7083 4.2046 1169 51.8
-73.6917 4.2046 1449 30
-73.675 4.2046 979 6.4
-73.6584 4.2046 715 -17.2
-73.6417 4.2046 583 -38.2
-73.625 4.2046 589 -55.5
-73.6083 4.2046 635 -68.1
-73.5917 4.2046 457 -76.4
-73.575 4.2046 403 -80.9
-73.5583 4.2046 399 -82.3
-73.5417 4.2046 383 -81.6
-73.525 4.2046 377 -79.6
-73.5084 4.2046 369 -77
-73.4917 4.2046 363 -74.1
-73.475 4.2046 355 -71.5
-73.4583 4.2046 347 -69.5
-73.4417 4.2046 345 -68.4
-73.425 4.2046 347 -68.4
-73.4084 4.2046 339 -69.4
-73.3917 4.2046 335 -71.1
-73.375 4.2046 329 -73.1
-73.3583 4.2046 311 -74.9
-73.3417 4.2046 305 -76
-73.325 4.2046 281 -76.1
-73.3083 4.2046 257 -75.2
-73.2917 4.2046 239 -73.4
-73.275 4.2046 231 -71.3
-73.2584 4.2046 229 -69.1
-73.2417 4.2046 225 -67.2
-73.225 4.2046 221 -65.7
-73.2083 4.2046 215 -64.5
-73.1917 4.2046 209 -63.2
-73.175 4.2046 205 -61.6
-73.1584 4.2046 201 -59.7
-73.1417 4.2046 197 -57.3
-73.125 4.2046 193 -54.8
-73.1083 4.2046 191 -52.5
-73.0917 4.2046 187 -50.8
-73.075 4.2046 185 -49.9
-73.0583 4.2046 183 -49.6
-73.0417 4.2046 181 -49.6
-73.025 4.2046 181 -49.7
-73.0084 4.2046 179 -49.2
-72.9917 4.2046 181 -47.9
-72.975 4.2046 179 -45.8
-72.9583 4.2046 177 -43.1
-72.9417 4.2046 175 -40.6
-72.925 4.2046 177 -38.6
-74.9084 4.188 335 -119.7
-74.8917 4.188 325 -124.4
-74.875 4.188 317 -128.3
-74.8583 4.188 309 -130.8
-74.8417 4.188 297 -131.8
-74.825 4.188 289 -131.3
-74.8083 4.188 279 -130
-74.7917 4.188 429 -128.7
-74.775 4.188 479 -128.2
-74.7584 4.188 319 -128.5
-74.7417 4.188 293 -129.6
-74.725 4.188 297 -130.7
-74.7083 4.188 309 -130.7
-74.6917 4.188 323 -128.7
-74.675 4.188 339 -123.8
-74.6584 4.188 351 -115.8
-74.6417 4.188 375 -105.2
-74.625 4.188 399 -92.8
-74.6083 4.188 559 -79.9
-74.5917 4.188 825 -67.7
-74.575 4.188 1107 -57.5
-74.5583 4.188 1387 -49.5
-74.5417 4.188 1163 -44
-74.525 4.188 943 -40.1
-74.5084 4.188 811 -36.6
-74.4917 4.188 885 -31.8
-74.475 4.188 1097 -23.8
-74.4583 4.188 1471 -10.8
-74.4417 4.188 1541 8.9
-74.425 4.188 1855 36.3
-74.4084 4.188 2125 71.3
-74.3917 4.188 2329 113.5
-74.375 4.188 2537 160.4
-74.3583 4.188 2719 209.9
-74.3417 4.188 3013 257.5
-74.325 4.188 3275 300.3
-74.3083 4.188 3429 334.4
-74.2917 4.188 3631 357.9
-74.275 4.188 3771 369.2
-74.2584 4.188 3741 368.6
-74.2417 4.188 3789 357.7
-74.225 4.188 3695 338.6
-74.2083 4.188 3569 314.6
-74.1917 4.188 3337 287.8
-74.175 4.188 3363 261
-74.1584 4.188 3209 235.3
-74.1417 4.188 3003 212
-74.125 4.188 2663 191.4
-74.1083 4.188 2745 174.2
-74.0917 4.188 2549 160.4
-74.075 4.188 2279 150.8
-74.0583 4.188 2393 145.3
-74.0417 4.188 2627 144.2
-74.025 4.188 2341 146.9
-74.0084 4.188 2251 151.9
-73.9917 4.188 1773 157.5
-73.975 4.188 2043 161.2
-73.9583 4.188 2171 161.1
-73.9417 4.188 2091 155.6
-73.925 4.188 2567 144.3
-73.9084 4.188 2333 128.2
-73.8917 4.188 1779 109
-73.875 4.188 1949 89.7
-73.8583 4.188 2007 72.5
-73.8417 4.188 1789 59.8
-73.825 4.188 1571 52.3
-73.8083 4.188 1337 49.5
-73.7917 4.188 1423 49.8
-73.775 4.188 1165 50.7
-73.7584 4.188 1115 50
-73.7417 4.188 1203 45.5
-73.725 4.188 1053 36.2
-73.7083 4.188 1053 22.6
-73.6917 4.188 1069 5.4
-73.675 4.188 825 -13.1
-73.6584 4.188 823 -31.4
-73.6417 4.188 563 -47.4
-73.625 4.188 591 -60.1
-73.6083 4.188 463 -69.2
-73.5917 4.188 399 -74.7
-73.575 4.188 385 -77.4
-73.5583 4.188 379 -78
-73.5417 4.188 369 -77.3
-73.525 4.188 361 -75.8
-73.5084 4.188 357 -74
-73.4917 4.188 351 -72.3
-73.475 4.188 343 -70.8
-73.4583 4.188 337 -69.8
-73.4417 4.188 329 -69.6
-73.425 4.188 329 -70.1
-73.4084 4.188 333 -71.5
-73.3917 4.188 325 -73.3
-73.375 4.188 313 -75.3
-73.3583 4.188 301 -76.8
-73.3417 4.188 277 -77.5
-73.325 4.188 263 -77.1
-73.3083 4.188 249 -75.6
-73.2917 4.188 239 -73.2
-73.275 4.188 233 -70.5
-73.2584 4.188 225 -67.9
-73.2417 4.188 221 -65.6
-73.225 4.188 217 -63.9
-73.2083 4.188 213 -62.6
-73.1917 4.188 209 -61.5
-73.175 4.188 205 -60.1
-73.1584 4.188 201 -58.5
-73.1417 4.188 199 -56.5
-73.125 4.188 193 -54.3
-73.1083 4.188 191 -52.3
-73.0917 4.188 187 -50.8
-73.075 4.188 185 -49.9
-73.0583 4.188 181 -49.5
-73.0417 4.188 179 -49.4
-73.025 4.188 181 -49
-73.0084 4.188 177 -48.1
-72.9917 4.188 177 -46.3
-72.975 4.188 177 -43.7
-72.9583 4.188 173 -40.8
-72.9417 4.188 175 -38.1
-72.925 4.188 179 -36.3
-74.9084 4.1714 335 -123.7
-74.8917 4.1714 325 -128.3
-74.875 4.1714 317 -131.8
-74.8583 4.1714 307 -133.8
-74.8417 4.1714 299 -133.7
-74.825 4.1714 285 -132
-74.8083 4.1714 289 -129.5
-74.7917 4.1714 547 -127.2
-74.775 4.1714 393 -125.9
-74.7584 4.1714 299 -125.9
-74.7417 4.1714 301 -127.2
-74.725 4.1714 307 -128.7
-74.7083 4.1714 307 -129.3
-74.6917 4.1714 323 -127.6
-74.675 4.1714 371 -122.7
-74.6584 4.1714 371 -114
-74.6417 4.1714 409 -102.2
-74.625 4.1714 511 -87.8
-74.6083 4.1714 701 -72.7
-74.5917 4.1714 913 -57.9
-74.575 4.1714 1169 -45.1
-74.5583 4.1714 1515 -34.8
-74.5417 4.1714 1431 -27.3
-74.525 4.1714 1245 -22.1
-74.5084 4.1714 1135 -17.8
-74.4917 4.1714 1021 -12.8
-74.475 4.1714 1203 -5.2
-74.4583 4.1714 1683 7.2
-74.4417 4.1714 1805 25.9
-74.425 4.1714 1819 52.3
-74.4084 4.1714 1879 86.3
-74.3917 4.1714 2085 127.7
-74.375 4.1714 2509 173.9
-74.3583 4.1714 2759 222.9
-74.3417 4.1714 2955 269.9
-74.325 4.1714 3327 312
-74.3083 4.1714 3477 345
-74.2917 4.1714 3617 366.9
-74.275 4.1714 3717 376
-74.2584 4.1714 3713 372.9
-74.2417 4.1714 3769 359.1
-74.225 4.1714 3639 337.2
-74.2083 4.1714 3571 310.7
-74.1917 4.1714 3449 282.1
-74.175 4.1714 3045 254.5
-74.1584 4.1714 2793 229.1
-74.1417 4.1714 2637 207.4
-74.125 4.1714 2645 189.4
-74.1083 4.1714 2671 175.5
-74.0917 4.1714 2923 165.6
-74.075 4.1714 2753 159.9
-74.0583 4.1714 2443 158.4
-74.0417 4.1714 2079 160.9
-74.025 4.1714 1943 166.6
-74.0084 4.1714 1913 174
-73.9917 4.1714 2175 181.2
-73.975 4.1714 2657 185.6
-73.9583 4.1714 2449 185.2
-73.9417 4.1714 2717 178.3
-73.925 4.1714 2757 164.5
-73.9084 4.1714 2363 144.8
-73.8917 4.1714 2229 120.8
-73.875 4.1714 2285 96
-73.8583 4.1714 2357 72.6
-73.8417 4.1714 2137 53.6
-73.825 4.1714 1723 39.9
-73.8083 4.1714 1805 31.6
-73.7917 4.1714 1989 27.4
-73.775 4.1714 1671 25.2
-73.7584 4.1714 1767 22.9
-73.7417 4.1714 1491 18.3
-73.725 4.1714 1243 10.6
-73.7083 4.1714 815 -0.3
-73.6917 4.1714 983 -13.7
-73.675 4.1714 1063 -27.8
-73.6584 4.1714 813 -41.4
-73.6417 4.1714 507 -52.9
-73.625 4.1714 469 -61.7
-73.6083 4.1714 413 -67.7
-73.5917 4.1714 397 -71.1
-73.575 4.1714 383 -72.7
-73.5583 4.1714 371 -73.1
-73.5417 4.1714 359 -73
-73.525 4.1714 349 -72.7
-73.5084 4.1714 343 -72.4
-73.4917 4.1714 337 -72
-73.475 4.1714 333 -71.8
-73.4583 4.1714 327 -71.7
-73.4417 4.1714 321 -72
-73.425 4.1714 313 -72.8
-73.4084 4.1714 307 -74.1
-73.3917 4.1714 299 -75.6
-73.375 4.1714 289 -77.1
-73.3583 4.1714 281 -78
-73.3417 4.1714 269 -78.1
-73.325 4.1714 255 -77.1
-73.3083 4.1714 247 -75
-73.2917 4.1714 241 -72.1
-73.275 4.1714 235 -68.9
-73.2584 4.1714 231 -65.9
-73.2417 4.1714 225 -63.5
-73.225 4.1714 219 -61.8
-73.2083 4.1714 215 -60.6
-73.1917 4.1714 209 -59.7
-73.175 4.1714 207 -58.6
-73.1584 4.1714 203 -57.2
-73.1417 4.1714 199 -55.4
-73.125 4.1714 195 -53.4
-73.1083 4.1714 191 -51.4
-73.0917 4.1714 187 -49.8
-73.075 4.1714 185 -48.8
-73.0583 4.1714 181 -48.2
-73.0417 4.1714 177 -47.9
-73.025 4.1714 177 -47.3
-73.0084 4.1714 175 -46.1
-72.9917 4.1714 175 -44
-72.975 4.1714 175 -41.4
-72.9583 4.1714 173 -38.4
-72.9417 4.1714 173 -35.8
-72.925 4.1714 175 -34.1
-74.9084 4.1548 333 -127.1
-74.8917 4.1548 323 -131.3
-74.875 4.1548 315 -134.3
-74.8583 4.1548 307 -135.3
-74.8417 4.1548 301 -134.1
-74.825 4.1548 295 -131.1
-74.8083 4.1548 285 -127.3
-74.7917 4.1548 495 -123.9
-74.775 4.1548 451 -122.1
-74.7584 4.1548 305 -122.1
-74.7417 4.1548 307 -123.7
-74.725 4.1548 319 -126
-74.7083 4.1548 323 -127.3
-74.6917 4.1548 363 -126.3
-74.675 4.1548 353 -121.5
-74.6584 4.1548 365 -112.4
-74.6417 4.1548 423 -99.4
-74.625 4.1548 631 -83.1
-74.6083 4.1548 905 -65.5
-74.5917 4.1548 1115 -48
-74.575 4.1548 1413 -32.5
-74.5583 4.1548 1497 -19.5
-74.5417 4.1548 1497 -9.9
-74.525 4.1548 1429 -3
-74.5084 4.1548 1357 2.3
-74.4917 4.1548 1217 7.5
-74.475 4.1548 1139 14.6
-74.4583 4.1548 1797 25.8
-74.4417 4.1548 1991 42.9
-74.425 4.1548 1975 67.2
-74.4084 4.1548 2277 99.1
-74.3917 4.1548 2083 138.2
-74.375 4.1548 2379 182.2
-74.3583 4.1548 2593 229.2
-74.3417 4.1548 2879 274.3
-74.325 4.1548 3271 314.8
-74.3083 4.1548 3491 346.3
-74.2917 4.1548 3675 366.7
-74.275 4.1548 3763 374.5
-74.2584 4.1548 3787 370
-74.2417 4.1548 3811 355.3
-74.225 4.1548 3723 332.8
-74.2083 4.1548 3633 306.5
-74.1917 4.1548 3525 278.8
-74.175 4.1548 3103 253.1
-74.1584 4.1548 2807 230.5
-74.1417 4.1548 2855 212.4
-74.125 4.1548 3237 198.6
-74.1083 4.1548 3171 189.2
-74.0917 4.1548 3403 183.9
-74.075 4.1548 3303 182.4
-74.0583 4.1548 2887 184.5
-74.0417 4.1548 2205 189.8
-74.025 4.1548 2251 197.5
-74.0084 4.1548 2183 205.9
-73.9917 4.1548 2619 213.1
-73.975 4.1548 3327 216.6
-73.9583 4.1548 2877 214.4
-73.9417 4.1548 2983 204.9
-73.925 4.1548 3153 187.5
-73.9084 4.1548 3061 163.7
-73.8917 4.1548 2625 135
-73.875 4.1548 2423 105
-73.8583 4.1548 2247 76.2
-73.8417 4.1548 1909 52
-73.825 4.1548 1523 33.2
-73.8083 4.1548 1389 20.5
-73.7917 4.1548 1551 12.7
-73.775 4.1548 1475 7.9
-73.7584 4.1548 1371 4.1
-73.7417 4.1548 1083 -0.7
-73.725 4.1548 867 -7.6
-73.7083 4.1548 753 -16.5
-73.6917 4.1548 1051 -27
-73.675 4.1548 1045 -37.7
-73.6584 4.1548 689 -47.6
-73.6417 4.1548 517 -55.6
-73.625 4.1548 431 -61.4
-73.6083 4.1548 411 -65
-73.5917 4.1548 397 -67
-73.575 4.1548 383 -68.2
-73.5583 4.1548 371 -69
-73.5417 4.1548 357 -70
-73.525 4.1548 347 -71.1
-73.5084 4.1548 337 -72.2
-73.4917 4.1548 327 -73.3
-73.475 4.1548 319 -74
-73.4583 4.1548 315 -74.5
-73.4417 4.1548 309 -75
-73.425 4.1548 305 -75.5
-73.4084 4.1548 295 -76.3
-73.3917 4.1548 289 -77.1
-73.375 4.1548 283 -77.9
-73.3583 4.1548 273 -78.1
-73.3417 4.1548 259 -77.5
-73.325 4.1548 251 -75.9
-73.3083 4.1548 245 -73.3
-73.2917 4.1548 241 -70
-73.275 4.1548 235 -66.5
-73.2584 4.1548 229 -63.4
-73.2417 4.1548 225 -61
-73.225 4.1548 223 -59.4
-73.2083 4.1548 215 -58.5
-73.1917 4.1548 209 -57.8
-73.175 4.1548 207 -57
-73.1584 4.1548 203 -55.7
-73.1417 4.1548 199 -53.9
-73.125 4.1548 195 -51.7
-73.1083 4.1548 191 -49.4
-73.0917 4.1548 187 -47.5
-73.075 4.1548 187 -46.1
-73.0583 4.1548 183 -45.3
-73.0417 4.1548 179 -44.7
-73.025 4.1548 177 -44.1
-73.0084 4.1548 177 -42.9
-72.9917 4.1548 177 -41
-72.975 4.1548 173 -38.4
-72.9583 4.1548 173 -35.6
-72.9417 4.1548 171 -33.2
-72.925 4.1548 173 -31.8
-74.9084 4.1382 329 -129.2
-74.8917 4.1382 321 -132.9
-74.875 4.1382 315 -135.1
-74.8583 4.1382 309 -135
-74.8417 4.1382 303 -132.6
-74.825 4.1382 297 -128.3
-74.8083 4.1382 283 -123.4
-74.7917 4.1382 481 -119.1
-74.775 4.1382 473 -116.7
-74.7584 4.1382 313 -116.8
-74.7417 4.1382 311 -118.9
-74.725 4.1382 319 -122
-74.7083 4.1382 371 -124.2
-74.6917 4.1382 497 -123.9
-74.675 4.1382 481 -119.3
-74.6584 4.1382 381 -109.9
-74.6417 4.1382 539 -95.8
-74.625 4.1382 843 -77.9
-74.6083 4.1382 1115 -58.1
-74.5917 4.1382 1177 -37.9
-74.575 4.1382 1405 -19.6
-74.5583 4.1382 1517 -4.1
-74.5417 4.1382 1621 7.9
-74.525 4.1382 1617 16.6
-74.5084 4.1382 1503 22.9
-74.4917 4.1382 1307 28.4
-74.475 4.1382 1203 35
-74.4583 4.1382 1889 44.7
-74.4417 4.1382 2055 59.7
-74.425 4.1382 1999 81.2
-74.4084 4.1382 2365 110
-74.3917 4.1382 2223 145.8
-74.375 4.1382 2267 186.6
-74.3583 4.1382 2527 230.5
-74.3417 4.1382 2901 273
-74.325 4.1382 3279 311.3
-74.3083 4.1382 3517 341.1
-74.2917 4.1382 3707 360.3
-74.275 4.1382 3809 367.5
-74.2584 4.1382 3731 363.1
-74.2417 4.1382 3815 349.1
-74.225 4.1382 3737 328.1
-74.2083 4.1382 3647 304
-74.1917 4.1382 3439 279.4
-74.175 4.1382 2983 257.4
-74.1584 4.1382 3113 239.2
-74.1417 4.1382 3195 225.7
-74.125 4.1382 3521 216.7
-74.1083 4.1382 3455 211.8
-74.0917 4.1382 3263 210.5
-74.075 4.1382 2651 212.2
-74.0583 4.1382 2323 216.7
-74.0417 4.1382 2363 223.3
-74.025 4.1382 2571 231.4
-74.0084 4.1382 2743 239.2
-73.9917 4.1382 2727 245.2
-73.975 4.1382 3375 246.6
-73.9583 4.1382 3329 241.8
-73.9417 4.1382 3125 229.2
-73.925 4.1382 3129 208.3
-73.9084 4.1382 2859 180.7
-73.8917 4.1382 2631 148
-73.875 4.1382 2061 114.1
-73.8583 4.1382 1925 81.3
-73.8417 4.1382 1671 53.2
-73.825 4.1382 1477 31
-73.8083 4.1382 1199 15.2
-73.7917 4.1382 993 4.8
-73.775 4.1382 963 -1.9
-73.7584 4.1382 903 -7
-73.7417 4.1382 793 -12.3
-73.725 4.1382 701 -18.8
-73.7083 4.1382 881 -26.6
-73.6917 4.1382 1007 -35.3
-73.675 4.1382 983 -43.8
-73.6584 4.1382 621 -51.3
-73.6417 4.1382 495 -56.9
-73.625 4.1382 435 -60.6
-73.6083 4.1382 409 -62.8
-73.5917 4.1382 395 -64
-73.575 4.1382 381 -65.2
-73.5583 4.1382 369 -66.7
-73.5417 4.1382 357 -68.7
-73.525 4.1382 347 -71.1
-73.5084 4.1382 337 -73.5
-73.4917 4.1382 327 -75.5
-73.475 4.1382 319 -76.8
-73.4583 4.1382 309 -77.3
-73.4417 4.1382 301 -77.4
-73.425 4.1382 293 -77.3
-73.4084 4.1382 287 -77.2
-73.3917 4.1382 279 -77.2
-73.375 4.1382 273 -77.1
-73.3583 4.1382 267 -76.7
-73.3417 4.1382 259 -75.6
-73.325 4.1382 253 -73.6
-73.3083 4.1382 245 -70.7
-73.2917 4.1382 241 -67.2
-73.275 4.1382 235 -63.7
-73.2584 4.1382 229 -60.6
-73.2417 4.1382 225 -58.4
-73.225 4.1382 219 -57
-73.2083 4.1382 215 -56.3
-73.1917 4.1382 211 -55.8
-73.175 4.1382 207 -55.1
-73.1584 4.1382 203 -53.7
-73.1417 4.1382 201 -51.7
-73.125 4.1382 197 -49
-73.1083 4.1382 193 -46.3
-73.0917 4.1382 189 -43.8
-73.075 4.1382 189 -41.9
-73.0583 4.1382 187 -40.7
-73.0417 4.1382 185 -40
-73.025 4.1382 181 -39.4
-73.0084 4.1382 179 -38.5
-72.9917 4.1382 177 -37
-72.975 4.1382 175 -34.8
-72.9583 4.1382 173 -32.4
-72.9417 4.1382 173 -30.3
-72.925 4.1382 173 -29.1
-74.9084 4.1215 323 -130.2
-74.8917 4.1215 317 -133.1
-74.875 4.1215 311 -134.4
-74.8583 4.1215 305 -133.3
-74.8417 4.1215 301 -129.6
-74.825 4.1215 297 -124
-74.8083 4.1215 289 -118
-74.7917 4.1215 529 -112.9
-74.775 4.1215 399 -110.1
-74.7584 4.1215 319 -110.3
-74.7417 4.1215 325 -112.8
-74.725 4.1215 347 -116.6
-74.7083 4.1215 405 -119.6
-74.6917 4.1215 693 -119.8
-74.675 4.1215 609 -115.5
-74.6584 4.1215 525 -105.8
-74.6417 4.1215 713 -90.9
-74.625 4.1215 953 -71.5
-74.6083 4.1215 831 -49.7
-74.5917 4.1215 1039 -27.1
-74.575 4.1215 1389 -6.2
-74.5583 4.1215 1557 11.9
-74.5417 4.1215 1789 26.2
-74.525 4.1215 1843 36.8
-74.5084 4.1215 1685 44.2
-74.4917 4.1215 1465 50
-74.475 4.1215 1307 55.9
-74.4583 4.1215 1787 64.1
-74.4417 4.1215 2161 76.5
-74.425 4.1215 2271 94.9
-74.4084 4.1215 2431 120
-74.3917 4.1215 2503 151.9
-74.375 4.1215 2617 188.9
-74.3583 4.1215 2627 229.3
-74.3417 4.1215 2993 268.8
-74.325 4.1215 3265 304.7
-74.3083 4.1215 3589 332.9
-74.2917 4.1215 3783 351.4
-74.275 4.1215 3857 358.8
-74.2584 4.1215 3791 355.5
-74.2417 4.1215 3755 343.5
-74.225 4.1215 3643 325.4
-74.2083 4.1215 3453 305.1
-74.1917 4.1215 3211 284.9
-74.175 4.1215 3107 267.8
-74.1584 4.1215 3489 254.6
-74.1417 4.1215 3569 245.9
-74.125 4.1215 3653 241.2
-74.1083 4.1215 3411 239.8
-74.0917 4.1215 2683 241
-74.075 4.1215 2911 244.2
-74.0583 4.1215 2683 249.1
-74.0417 4.1215 2851 255.2
-74.025 4.1215 2923 261.8
-74.0084 4.1215 3453 267.7
-73.9917 4.1215 3373 271.2
-73.975 4.1215 3333 270
-73.9583 4.1215 3289 262.4
-73.9417 4.1215 3337 246.9
-73.925 4.1215 2743 223.2
-73.9084 4.1215 2223 192.8
-73.8917 4.1215 1885 157.4
-73.875 4.1215 1883 120.8
-73.8583 4.1215 1561 85.6
-73.8417 4.1215 1243 55.3
-73.825 4.1215 1023 31
-73.8083 4.1215 913 13.4
-73.7917 4.1215 823 1.5
-73.775 4.1215 737 -6.6
-73.7584 4.1215 677 -12.6
-73.7417 4.1215 703 -18.4
-73.725 4.1215 843 -25
-73.7083 4.1215 959 -32.5
-73.6917 4.1215 1033 -40.4
-73.675 4.1215 855 -47.7
-73.6584 4.1215 627 -53.8
-73.6417 4.1215 469 -58
-73.625 4.1215 425 -60.5
-73.6083 4.1215 399 -61.9
-73.5917 4.1215 385 -62.9
-73.575 4.1215 375 -64.2
-73.5583 4.1215 367 -66.3
-73.5417 4.1215 355 -69.2
-73.525 4.1215 347 -72.6
-73.5084 4.1215 337 -75.7
-73.4917 4.1215 329 -78
-73.475 4.1215 317 -79.2
-73.4583 4.1215 309 -79.3
-73.4417 4.1215 301 -78.6
-73.425 4.1215 293 -77.5
-73.4084 4.1215 285 -76.4
-73.3917 4.1215 279 -75.6
-73.375 4.1215 273 -74.9
-73.3583 4.1215 267 -74
-73.3417 4.1215 259 -72.7
-73.325 4.1215 253 -70.5
-73.3083 4.1215 247 -67.7
-73.2917 4.1215 241 -64.3
-73.275 4.1215 235 -60.9
-73.2584 4.1215 231 -57.9
-73.2417 4.1215 225 -55.8
-73.225 4.1215 221 -54.7
-73.2083 4.1215 215 -54.1
-73.1917 4.1215 211 -53.7
-73.175 4.1215 207 -53
-73.1584 4.1215 205 -51.4
-73.1417 4.1215 201 -48.9
-73.125 4.1215 195 -45.6
-73.1083 4.1215 193 -42.2
-73.0917 4.1215 191 -38.9
-73.075 4.1215 189 -36.5
-73.0583 4.1215 187 -35
-73.0417 4.1215 183 -34.2
-73.025 4.1215 177 -33.8
-73.0084 4.1215 177 -33.4
-72.9917 4.1215 177 -32.4
-72.975 4.1215 175 -30.8
-72.9583 4.1215 175 -28.9
-72.9417 4.1215 175 -27.1
-72.925 4.1215 177 -26
-74.9084 4.1049 319 -130.1
-74.8917 4.1049 313 -132.4
-74.875 4.1049 309 -132.8
-74.8583 4.1049 303 -130.6
-74.8417 4.1049 299 -125.9
-74.825 4.1049 291 -119.1
-74.8083 4.1049 309 -112.1
-74.7917 4.1049 537 -106.2
-74.775 4.1049 359 -103
-74.7584 4.1049 321 -103
-74.7417 4.1049 339 -105.6
-74.725 4.1049 375 -109.8
-74.7083 4.1049 505 -113.2
-74.6917 4.1049 873 -113.8
-74.675 4.1049 721 -109.6
-74.6584 4.1049 731 -99.7
-74.6417 4.1049 617 -84.1
-74.625 4.1049 633 -63.5
-74.6083 4.1049 711 -40.1
-74.5917 4.1049 963 -15.5
-74.575 4.1049 1279 7.6
-74.5583 4.1049 1615 28.2
-74.5417 4.1049 1791 44.7
-74.525 4.1049 1979 57
-74.5084 4.1049 1933 65.6
-74.4917 4.1049 1567 71.6
-74.475 4.1049 1367 76.9
-74.4583 4.1049 1689 83.4
-74.4417 4.1049 2129 93.3
-74.425 4.1049 2299 108.4
-74.4084 4.1049 2561 129.8
-74.3917 4.1049 2727 157.8
-74.375 4.1049 2907 191
-74.3583 4.1049 2999 228.1
-74.3417 4.1049 3107 264.9
-74.325 4.1049 3365 298.8
-74.3083 4.1049 3611 326
-74.2917 4.1049 3787 344.4
-74.275 4.1049 3837 352.7
-74.2584 4.1049 3831 351.3
-74.2417 4.1049 3781 342.2
-74.225 4.1049 3671 327.9
-74.2083 4.1049 3471 311.9
-74.1917 4.1049 3473 296.6
-74.175 4.1049 3337 284.3
-74.1584 4.1049 3681 275.7
-74.1417 4.1049 3615 270.8
-74.125 4.1049 3455 268.9
-74.1083 4.1049 3141 269
-74.0917 4.1049 3045 270.3
-74.075 4.1049 3301 272.5
-74.0583 4.1049 2939 275.2
-74.0417 4.1049 3189 278.4
-74.025 4.1049 3423 281.8
-74.0084 4.1049 3641 284.3
-73.9917 4.1049 3559 284.7
-73.975 4.1049 3541 280.8
-73.9583 4.1049 3395 270.8
-73.9417 4.1049 3351 253.4
-73.925 4.1049 3043 228.2
-73.9084 4.1049 2321 196.5
-73.8917 4.1049 1885 160.1
-73.875 4.1049 1547 122.8
-73.8583 4.1049 1325 86.8
-73.8417 4.1049 1193 55.8
-73.825 4.1049 1305 30.8
-73.8083 4.1049 1121 12.5
-73.7917 4.1049 983 -0.2
-73.775 4.1049 741 -9
-73.7584 4.1049 813 -15.7
-73.7417 4.1049 987 -22
-73.725 4.1049 933 -29
-73.7083 4.1049 827 -36.5
-73.6917 4.1049 849 -44.3
-73.675 4.1049 657 -51.1
-73.6584 4.1049 479 -56.6
-73.6417 4.1049 425 -60.1
-73.625 4.1049 405 -62
-73.6083 4.1049 391 -62.9
-73.5917 4.1049 383 -63.7
-73.575 4.1049 373 -65.2
-73.5583 4.1049 363 -67.7
-73.5417 4.1049 353 -71
-73.525 4.1049 345 -74.7
-73.5084 4.1049 335 -77.9
-73.4917 4.1049 327 -80
-73.475 4.1049 321 -80.7
-73.4583 4.1049 313 -79.9
-73.4417 4.1049 305 -78.2
-73.425 4.1049 297 -76.1
-73.4084 4.1049 289 -74.1
-73.3917 4.1049 281 -72.6
-73.375 4.1049 275 -71.6
-73.3583 4.1049 267 -70.6
-73.3417 4.1049 259 -69.4
-73.325 4.1049 253 -67.5
-73.3083 4.1049 247 -64.9
-73.2917 4.1049 241 -61.8
-73.275 4.1049 235 -58.6
-73.2584 4.1049 231 -55.8
-73.2417 4.1049 227 -53.8
-73.225 4.1049 223 -52.7
-73.2083 4.1049 217 -52.1
-73.1917 4.1049 213 -51.7
-73.175 4.1049 207 -50.8
-73.1584 4.1049 205 -48.9
-73.1417 4.1049 201 -45.9
-73.125 4.1049 197 -41.9
-73.1083 4.1049 193 -37.7
-73.0917 4.1049 189 -33.7
-73.075 4.1049 187 -30.7
-73.0583 4.1049 183 -28.9
-73.0417 4.1049 179 -28.1
-73.025 4.1049 177 -28.1
-73.0084 4.1049 179 -28.2
-72.9917 4.1049 177 -27.9
-72.975 4.1049 177 -26.9
-72.9583 4.1049 177 -25.4
-72.9417 4.1049 173 -23.9
-72.925 4.1049 175 -22.8
-74.9084 4.0883 315 -129.4
-74.8917 4.0883 311 -131.1
-74.875 4.0883 305 -130.9
-74.8583 4.0883 301 -127.9
-74.8417 4.0883 295 -122.2
-74.825 4.0883 277 -114.5
-74.8083 4.0883 355 -106.5
-74.7917 4.0883 499 -99.8
-74.775 4.0883 335 -95.9
-74.7584 4.0883 345 -95.4
-74.7417 4.0883 407 -97.9
-74.725 4.0883 481 -102
-74.7083 4.0883 693 -105.4
-74.6917 4.0883 799 -106
-74.675 4.0883 673 -101.8
-74.6584 4.0883 521 -91.7
-74.6417 4.0883 489 -75.7
-74.625 4.0883 547 -54.3
-74.6083 4.0883 707 -29.6
-74.5917 4.0883 937 -3.4
-74.575 4.0883 1197 21.7
-74.5583 4.0883 1595 44.3
-74.5417 4.0883 1847 62.9
-74.525 4.0883 2057 76.9
-74.5084 4.0883 1751 86.6
-74.4917 4.0883 1517 93
-74.475 4.0883 1605 97.6
-74.4583 4.0883 1769 102.5
-74.4417 4.0883 2165 109.9
-74.425 4.0883 2417 121.8
-74.4084 4.0883 2477 139.6
-74.3917 4.0883 2721 164
-74.375 4.0883 3085 194
-74.3583 4.0883 3261 228.2
-74.3417 4.0883 3129 262.9
-74.325 4.0883 3357 295.7
-74.3083 4.0883 3567 322.5
-74.2917 4.0883 3767 341.6
-74.275 4.0883 3887 351.5
-74.2584 4.0883 3799 352.7
-74.2417 4.0883 3821 347
-74.225 4.0883 3643 336.7
-74.2083 4.0883 3681 325.3
-74.1917 4.0883 3699 314.6
-74.175 4.0883 3601 306.6
-74.1584 4.0883 3725 301.5
-74.1417 4.0883 3417 298.9
-74.125 4.0883 3251 297.9
-74.1083 4.0883 3363 297.2
-74.0917 4.0883 3513 296.2
-74.075 4.0883 3347 294.6
-74.0583 4.0883 3257 292.6
-74.0417 4.0883 3501 290.7
-74.025 4.0883 3571 289
-74.0084 4.0883 3559 287.1
-73.9917 4.0883 3399 283.8
-73.975 4.0883 3565 277.3
-73.9583 4.0883 3467 265.7
-73.9417 4.0883 3441 247.6
-73.925 4.0883 3203 222.4
-73.9084 4.0883 2611 191.3
-73.8917 4.0883 2331 155.6
-73.875 4.0883 1679 119
-73.8583 4.0883 1497 83.7
-73.8417 4.0883 1607 53.2
-73.825 4.0883 1673 28.6
-73.8083 4.0883 1427 10.4
-73.7917 4.0883 1155 -2.4
-73.775 4.0883 865 -11.4
-73.7584 4.0883 767 -18.5
-73.7417 4.0883 897 -25.4
-73.725 4.0883 829 -32.7
-73.7083 4.0883 609 -40.6
-73.6917 4.0883 605 -48.4
-73.675 4.0883 517 -55.2
-73.6584 4.0883 433 -60.4
-73.6417 4.0883 417 -63.5
-73.625 4.0883 409 -65
-73.6083 4.0883 401 -65.6
-73.5917 4.0883 389 -66.2
-73.575 4.0883 377 -67.5
-73.5583 4.0883 367 -70
-73.5417 4.0883 357 -73.2
-73.525 4.0883 347 -76.7
-73.5084 4.0883 337 -79.5
-73.4917 4.0883 331 -81
-73.475 4.0883 325 -80.8
-73.4583 4.0883 319 -79
-73.4417 4.0883 311 -76.3
-73.425 4.0883 303 -73.2
-73.4084 4.0883 295 -70.6
-73.3917 4.0883 289 -68.9
-73.375 4.0883 281 -67.8
-73.3583 4.0883 269 -67.2
-73.3417 4.0883 257 -66.4
-73.325 4.0883 251 -65.1
-73.3083 4.0883 245 -62.9
-73.2917 4.0883 239 -60
-73.275 4.0883 235 -57
-73.2584 4.0883 231 -54.2
-73.2417 4.0883 225 -52.2
-73.225 4.0883 221 -51
-73.2083 4.0883 219 -50.3
-73.1917 4.0883 213 -49.8
-73.175 4.0883 207 -48.6
-73.1584 4.0883 203 -46.3
-73.1417 4.0883 199 -42.8
-73.125 4.0883 197 -38.2
-73.1083 4.0883 195 -33.4
-73.0917 4.0883 189 -28.8
-73.075 4.0883 185 -25.3
-73.0583 4.0883 181 -23.3
-73.0417 4.0883 179 -22.6
-73.025 4.0883 179 -22.9
-73.0084 4.0883 179 -23.5
-72.9917 4.0883 181 -23.9
-72.975 4.0883 183 -23.5
-72.9583 4.0883 183 -22.4
-72.9417 4.0883 175 -20.9
-72.925 4.0883 175 -19.7
-74.9084 4.0716 309 -128.7
-74.8917 4.0716 307 -130.2
-74.875 4.0716 303 -129.5
-74.8583 4.0716 299 -126
-74.8417 4.0716 291 -119.6
-74.825 4.0716 283 -111.1
-74.8083 4.0716 355 -102.3
-74.7917 4.0716 533 -94.6
-74.775 4.0716 349 -89.9
-74.7584 4.0716 427 -88.6
-74.7417 4.0716 623 -90.3
-74.725 4.0716 821 -93.9
-74.7083 4.0716 857 -96.9
-74.6917 4.0716 553 -97.3
-74.675 4.0716 475 -93
-74.6584 4.0716 481 -82.8
-74.6417 4.0716 581 -66.6
-74.625 4.0716 723 -44.8
-74.6083 4.0716 935 -19.4
-74.5917 4.0716 1083 7.9
-74.575 4.0716 1381 34.6
-74.5583 4.0716 1691 59
-74.5417 4.0716 1953 79.3
-74.525 4.0716 1975 95
-74.5084 4.0716 1617 105.8
-74.4917 4.0716 1789 112.5
-74.475 4.0716 2047 116.5
-74.4583 4.0716 2117 119.8
-74.4417 4.0716 2357 124.9
-74.425 4.0716 2633 134
-74.4084 4.0716 2735 148.8
-74.3917 4.0716 2835 170.3
-74.375 4.0716 3101 197.7
-74.3583 4.0716 3171 230.1
-74.3417 4.0716 3133 263.8
-74.325 4.0716 3343 296.4
-74.3083 4.0716 3485 323.8
-74.2917 4.0716 3681 344.3
-74.275 4.0716 3811 356.3
-74.2584 4.0716 3871 360.3
-74.2417 4.0716 3865 358
-74.225 4.0716 3809 351.7
-74.2083 4.0716 3859 344.2
-74.1917 4.0716 3799 337.5
-74.175 4.0716 3775 332.7
-74.1584 4.0716 3669 329.9
-74.1417 4.0716 3541 328.1
-74.125 4.0716 3483 326.1
-74.1083 4.0716 3605 322.6
-74.0917 4.0716 3657 316.9
-74.075 4.0716 3409 309.3
-74.0583 4.0716 3585 300.5
-74.0417 4.0716 3539 291.7
-74.025 4.0716 3477 283.6
-74.0084 4.0716 3405 276.4
-73.9917 4.0716 3373 269.3
-73.975 4.0716 3409 260.4
-73.9583 4.0716 3211 248.1
-73.9417 4.0716 3243 230.5
-73.925 4.0716 2933 206.8
-73.9084 4.0716 2397 177.6
-73.8917 4.0716 2375 144.1
-73.875 4.0716 1687 109.5
-73.8583 4.0716 1785 76
-73.8417 4.0716 1567 47
-73.825 4.0716 1401 23.3
-73.8083 4.0716 1415 5.7
-73.7917 4.0716 991 -6.8
-73.775 4.0716 827 -15.8
-73.7584 4.0716 741 -23.1
-73.7417 4.0716 721 -30.1
-73.725 4.0716 619 -37.7
-73.7083 4.0716 495 -45.7
-73.6917 4.0716 467 -53.6
-73.675 4.0716 445 -60.2
-73.6584 4.0716 435 -65.1
-73.6417 4.0716 423 -67.8
-73.625 4.0716 415 -68.8
-73.6083 4.0716 405 -68.9
-73.5917 4.0716 393 -69.1
-73.575 4.0716 379 -70
-73.5583 4.0716 369 -72.1
-73.5417 4.0716 357 -74.9
-73.525 4.0716 347 -77.9
-73.5084 4.0716 339 -80
-73.4917 4.0716 333 -80.7
-73.475 4.0716 325 -79.5
-73.4583 4.0716 319 -76.8
-73.4417 4.0716 311 -73.3
-73.425 4.0716 303 -69.7
-73.4084 4.0716 295 -66.9
-73.3917 4.0716 291 -65.2
-73.375 4.0716 285 -64.6
-73.3583 4.0716 263 -64.6
-73.3417 4.0716 253 -64.5
-73.325 4.0716 249 -63.7
-73.3083 4.0716 245 -62
-73.2917 4.0716 237 -59.3
-73.275 4.0716 235 -56.3
-73.2584 4.0716 229 -53.3
-73.2417 4.0716 225 -51
-73.225 4.0716 221 -49.5
-73.2083 4.0716 215 -48.6
-73.1917 4.0716 211 -47.8
-73.175 4.0716 207 -46.4
-73.1584 4.0716 203 -43.9
-73.1417 4.0716 199 -40.1
-73.125 4.0716 195 -35.1
-73.1083 4.0716 193 -29.8
-73.0917 4.0716 189 -24.8
-73.075 4.0716 185 -21.1
-73.0583 4.0716 183 -18.9
-73.0417 4.0716 183 -18.4
-73.025 4.0716 183 -19
-73.0084 4.0716 185 -20.1
-72.9917 4.0716 185 -20.9
-72.975 4.0716 185 -21
-72.9583 4.0716 181 -20.1
-72.9417 4.0716 175 -18.6
-72.925 4.0716 177 -17.1
-74.9084 4.055 305 -128.4
-74.8917 4.055 303 -129.9
-74.875 4.055 299 -129.1
-74.8583 4.055 297 -125.3
-74.8417 4.055 289 -118.4
-74.825 4.055 295 -109.3
-74.8083 4.055 413 -99.7
-74.7917 4.055 623 -91.1
-74.775 4.055 397 -85.3
-74.7584 4.055 605 -82.9
-74.7417 4.055 909 -83.5
-74.725 4.055 961 -86.1
-74.7083 4.055 659 -88.5
-74.6917 4.055 465 -88.5
-74.675 4.055 505 -84.1
-74.6584 4.055 551 -74
-74.6417 4.055 649 -57.9
-74.625 4.055 867 -36.3
-74.6083 4.055 1097 -10.7
-74.5917 4.055 1403 17.3
-74.575 4.055 1807 45
-74.5583 4.055 1945 71
-74.5417 4.055 2041 93
-74.525 4.055 1725 110.2
-74.5084 4.055 1857 122
-74.4917 4.055 2183 129
-74.475 4.055 2305 132.5
-74.4583 4.055 2305 134.3
-74.4417 4.055 2325 137.4
-74.425 4.055 2539 143.9
-74.4084 4.055 2865 156.2
-74.3917 4.055 3073 175.6
-74.375 4.055 3177 201.5
-74.3583 4.055 3009 233.2
-74.3417 4.055 3141 266.9
-74.325 4.055 3379 300.3
-74.3083 4.055 3569 329.2
-74.2917 4.055 3705 351.7
-74.275 4.055 3871 366.1
-74.2584 4.055 3959 372.9
-74.2417 4.055 3945 373.7
-74.225 4.055 3911 370.7
-74.2083 4.055 3925 366.6
-74.1917 4.055 3799 363
-74.175 4.055 3815 360.6
-74.1584 4.055 3693 359.1
-74.1417 4.055 3791 356.9
-74.125 4.055 3521 352.6
-74.1083 4.055 3717 344.8
-74.0917 4.055 3615 333
-74.075 4.055 3467 318
-74.0583 4.055 3589 300.9
-74.0417 4.055 3577 284.1
-74.025 4.055 3505 268.7
-74.0084 4.055 3333 255.6
-73.9917 4.055 3173 244.4
-73.975 4.055 3321 233.6
-73.9583 4.055 3101 221.1
-73.9417 4.055 2639 205
-73.925 4.055 2611 183.7
-73.9084 4.055 2435 157.5
-73.8917 4.055 2005 127.2
-73.875 4.055 2063 95.5
-73.8583 4.055 1959 64.5
-73.8417 4.055 1463 37.3
-73.825 4.055 1083 15
-73.8083 4.055 1077 -1.7
-73.7917 4.055 833 -13.7
-73.775 4.055 749 -22.5
-73.7584 4.055 719 -29.6
-73.7417 4.055 583 -36.6
-73.725 4.055 503 -44.2
-73.7083 4.055 479 -52
-73.6917 4.055 467 -59.6
-73.675 4.055 451 -65.8
-73.6584 4.055 435 -70.1
-73.6417 4.055 423 -72.2
-73.625 4.055 413 -72.5
-73.6083 4.055 401 -72
-73.5917 4.055 391 -71.4
-73.575 4.055 379 -71.7
-73.5583 4.055 367 -73.2
-73.5417 4.055 355 -75.4
-73.525 4.055 347 -77.8
-73.5084 4.055 339 -79.2
-73.4917 4.055 335 -79.1
-73.475 4.055 333 -77.3
-73.4583 4.055 329 -73.9
-73.4417 4.055 321 -69.9
-73.425 4.055 315 -66.1
-73.4084 4.055 305 -63.4
-73.3917 4.055 301 -62.2
-73.375 4.055 281 -62.2
-73.3583 4.055 259 -63
-73.3417 4.055 253 -63.7
-73.325 4.055 247 -63.5
-73.3083 4.055 241 -62.1
-73.2917 4.055 239 -59.4
-73.275 4.055 233 -56.1
-73.2584 4.055 229 -52.7
-73.2417 4.055 223 -49.8
-73.225 4.055 219 -47.8
-73.2083 4.055 215 -46.6
-73.1917 4.055 211 -45.6
-73.175 4.055 207 -44.1
-73.1584 4.055 203 -41.5
-73.1417 4.055 199 -37.7
-73.125 4.055 195 -32.7
-73.1083 4.055 191 -27.3
-73.0917 4.055 189 -22.1
-73.075 4.055 187 -18.3
-73.0583 4.055 187 -16.1
-73.0417 4.055 189 -15.6
-73.025 4.055 189 -16.5
-73.0084 4.055 187 -17.8
-72.9917 4.055 187 -19
-72.975 4.055 185 -19.3
-72.9583 4.055 179 -18.6
-72.9417 4.055 177 -17
-72.925 4.055 183 -15.2
-74.9084 4.0384 299 -128.7
-74.8917 4.0384 299 -130.4
-74.875 4.0384 297 -129.7
-74.8583 4.0384 295 -125.8
-74.8417 4.0384 285 -118.7
-74.825 4.0384 299 -109.1
-74.8083 4.0384 407 -98.8
-74.7917 4.0384 627 -89.3
-74.775 4.0384 591 -82.4
-74.7584 4.0384 853 -78.8
-74.7417 4.0384 955 -78.3
-74.725 4.0384 685 -79.8
-74.7083 4.0384 495 -81.3
-74.6917 4.0384 567 -80.9
-74.675 4.0384 693 -76.6
-74.6584 4.0384 737 -67
-74.6417 4.0384 843 -51.6
-74.625 4.0384 1017 -30.6
-74.6083 4.0384 1145 -5.4
-74.5917 4.0384 1457 22.7
-74.575 4.0384 1599 51.1
-74.5583 4.0384 1911 78.3
-74.5417 4.0384 1991 101.7
-74.525 4.0384 1721 120.4
-74.5084 4.0384 2093 133.2
-74.4917 4.0384 2333 140.6
-74.475 4.0384 2403 143.6
-74.4583 4.0384 2445 144.3
-74.4417 4.0384 2493 145.5
-74.425 4.0384 2711 150
-74.4084 4.0384 2977 160.5
-74.3917 4.0384 3179 178.5
-74.375 4.0384 3097 203.8
-74.3583 4.0384 2993 235.7
-74.3417 4.0384 3287 270.5
-74.325 4.0384 3385 305.4
-74.3083 4.0384 3533 336.3
-74.2917 4.0384 3523 361
-74.275 4.0384 3787 377.7
-74.2584 4.0384 3923 386.9
-74.2417 4.0384 3977 390.1
-74.225 4.0384 3947 389.7
-74.2083 4.0384 3937 388.1
-74.1917 4.0384 3895 386.7
-74.175 4.0384 3825 386.1
-74.1584 4.0384 3785 385.3
-74.1417 4.0384 3785 382.4
-74.125 4.0384 3567 375.6
-74.1083 4.0384 3693 363.5
-74.0917 4.0384 3561 345.5
-74.075 4.0384 3599 323
-74.0583 4.0384 3365 297.6
-74.0417 4.0384 3333 272.5
-74.025 4.0384 3407 249.6
-74.0084 4.0384 3421 230.7
-73.9917 4.0384 3225 215.4
-73.975 4.0384 2911 202.7
-73.9583 4.0384 2917 190.4
-73.9417 4.0384 2585 175.9
-73.925 4.0384 2181 157.5
-73.9084 4.0384 2043 134.7
-73.8917 4.0384 1843 107.9
-73.875 4.0384 2095 79.4
-73.8583 4.0384 1813 51
-73.8417 4.0384 1359 25.7
-73.825 4.0384 1017 4.8
-73.8083 4.0384 805 -11
-73.7917 4.0384 779 -22.4
-73.775 4.0384 625 -30.7
-73.7584 4.0384 519 -37.5
-73.7417 4.0384 503 -44.1
-73.725 4.0384 487 -51.2
-73.7083 4.0384 473 -58.4
-73.6917 4.0384 459 -65.3
-73.675 4.0384 443 -70.8
-73.6584 4.0384 431 -74.2
-73.6417 4.0384 419 -75.4
-73.625 4.0384 407 -74.8
-73.6083 4.0384 397 -73.4
-73.5917 4.0384 385 -72.1
-73.575 4.0384 375 -71.8
-73.5583 4.0384 363 -72.7
-73.5417 4.0384 353 -74.4
-73.525 4.0384 345 -76.3
-73.5084 4.0384 335 -77.3
-73.4917 4.0384 327 -76.8
-73.475 4.0384 319 -74.6
-73.4583 4.0384 311 -71
-73.4417 4.0384 301 -66.9
-73.425 4.0384 293 -63.3
-73.4084 4.0384 287 -61
-73.3917 4.0384 273 -60.4
-73.375 4.0384 265 -61.1
-73.3583 4.0384 259 -62.7
-73.3417 4.0384 251 -63.9
-73.325 4.0384 247 -64.1
-73.3083 4.0384 241 -62.7
-73.2917 4.0384 237 -59.8
-73.275 4.0384 231 -56
-73.2584 4.0384 229 -51.9
-73.2417 4.0384 223 -48.4
-73.225 4.0384 219 -45.8
-73.2083 4.0384 213 -44.2
-73.1917 4.0384 209 -43
-73.175 4.0384 205 -41.5
-73.1584 4.0384 203 -39.2
-73.1417 4.0384 199 -35.6
-73.125 4.0384 197 -30.9
-73.1083 4.0384 193 -25.6
-73.0917 4.0384 189 -20.6
-73.075 4.0384 187 -16.8
-73.0583 4.0384 191 -14.6
-73.0417 4.0384 191 -14.1
-73.025 4.0384 191 -15.1
-73.0084 4.0384 189 -16.6
-72.9917 4.0384 187 -17.9
-72.975 4.0384 185 -18.3
-72.9583 4.0384 183 -17.5
-72.9417 4.0384 177 -15.9
-72.925 4.0384 195 -13.9
-74.9084 4.0218 299 -129.5
-74.8917 4.0218 295 -131.5
-74.875 4.0218 293 -131
-74.8583 4.0218 289 -127.1
-74.8417 4.0218 297 -119.9
-74.825 4.0218 309 -109.9
-74.8083 4.0218 427 -99.1
-74.7917 4.0218 715 -88.9
-74.775 4.0218 877 -81
-74.7584 4.0218 961 -76.3
-74.7417 4.0218 717 -74.6
-74.725 4.0218 493 -75.1
-74.7083 4.0218 505 -75.9
-74.6917 4.0218 607 -75.3
-74.675 4.0218 677 -71.3
-74.6584 4.0218 721 -62.6
-74.6417 4.0218 803 -48.4
-74.625 4.0218 921 -28.5
-74.6083 4.0218 1087 -4.3
-74.5917 4.0218 1305 23.4
-74.575 4.0218 1495 52.1
-74.5583 4.0218 1831 80.2
-74.5417 4.0218 2011 104.9
-74.525 4.0218 1729 125
-74.5084 4.0218 2097 138.9
-74.4917 4.0218 2303 146.8
-74.475 4.0218 2411 149.5
-74.4583 4.0218 2541 149.2
-74.4417 4.0218 2545 149
-74.425 4.0218 2787 151.9
-74.4084 4.0218 3069 161
-74.3917 4.0218 3257 178.3
-74.375 4.0218 3095 203.8
-74.3583 4.0218 2953 236.6
-74.3417 4.0218 3243 273
-74.325 4.0218 3435 310
-74.3083 4.0218 3359 343
-74.2917 4.0218 3519 369.7
-74.275 4.0218 3905 388.2
-74.2584 4.0218 4005 399
-74.2417 4.0218 4027 403.8
-74.225 4.0218 3973 404.8
-74.2083 4.0218 3939 404.8
-74.1917 4.0218 3929 405.1
-74.175 4.0218 3893 405.8
-74.1584 4.0218 3857 405.8
-74.1417 4.0218 3717 402.6
-74.125 4.0218 3705 394.1
-74.1083 4.0218 3657 378.5
-74.0917 4.0218 3687 355.3
-74.075 4.0218 3513 326.2
-74.0583 4.0218 3309 293.3
-74.0417 4.0218 3121 260.7
-74.025 4.0218 3165 230.7
-74.0084 4.0218 3329 206.1
-73.9917 4.0218 3213 186.9
-73.975 4.0218 2821 172.2
-73.9583 4.0218 2401 159.9
-73.9417 4.0218 2569 147
-73.925 4.0218 2079 131.3
-73.9084 4.0218 1707 111.7
-73.8917 4.0218 1613 88.2
-73.875 4.0218 1775 62.7
-73.8583 4.0218 1517 36.9
-73.8417 4.0218 1167 13.5
-73.825 4.0218 1003 -6
-73.8083 4.0218 729 -20.9
-73.7917 4.0218 653 -31.6
-73.775 4.0218 555 -39.4
-73.7584 4.0218 525 -45.6
-73.7417 4.0218 505 -51.5
-73.725 4.0218 491 -57.7
-73.7083 4.0218 475 -64
-73.6917 4.0218 461 -69.8
-73.675 4.0218 447 -74.2
-73.6584 4.0218 429 -76.5
-73.6417 4.0218 417 -76.7
-73.625 4.0218 405 -75.1
-73.6083 4.0218 393 -72.8
-73.5917 4.0218 383 -70.8
-73.575 4.0218 373 -69.9
-73.5583 4.0218 361 -70.4
-73.5417 4.0218 353 -71.9
-73.525 4.0218 343 -73.6
-73.5084 4.0218 333 -74.6
-73.4917 4.0218 323 -74.1
-73.475 4.0218 315 -72
-73.4583 4.0218 307 -68.6
-73.4417 4.0218 299 -64.8
-73.425 4.0218 289 -61.6
-73.4084 4.0218 281 -59.8
-73.3917 4.0218 273 -59.7
-73.375 4.0218 267 -61.1
-73.3583 4.0218 259 -63.2
-73.3417 4.0218 253 -64.7
-73.325 4.0218 247 -65
-73.3083 4.0218 241 -63.5
-73.2917 4.0218 237 -60
-73.275 4.0218 233 -55.5
-73.2584 4.0218 229 -50.6
-73.2417 4.0218 223 -46.3
-73.225 4.0218 219 -43.1
-73.2083 4.0218 213 -41.1
-73.1917 4.0218 211 -39.9
-73.175 4.0218 205 -38.6
-73.1584 4.0218 203 -36.7
-73.1417 4.0218 199 -33.7
-73.125 4.0218 195 -29.4
-73.1083 4.0218 193 -24.6
-73.0917 4.0218 191 -19.9
-73.075 4.0218 191 -16.2
-73.0583 4.0218 193 -14
-73.0417 4.0218 191 -13.5
-73.025 4.0218 189 -14.3
-73.0084 4.0218 189 -15.8
-72.9917 4.0218 189 -17
-72.975 4.0218 183 -17.4
-72.9583 4.0218 179 -16.6
-72.9417 4.0218 189 -14.9
-72.925 4.0218 201 -12.8
-74.9084 4.0051 299 -130.4
-74.8917 4.0051 293 -132.6
-74.875 4.0051 281 -132.2
-74.8583 4.0051 287 -128.2
-74.8417 4.0051 307 -120.9
-74.825 4.0051 343 -110.7
-74.8083 4.0051 511 -99.6
-74.7917 4.0051 769 -89
-74.775 4.0051 963 -80.5
-74.7584 4.0051 681 -75
-74.7417 4.0051 511 -72.5
-74.725 4.0051 487 -72.2
-74.7083 4.0051 527 -72.6
-74.6917 4.0051 595 -72.2
-74.675 4.0051 687 -68.8
-74.6584 4.0051 785 -61.3
-74.6417 4.0051 861 -48.7
-74.625 4.0051 951 -30.6
-74.6083 4.0051 1375 -7.7
-74.5917 4.0051 1343 19.2
-74.575 4.0051 1543 47.8
-74.5583 4.0051 1953 76.5
-74.5417 4.0051 2223 102.4
-74.525 4.0051 1933 123.9
-74.5084 4.0051 1983 139
-74.4917 4.0051 2115 147.6
-74.475 4.0051 2397 150.4
-74.4583 4.0051 2435 149.3
-74.4417 4.0051 2463 148.1
-74.425 4.0051 2683 149.8
-74.4084 4.0051 3017 158.1
-74.3917 4.0051 3187 175.2
-74.375 4.0051 2953 201.2
-74.3583 4.0051 2913 235.3
-74.3417 4.0051 3183 273.3
-74.325 4.0051 3155 312.3
-74.3083 4.0051 3317 347
-74.2917 4.0051 3531 375
-74.275 4.0051 3797 394.3
-74.2584 4.0051 3919 405.4
-74.2417 4.0051 3945 410.3
-74.225 4.0051 3975 411.6
-74.2083 4.0051 3979 412.2
-74.1917 4.0051 3947 413.4
-74.175 4.0051 3911 415.4
-74.1584 4.0051 3865 416.7
-74.1417 4.0051 3803 414.3
-74.125 4.0051 3755 405.7
-74.1083 4.0051 3729 388.7
-74.0917 4.0051 3503 362.5
-74.075 4.0051 3429 329.2
-74.0583 4.0051 3279 290.8
-74.0417 4.0051 3443 252.3
-74.025 4.0051 3185 216.5
-74.0084 4.0051 2925 186.9
-73.9917 4.0051 3011 163.9
-73.975 4.0051 2415 147.1
-73.9583 4.0051 2331 134.2
-73.9417 4.0051 2439 122.2
-73.925 4.0051 2217 108.4
-73.9084 4.0051 1975 91.4
-73.8917 4.0051 1413 70.7
-73.875 4.0051 1427 47.7
-73.8583 4.0051 1285 24
-73.8417 4.0051 1015 2.4
-73.825 4.0051 925 -15.8
-73.8083 4.0051 773 -29.7
-73.7917 4.0051 601 -39.6
-73.775 4.0051 555 -46.6
-73.7584 4.0051 531 -51.9
-73.7417 4.0051 515 -56.8
-73.725 4.0051 499 -62
-73.7083 4.0051 485 -67.1
-73.6917 4.0051 473 -71.8
-73.675 4.0051 461 -74.9
-73.6584 4.0051 447 -76.2
-73.6417 4.0051 425 -75.3
-73.625 4.0051 405 -72.9
-73.6083 4.0051 397 -70
-73.5917 4.0051 381 -67.5
-73.575 4.0051 369 -66.4
-73.5583 4.0051 359 -66.9
-73.5417 4.0051 351 -68.5
-73.525 4.0051 341 -70.5
-73.5084 4.0051 331 -71.8
-73.4917 4.0051 323 -71.8
-73.475 4.0051 313 -70.2
-73.4583 4.0051 305 -67.2
-73.4417 4.0051 297 -63.8
-73.425 4.0051 289 -61
-73.4084 4.0051 281 -59.6
-73.3917 4.0051 273 -59.9
-73.375 4.0051 267 -61.6
-73.3583 4.0051 261 -63.8
-73.3417 4.0051 253 -65.4
-73.325 4.0051 247 -65.5
-73.3083 4.0051 243 -63.5
-73.2917 4.0051 237 -59.4
-73.275 4.0051 233 -54.2
-73.2584 4.0051 227 -48.4
-73.2417 4.0051 223 -43.4
-73.225 4.0051 219 -39.7
-73.2083 4.0051 215 -37.4
-73.1917 4.0051 211 -36.2
-73.175 4.0051 205 -35.3
-73.1584 4.0051 203 -34
-73.1417 4.0051 201 -31.5
-73.125 4.0051 197 -28
-73.1083 4.0051 193 -23.7
-73.0917 4.0051 191 -19.3
-73.075 4.0051 193 -15.7
-73.0583 4.0051 193 -13.5
-73.0417 4.0051 193 -12.8
-73.025 4.0051 191 -13.4
-73.0084 4.0051 191 -14.6
-72.9917 4.0051 189 -15.6
-72.975 4.0051 183 -15.9
-72.9583 4.0051 183 -15.1
-72.9417 4.0051 189 -13.5
-72.925 4.0051 197 -11.5
-74.9084 3.9885 293 -130.9
-74.8917 3.9885 287 -133.2
-74.875 3.9885 281 -132.5
-74.8583 3.9885 287 -128.4
-74.8417 3.9885 319 -120.8
-74.825 3.9885 391 -110.7
-74.8083 3.9885 547 -99.6
-74.7917 3.9885 963 -88.9
-74.775 3.9885 787 -80.4
-74.7584 3.9885 523 -74.5
-74.7417 3.9885 515 -71.6
-74.725 3.9885 499 -70.9
-74.7083 3.9885 623 -71.2
-74.6917 3.9885 663 -71.1
-74.675 3.9885 797 -68.6
-74.6584 3.9885 949 -62.6
-74.6417 3.9885 1039 -51.8
-74.625 3.9885 1331 -35.7
-74.6083 3.9885 1515 -14.6
-74.5917 3.9885 1503 11.1
-74.575 3.9885 1647 39.4
-74.5583 3.9885 2099 68.6
-74.5417 3.9885 2407 95.5
-74.525 3.9885 2217 118.5
-74.5084 3.9885 2237 135
-74.4917 3.9885 2039 144.6
-74.475 3.9885 2163 147.7
-74.4583 3.9885 2323 146.5
-74.4417 3.9885 2461 144.6
-74.425 3.9885 2701 145.6
-74.4084 3.9885 2891 153.5
-74.3917 3.9885 2911 170.5
-74.375 3.9885 2777 197.1
-74.3583 3.9885 2879 232.4
-74.3417 3.9885 2983 271.9
-74.325 3.9885 3243 312.2
-74.3083 3.9885 3373 347.7
-74.2917 3.9885 3689 375.9
-74.275 3.9885 3931 394.6
-74.2584 3.9885 3863 404.6
-74.2417 3.9885 3911 408.1
-74.225 3.9885 3983 408.2
-74.2083 3.9885 3895 408.2
-74.1917 3.9885 3871 409.7
-74.175 3.9885 3799 412.9
-74.1584 3.9885 3741 416
-74.1417 3.9885 3739 415.8
-74.125 3.9885 3755 409
-74.1083 3.9885 3579 392.9
-74.0917 3.9885 3577 366.6
-74.075 3.9885 3561 331.6
-74.0583 3.9885 3461 290.4
-74.0417 3.9885 3295 248.1
-74.025 3.9885 3047 208
-74.0084 3.9885 2963 174.4
-73.9917 3.9885 2483 148
-73.975 3.9885 2217 128.8
-73.9583 3.9885 2025 114.7
-73.9417 3.9885 2323 102.7
-73.925 3.9885 2289 89.9
-73.9084 3.9885 1667 74.5
-73.8917 3.9885 1279 55.8
-73.875 3.9885 1513 34.9
-73.8583 3.9885 1499 13.1
-73.8417 3.9885 1375 -6.9
-73.825 3.9885 1205 -23.8
-73.8083 3.9885 893 -36.5
-73.7917 3.9885 621 -45.4
-73.775 3.9885 551 -51.3
-73.7584 3.9885 527 -55.5
-73.7417 3.9885 507 -59.3
-73.725 3.9885 495 -63.3
-73.7083 3.9885 481 -67.3
-73.6917 3.9885 471 -70.8
-73.675 3.9885 465 -73
-73.6584 3.9885 457 -73.3
-73.6417 3.9885 445 -71.8
-73.625 3.9885 429 -68.8
-73.6083 3.9885 407 -65.6
-73.5917 3.9885 389 -63
-73.575 3.9885 375 -61.9
-73.5583 3.9885 361 -62.7
-73.5417 3.9885 349 -64.8
-73.525 3.9885 337 -67.4
-73.5084 3.9885 329 -69.4
-73.4917 3.9885 323 -70.1
-73.475 3.9885 311 -69.1
-73.4583 3.9885 303 -66.7
-73.4417 3.9885 295 -63.8
-73.425 3.9885 287 -61.3
-73.4084 3.9885 279 -60
-73.3917 3.9885 273 -60.4
-73.375 3.9885 267 -61.9
-73.3583 3.9885 261 -64
-73.3417 3.9885 253 -65.2
-73.325 3.9885 249 -64.9
-73.3083 3.9885 243 -62.4
-73.2917 3.9885 237 -57.7
-73.275 3.9885 233 -51.8
-73.2584 3.9885 227 -45.4
-73.2417 3.9885 225 -39.9
-73.225 3.9885 221 -35.8
-73.2083 3.9885 217 -33.3
-73.1917 3.9885 211 -32.3
-73.175 3.9885 207 -31.7
-73.1584 3.9885 203 -30.9
-73.1417 3.9885 201 -29.2
-73.125 3.9885 197 -26.2
-73.1083 3.9885 197 -22.5
-73.0917 3.9885 195 -18.4
-73.075 3.9885 195 -14.9
-73.0583 3.9885 195 -12.5
-73.0417 3.9885 193 -11.6
-73.025 3.9885 191 -11.8
-73.0084 3.9885 191 -12.6
-72.9917 3.9885 187 -13.4
-72.975 3.9885 181 -13.5
-72.9583 3.9885 183 -12.7
-72.9417 3.9885 187 -11.3
-72.925 3.9885 193 -9.7
-74.9084 3.9719 295 -130.9
-74.8917 3.9719 293 -132.5
-74.875 3.9719 281 -131.3
-74.8583 3.9719 289 -126.6
-74.8417 3.9719 339 -118.9
-74.825 3.9719 481 -108.8
-74.8083 3.9719 823 -98.1
-74.7917 3.9719 885 -88
-74.775 3.9719 579 -79.9
-74.7584 3.9719 493 -74.3
-74.7417 3.9719 509 -71.4
-74.725 3.9719 525 -70.6
-74.7083 3.9719 629 -70.9
-74.6917 3.9719 775 -71.1
-74.675 3.9719 859 -69.4
-74.6584 3.9719 903 -64.8
-74.6417 3.9719 1179 -55.8
-74.625 3.9719 1379 -41.7
-74.6083 3.9719 1403 -22.4
-74.5917 3.9719 1501 1.9
-74.575 3.9719 1727 29.6
-74.5583 3.9719 1985 59.1
-74.5417 3.9719 2357 87.1
-74.525 3.9719 2491 111.6
-74.5084 3.9719 2395 129.7
-74.4917 3.9719 2161 140.7
-74.475 3.9719 2027 144.8
-74.4583 3.9719 2195 144
-74.4417 3.9719 2321 142
-74.425 3.9719 2455 142.7
-74.4084 3.9719 2645 150.3
-74.3917 3.9719 2573 167.4
-74.375 3.9719 2811 194.4
-74.3583 3.9719 2839 230.3
-74.3417 3.9719 3117 270.4
-74.325 3.9719 3365 310.9
-74.3083 3.9719 3609 346.1
-74.2917 3.9719 3801 373
-74.275 3.9719 3735 389.5
-74.2584 3.9719 3841 396.5
-74.2417 3.9719 3897 397
-74.225 3.9719 3873 394.2
-74.2083 3.9719 3831 392.3
-74.1917 3.9719 3825 393.2
-74.175 3.9719 3669 397.1
-74.1584 3.9719 3659 402.5
-74.1417 3.9719 3705 405.3
-74.125 3.9719 3707 402.1
-74.1083 3.9719 3687 389.3
-74.0917 3.9719 3295 365.6
-74.075 3.9719 3279 331.9
-74.0583 3.9719 3349 290.7
-74.0417 3.9719 3093 247.1
-74.025 3.9719 3237 204.7
-74.0084 3.9719 3149 168.3
-73.9917 3.9719 2497 139
-73.975 3.9719 2045 117.4
-73.9583 3.9719 1763 101.6
-73.9417 3.9719 1807 88.6
-73.925 3.9719 2043 75.9
-73.9084 3.9719 1413 61.2
-73.8917 3.9719 1235 43.7
-73.875 3.9719 1613 24.3
-73.8583 3.9719 1645 4.2
-73.8417 3.9719 1275 -14.1
-73.825 3.9719 1103 -29.4
-73.8083 3.9719 809 -40.7
-73.7917 3.9719 577 -48.1
-73.775 3.9719 535 -52.7
-73.7584 3.9719 515 -55.8
-73.7417 3.9719 503 -58.4
-73.725 3.9719 485 -61.3
-73.7083 3.9719 467 -64.4
-73.6917 3.9719 451 -67.2
-73.675 3.9719 449 -68.8
-73.6584 3.9719 453 -68.7
-73.6417 3.9719 443 -66.9
-73.625 3.9719 419 -63.9
-73.6083 3.9719 395 -60.7
-73.5917 3.9719 387 -58.3
-73.575 3.9719 379 -57.6
-73.5583 3.9719 369 -58.9
-73.5417 3.9719 355 -61.6
-73.525 3.9719 339 -65
-73.5084 3.9719 327 -67.7
-73.4917 3.9719 319 -69.2
-73.475 3.9719 311 -68.8
-73.4583 3.9719 301 -66.9
-73.4417 3.9719 293 -64.2
-73.425 3.9719 287 -61.7
-73.4084 3.9719 279 -60.3
-73.3917 3.9719 271 -60.3
-73.375 3.9719 265 -61.4
-73.3583 3.9719 259 -63
-73.3417 3.9719 253 -63.8
-73.325 3.9719 249 -63
-73.3083 3.9719 243 -60
-73.2917 3.9719 237 -55
-73.275 3.9719 233 -48.6
-73.2584 3.9719 227 -41.9
-73.2417 3.9719 223 -36.1
-73.225 3.9719 221 -31.8
-73.2083 3.9719 217 -29.4
-73.1917 3.9719 211 -28.4
-73.175 3.9719 209 -28.2
-73.1584 3.9719 207 -27.8
-73.1417 3.9719 205 -26.5
-73.125 3.9719 201 -24.1
-73.1083 3.9719 201 -20.7
-73.0917 3.9719 201 -16.8
-73.075 3.9719 197 -13.3
-73.0583 3.9719 193 -10.7
-73.0417 3.9719 191 -9.3
-73.025 3.9719 187 -9.1
-73.0084 3.9719 185 -9.4
-72.9917 3.9719 183 -9.9
-72.975 3.9719 183 -9.9
-72.9583 3.9719 189 -9.3
-72.9417 3.9719 195 -8.2
-72.925 3.9719 201 -7
-74.9084 3.9553 295 -130.1
-74.8917 3.9553 293 -130.6
-74.875 3.9553 285 -128.3
-74.8583 3.9553 293 -122.7
-74.8417 3.9553 345 -114.7
-74.825 3.9553 489 -105
-74.8083 3.9553 843 -95.1
-74.7917 3.9553 689 -86
-74.775 3.9553 569 -78.8
-74.7584 3.9553 435 -74
-74.7417 3.9553 559 -71.4
-74.725 3.9553 653 -70.7
-74.7083 3.9553 585 -70.8
-74.6917 3.9553 577 -70.9
-74.675 3.9553 633 -69.7
-74.6584 3.9553 895 -65.9
-74.6417 3.9553 1015 -58.4
-74.625 3.9553 1189 -46.1
-74.6083 3.9553 1205 -28.5
-74.5917 3.9553 1385 -5.5
-74.575 3.9553 1605 21.5
-74.5583 3.9553 1807 51.1
-74.5417 3.9553 2165 80.2
-74.525 3.9553 2419 106.3
-74.5084 3.9553 2543 126.3
-74.4917 3.9553 2249 139.3
-74.475 3.9553 2249 144.9
-74.4583 3.9553 2313 145
-74.4417 3.9553 2139 143.6
-74.425 3.9553 2373 144.3
-74.4084 3.9553 2461 151.8
-74.3917 3.9553 2811 168.7
-74.375 3.9553 3103 195.6
-74.3583 3.9553 2931 231.4
-74.3417 3.9553 3309 271.1
-74.325 3.9553 3311 310.6
-74.3083 3.9553 3671 344
-74.2917 3.9553 3915 368
-74.275 3.9553 3903 380.7
-74.2584 3.9553 3819 383.2
-74.2417 3.9553 3843 378.9
-74.225 3.9553 3743 371.8
-74.2083 3.9553 3773 366.5
-74.1917 3.9553 3705 365.6
-74.175 3.9553 3479 369.5
-74.1584 3.9553 3517 376.8
-74.1417 3.9553 3685 383.2
-74.125 3.9553 3693 384.7
-74.1083 3.9553 3529 376.9
-74.0917 3.9553 3293 357.9
-74.075 3.9553 3427 328.2
-74.0583 3.9553 3227 289.4
-74.0417 3.9553 3349 246.9
-74.025 3.9553 3433 204.2
-74.0084 3.9553 3201 166.3
-73.9917 3.9553 2367 134.9
-73.975 3.9553 2021 110.9
-73.9583 3.9553 1859 93
-73.9417 3.9553 1651 78.5
-73.925 3.9553 1887 64.9
-73.9084 3.9553 1577 50.2
-73.8917 3.9553 1331 33.4
-73.875 3.9553 1401 15.3
-73.8583 3.9553 1541 -3.2
-73.8417 3.9553 1143 -19.7
-73.825 3.9553 857 -33.1
-73.8083 3.9553 671 -42.5
-73.7917 3.9553 575 -48.2
-73.775 3.9553 543 -51.3
-73.7584 3.9553 529 -53
-73.7417 3.9553 517 -54.6
-73.725 3.9553 507 -56.7
-73.7083 3.9553 495 -59.3
-73.6917 3.9553 463 -61.8
-73.675 3.9553 433 -63.3
-73.6584 3.9553 419 -63.4
-73.6417 3.9553 411 -61.9
-73.625 3.9553 401 -59.1
-73.6083 3.9553 391 -56.3
-73.5917 3.9553 381 -54.4
-73.575 3.9553 371 -54.2
-73.5583 3.9553 363 -56
-73.5417 3.9553 353 -59.3
-73.525 3.9553 341 -63.4
-73.5084 3.9553 325 -66.8
-73.4917 3.9553 315 -68.8
-73.475 3.9553 305 -68.9
-73.4583 3.9553 297 -67.2
-73.4417 3.9553 291 -64.6
-73.425 3.9553 285 -61.8
-73.4084 3.9553 279 -59.9
-73.3917 3.9553 273 -59.3
-73.375 3.9553 269 -59.7
-73.3583 3.9553 265 -60.6
-73.3417 3.9553 257 -60.9
-73.325 3.9553 247 -59.7
-73.3083 3.9553 243 -56.5
-73.2917 3.9553 237 -51.4
-73.275 3.9553 233 -45
-73.2584 3.9553 227 -38.4
-73.2417 3.9553 227 -32.6
-73.225 3.9553 221 -28.3
-73.2083 3.9553 215 -25.9
-73.1917 3.9553 211 -25.1
-73.175 3.9553 211 -25
-73.1584 3.9553 207 -24.8
-73.1417 3.9553 205 -23.8
-73.125 3.9553 205 -21.5
-73.1083 3.9553 201 -18.3
-73.0917 3.9553 199 -14.5
-73.075 3.9553 195 -10.9
-73.0583 3.9553 185 -7.9
-73.0417 3.9553 189 -6.1
-73.025 3.9553 183 -5.4
-73.0084 3.9553 181 -5.3
-72.9917 3.9553 183 -5.5
-72.975 3.9553 187 -5.5
-72.9583 3.9553 199 -5
-72.9417 3.9553 199 -4.3
-72.925 3.9553 201 -3.7
-74.9084 3.9387 297 -128.7
-74.8917 3.9387 295 -127.6
-74.875 3.9387 287 -123.7
-74.8583 3.9387 299 -117.1
-74.8417 3.9387 357 -108.7
-74.825 3.9387 513 -99.5
-74.8083 3.9387 829 -90.7
-74.7917 3.9387 581 -83.1
-74.775 3.9387 501 -77.4
-74.7584 3.9387 401 -73.5
-74.7417 3.9387 437 -71.3
-74.725 3.9387 475 -70.2
-74.7083 3.9387 547 -69.7
-74.6917 3.9387 707 -68.9
-74.675 3.9387 827 -67.2
-74.6584 3.9387 687 -63.4
-74.6417 3.9387 807 -56.5
-74.625 3.9387 923 -45.4
-74.6083 3.9387 1101 -29.2
-74.5917 3.9387 1295 -7.5
-74.575 3.9387 1481 18.8
-74.5583 3.9387 1705 48.6
-74.5417 3.9387 1941 78.5
-74.525 3.9387 2191 106.4
-74.5084 3.9387 2469 128.7
-74.4917 3.9387 2247 144
-74.475 3.9387 2299 151.8
-74.4583 3.9387 2473 153.6
-74.4417 3.9387 2445 153.2
-74.425 3.9387 2697 154.4
-74.4084 3.9387 2859 161.8
-74.3917 3.9387 3119 178.2
-74.375 3.9387 3265 204.2
-74.3583 3.9387 3025 238.8
-74.3417 3.9387 3331 276.8
-74.325 3.9387 3511 314.1
-74.3083 3.9387 3657 344.3
-74.2917 3.9387 3731 364.2
-74.275 3.9387 3777 371.9
-74.2584 3.9387 3823 368.6
-74.2417 3.9387 3751 358.3
-74.225 3.9387 3699 345.4
-74.2083 3.9387 3665 335.4
-74.1917 3.9387 3497 331.2
-74.175 3.9387 3605 334
-74.1584 3.9387 3691 342.2
-74.1417 3.9387 3603 351.5
-74.125 3.9387 3699 357.6
-74.1083 3.9387 3915 355.4
-74.0917 3.9387 3525 342.4
-74.075 3.9387 3551 318
-74.0583 3.9387 3317 283.8
-74.0417 3.9387 3511 244.2
-74.025 3.9387 3441 202.9
-74.0084 3.9387 3075 165
-73.9917 3.9387 2551 132.3
-73.975 3.9387 2227 106.6
-73.9583 3.9387 1817 86.5
-73.9417 3.9387 1655 70.2
-73.925 3.9387 2011 55.4
-73.9084 3.9387 1739 40.2
-73.8917 3.9387 1191 23.8
-73.875 3.9387 1155 6.7
-73.8583 3.9387 1267 -10
-73.8417 3.9387 1075 -24.4
-73.825 3.9387 795 -35.5
-73.8083 3.9387 651 -42.7
-73.7917 3.9387 581 -46.4
-73.775 3.9387 553 -47.8
-73.7584 3.9387 535 -48.2
-73.7417 3.9387 521 -49
-73.725 3.9387 509 -50.8
-73.7083 3.9387 497 -53.3
-73.6917 3.9387 487 -56.1
-73.675 3.9387 475 -58.2
-73.6584 3.9387 443 -58.9
-73.6417 3.9387 431 -58
-73.625 3.9387 413 -55.9
-73.6083 3.9387 401 -53.7
-73.5917 3.9387 381 -52.2
-73.575 3.9387 365 -52.5
-73.5583 3.9387 349 -54.6
-73.5417 3.9387 343 -58.3
-73.525 3.9387 331 -62.7
-73.5084 3.9387 319 -66.4
-73.4917 3.9387 309 -68.7
-73.475 3.9387 301 -69
-73.4583 3.9387 295 -67.3
-73.4417 3.9387 289 -64.4
-73.425 3.9387 281 -61.1
-73.4084 3.9387 275 -58.6
-73.3917 3.9387 271 -57.1
-73.375 3.9387 267 -56.8
-73.3583 3.9387 259 -57
-73.3417 3.9387 253 -56.9
-73.325 3.9387 247 -55.5
-73.3083 3.9387 243 -52.4
-73.2917 3.9387 237 -47.6
-73.275 3.9387 233 -41.7
-73.2584 3.9387 229 -35.4
-73.2417 3.9387 231 -29.9
-73.225 3.9387 221 -25.9
-73.2083 3.9387 215 -23.6
-73.1917 3.9387 211 -22.7
-73.175 3.9387 207 -22.5
-73.1584 3.9387 205 -22.2
-73.1417 3.9387 201 -21.1
-73.125 3.9387 197 -18.8
-73.1083 3.9387 199 -15.5
-73.0917 3.9387 193 -11.6
-73.075 3.9387 191 -7.8
-73.0583 3.9387 187 -4.6
-73.0417 3.9387 187 -2.4
-73.025 3.9387 185 -1.3
-73.0084 3.9387 183 -0.9
-72.9917 3.9387 185 -0.8
-72.975 3.9387 193 -0.7
-72.9583 3.9387 205 -0.4
-72.9417 3.9387 209 -0.1
-72.925 3.9387 209 -0.1
-74.9084 3.922 297 -127.1
-74.8917 3.922 297 -123.9
-74.875 3.922 289 -118
-74.8583 3.922 361 -110.2
-74.8417 3.922 415 -101.6
-74.825 3.922 615 -93.1
-74.8083 3.922 839 -85.8
-74.7917 3.922 499 -80.1
-74.775 3.922 427 -76
-74.7584 3.922 447 -73.1
-74.7417 3.922 503 -70.9
-74.725 3.922 601 -68.9
-74.7083 3.922 671 -66.6
-74.6917 3.922 961 -63.9
-74.675 3.922 979 -60.4
-74.6584 3.922 787 -55.4
-74.6417 3.922 1041 -48.2
-74.625 3.922 1101 -37.5
-74.6083 3.922 1025 -22.2
-74.5917 3.922 1197 -1.6
-74.575 3.922 1403 23.9
-74.5583 3.922 1725 53.7
-74.5417 3.922 2001 84.6
-74.525 3.922 2275 114.3
-74.5084 3.922 2405 139.1
-74.4917 3.922 2313 157.3
-74.475 3.922 2373 167.8
-74.4583 3.922 2465 172
-74.4417 3.922 2709 173.1
-74.425 3.922 3015 174.9
-74.4084 3.922 3107 182
-74.3917 3.922 3341 197.3
-74.375 3.922 3375 221.6
-74.3583 3.922 3121 253.8
-74.3417 3.922 3407 289
-74.325 3.922 3665 322.8
-74.3083 3.922 3849 348.8
-74.2917 3.922 3717 363.7
-74.275 3.922 3839 365.6
-74.2584 3.922 3785 355.9
-74.2417 3.922 3683 338.8
-74.225 3.922 3557 319.2
-74.2083 3.922 3453 303.3
-74.1917 3.922 3343 294.5
-74.175 3.922 3539 294.5
-74.1584 3.922 3635 302.1
-74.1417 3.922 3767 313
-74.125 3.922 3865 322.7
-74.1083 3.922 3537 325.8
-74.0917 3.922 3641 318.8
-74.075 3.922 3463 300.7
-74.0583 3.922 3441 272
-74.0417 3.922 3371 236.9
-74.025 3.922 3255 198.5
-74.0084 3.922 2899 161.8
-73.9917 3.922 2303 129
-73.975 3.922 2035 102.1
-73.9583 3.922 1715 80.2
-73.9417 3.922 1403 62.1
-73.925 3.922 1757 45.9
-73.9084 3.922 1503 30.1
-73.8917 3.922 1311 13.9
-73.875 3.922 921 -2
-73.8583 3.922 819 -16.8
-73.8417 3.922 803 -28.8
-73.825 3.922 727 -37.4
-73.8083 3.922 617 -42.1
-73.7917 3.922 575 -43.7
-73.775 3.922 553 -43.4
-73.7584 3.922 533 -42.8
-73.7417 3.922 517 -43
-73.725 3.922 505 -44.7
-73.7083 3.922 493 -47.7
-73.6917 3.922 481 -51.3
-73.675 3.922 467 -54.3
-73.6584 3.922 445 -56
-73.6417 3.922 419 -56.1
-73.625 3.922 413 -54.8
-73.6083 3.922 399 -53.1
-73.5917 3.922 389 -52
-73.575 3.922 371 -52.4
-73.5583 3.922 357 -54.6
-73.5417 3.922 335 -58.2
-73.525 3.922 323 -62.5
-73.5084 3.922 315 -66.2
-73.4917 3.922 305 -68.4
-73.475 3.922 299 -68.5
-73.4583 3.922 291 -66.6
-73.4417 3.922 285 -63.3
-73.425 3.922 279 -59.5
-73.4084 3.922 277 -56.2
-73.3917 3.922 275 -54
-73.375 3.922 267 -52.9
-73.3583 3.922 263 -52.6
-73.3417 3.922 251 -52.2
-73.325 3.922 245 -51
-73.3083 3.922 243 -48.3
-73.2917 3.922 237 -44.1
-73.275 3.922 231 -38.9
-73.2584 3.922 227 -33.3
-73.2417 3.922 227 -28.4
-73.225 3.922 221 -24.7
-73.2083 3.922 217 -22.4
-73.1917 3.922 215 -21.3
-73.175 3.922 213 -20.8
-73.1584 3.922 207 -20.1
-73.1417 3.922 203 -18.7
-73.125 3.922 195 -16.1
-73.1083 3.922 191 -12.6
-73.0917 3.922 189 -8.5
-73.075 3.922 185 -4.5
-73.0583 3.922 185 -1.1
-73.0417 3.922 187 1.3
-73.025 3.922 187 2.8
-73.0084 3.922 187 3.5
-72.9917 3.922 191 3.8
-72.975 3.922 195 3.9
-72.9583 3.922 201 4.1
-72.9417 3.922 207 4.1
-72.925 3.922 215 3.6
-74.9084 3.9054 297 -125.8
-74.8917 3.9054 287 -120.1
-74.875 3.9054 295 -112.3
-74.8583 3.9054 311 -103.3
-74.8417 3.9054 425 -94.6
-74.825 3.9054 771 -87.2
-74.8083 3.9054 683 -81.7
-74.7917 3.9054 465 -78
-74.775 3.9054 379 -75.4
-74.7584 3.9054 439 -73.1
-74.7417 3.9054 523 -70.1
-74.725 3.9054 703 -66.1
-74.7083 3.9054 969 -61
-74.6917 3.9054 1249 -54.8
-74.675 3.9054 1109 -48.1
-74.6584 3.9054 949 -40.7
-74.6417 3.9054 1101 -32
-74.625 3.9054 1277 -21
-74.6083 3.9054 1247 -6.2
-74.5917 3.9054 1331 13.5
-74.575 3.9054 1439 38.3
-74.5583 3.9054 1703 67.9
-74.5417 3.9054 2067 99.6
-74.525 3.9054 2405 131.2
-74.5084 3.9054 2377 158.8
-74.4917 3.9054 2557 180.2
-74.475 3.9054 2629 194
-74.4583 3.9054 2575 200.9
-74.4417 3.9054 2831 203.8
-74.425 3.9054 3247 206.2
-74.4084 3.9054 3373 212.7
-74.3917 3.9054 3485 226.2
-74.375 3.9054 3361 247.7
-74.3583 3.9054 3179 276.3
-74.3417 3.9054 3397 307.5
-74.325 3.9054 3655 336.9
-74.3083 3.9054 3865 358.2
-74.2917 3.9054 3807 367.9
-74.275 3.9054 3793 364.3
-74.2584 3.9054 3691 348.4
-74.2417 3.9054 3639 324.9
-74.225 3.9054 3479 298.6
-74.2083 3.9054 3231 276.3
-74.1917 3.9054 3225 261.8
-74.175 3.9054 3425 257.5
-74.1584 3.9054 3581 262.5
-74.1417 3.9054 3639 273
-74.125 3.9054 3899 284.5
-74.1083 3.9054 3607 291.1
-74.0917 3.9054 3287 289.3
-74.075 3.9054 3107 276.9
-74.0583 3.9054 3263 254.1
-74.0417 3.9054 2973 224
-74.025 3.9054 2733 189.5
-74.0084 3.9054 2381 155.2
-73.9917 3.9054 2213 123.3
-73.975 3.9054 1687 95.9
-73.9583 3.9054 1375 72.9
-73.9417 3.9054 1347 53.4
-73.925 3.9054 1627 36
-73.9084 3.9054 1505 19.6
-73.8917 3.9054 1211 3.7
-73.875 3.9054 1233 -11
-73.8583 3.9054 959 -23.9
-73.8417 3.9054 723 -33.6
-73.825 3.9054 635 -39.6
-73.8083 3.9054 595 -41.9
-73.7917 3.9054 571 -41.4
-73.775 3.9054 547 -39.6
-73.7584 3.9054 527 -38.1
-73.7417 3.9054 513 -38.1
-73.725 3.9054 499 -40.1
-73.7083 3.9054 477 -43.8
-73.6917 3.9054 459 -48.4
-73.675 3.9054 467 -52.5
-73.6584 3.9054 433 -55.4
-73.6417 3.9054 421 -56.4
-73.625 3.9054 413 -55.8
-73.6083 3.9054 399 -54.5
-73.5917 3.9054 377 -53.5
-73.575 3.9054 361 -53.7
-73.5583 3.9054 353 -55.4
-73.5417 3.9054 337 -58.6
-73.525 3.9054 317 -62.4
-73.5084 3.9054 311 -65.6
-73.4917 3.9054 305 -67.5
-73.475 3.9054 297 -67.3
-73.4583 3.9054 289 -65
-73.4417 3.9054 283 -61.3
-73.425 3.9054 277 -57
-73.4084 3.9054 271 -53.2
-73.3917 3.9054 267 -50.4
-73.375 3.9054 263 -48.8
-73.3583 3.9054 259 -48.2
-73.3417 3.9054 253 -47.8
-73.325 3.9054 245 -46.8
-73.3083 3.9054 239 -44.8
-73.2917 3.9054 235 -41.4
-73.275 3.9054 229 -37.1
-73.2584 3.9054 225 -32.4
-73.2417 3.9054 221 -28.1
-73.225 3.9054 219 -24.6
-73.2083 3.9054 217 -22.2
-73.1917 3.9054 215 -20.8
-73.175 3.9054 213 -19.8
-73.1584 3.9054 209 -18.5
-73.1417 3.9054 209 -16.5
-73.125 3.9054 201 -13.6
-73.1083 3.9054 193 -9.8
-73.0917 3.9054 187 -5.5
-73.075 3.9054 195 -1.4
-73.0583 3.9054 199 2.1
-73.0417 3.9054 195 4.6
-73.025 3.9054 189 6.2
-73.0084 3.9054 191 7
-72.9917 3.9054 203 7.4
-72.975 3.9054 203 7.6
-72.9583 3.9054 211 7.6
-72.9417 3.9054 219 7.4
-72.925 3.9054 231 6.7
-74.9084 3.8888 285 -124.8
-74.8917 3.8888 291 -116.8
-74.875 3.8888 305 -107.2
-74.8583 3.8888 371 -97.2
-74.8417 3.8888 567 -88.8
-74.825 3.8888 779 -82.7
-74.8083 3.8888 531 -79.1
-74.7917 3.8888 431 -77.3
-74.775 3.8888 389 -75.9
-74.7584 3.8888 427 -73.5
-74.7417 3.8888 547 -68.9
-74.725 3.8888 771 -61.7
-74.7083 3.8888 993 -52.3
-74.6917 3.8888 1155 -41.4
-74.675 3.8888 1171 -30.2
-74.6584 3.8888 1189 -19.1
-74.6417 3.8888 1299 -8
-74.625 3.8888 1469 4
-74.6083 3.8888 1525 18.6
-74.5917 3.8888 1617 37.5
-74.575 3.8888 1587 61.5
-74.5583 3.8888 1833 90.8
-74.5417 3.8888 2141 123.2
-74.525 3.8888 2467 156.7
-74.5084 3.8888 2419 187.1
-74.4917 3.8888 2545 212.2
-74.475 3.8888 2715 229.5
-74.4583 3.8888 2741 239.4
-74.4417 3.8888 3035 244.2
-74.425 3.8888 3351 247
-74.4084 3.8888 3571 252.2
-74.3917 3.8888 3455 262.8
-74.375 3.8888 3253 280.4
-74.3583 3.8888 3303 304.3
-74.3417 3.8888 3467 330.5
-74.325 3.8888 3745 354.8
-74.3083 3.8888 3833 371.2
-74.2917 3.8888 3835 376.2
-74.275 3.8888 3789 367.8
-74.2584 3.8888 3695 346.9
-74.2417 3.8888 3577 317.9
-74.225 3.8888 3389 285.7
-74.2083 3.8888 3063 257.2
-74.1917 3.8888 3133 236.6
-74.175 3.8888 3469 226.8
-74.1584 3.8888 3713 227.4
-74.1417 3.8888 3869 235.3
-74.125 3.8888 3647 246.3
-74.1083 3.8888 3395 254.6
-74.0917 3.8888 3385 256.3
-74.075 3.8888 2851 248.7
-74.0583 3.8888 2673 231.4
-74.0417 3.8888 2379 206.6
-74.025 3.8888 2409 176.6
-74.0084 3.8888 2069 145.5
-73.9917 3.8888 2109 115.3
-73.975 3.8888 1571 88.5
-73.9583 3.8888 1255 64.9
-73.9417 3.8888 1561 44.4
-73.925 3.8888 1813 26
-73.9084 3.8888 1769 9.2
-73.8917 3.8888 1427 -6.4
-73.875 3.8888 1351 -20.1
-73.8583 3.8888 991 -31.2
-73.8417 3.8888 803 -38.7
-73.825 3.8888 681 -42.3
-73.8083 3.8888 583 -42.4
-73.7917 3.8888 559 -40.1
-73.775 3.8888 539 -37.1
-73.7584 3.8888 519 -34.9
-73.7417 3.8888 501 -34.9
-73.725 3.8888 487 -37.5
-73.7083 3.8888 465 -42
-73.6917 3.8888 447 -47.7
-73.675 3.8888 433 -52.9
-73.6584 3.8888 425 -56.8
-73.6417 3.8888 419 -58.6
-73.625 3.8888 417 -58.5
-73.6083 3.8888 403 -57.3
-73.5917 3.8888 373 -56
-73.575 3.8888 351 -55.6
-73.5583 3.8888 339 -56.6
-73.5417 3.8888 325 -58.9
-73.525 3.8888 313 -61.9
-73.5084 3.8888 303 -64.5
-73.4917 3.8888 297 -65.8
-73.475 3.8888 291 -65.2
-73.4583 3.8888 287 -62.6
-73.4417 3.8888 281 -58.6
-73.425 3.8888 277 -54
-73.4084 3.8888 273 -49.9
-73.3917 3.8888 265 -46.8
-73.375 3.8888 259 -45
-73.3583 3.8888 255 -44.3
-73.3417 3.8888 253 -44
-73.325 3.8888 249 -43.5
-73.3083 3.8888 245 -42.1
-73.2917 3.8888 239 -39.7
-73.275 3.8888 231 -36.3
-73.2584 3.8888 225 -32.4
-73.2417 3.8888 219 -28.6
-73.225 3.8888 213 -25.3
-73.2083 3.8888 213 -22.8
-73.1917 3.8888 209 -20.9
-73.175 3.8888 211 -19.1
-73.1584 3.8888 211 -17.2
-73.1417 3.8888 209 -14.6
-73.125 3.8888 201 -11.2
-73.1083 3.8888 193 -7.1
-73.0917 3.8888 197 -2.8
-73.075 3.8888 203 1.2
-73.0583 3.8888 201 4.6
-73.0417 3.8888 197 7.1
-73.025 3.8888 195 8.6
-73.0084 3.8888 205 9.4
-72.9917 3.8888 211 9.9
-72.975 3.8888 213 10.1
-72.9583 3.8888 217 10.1
-72.9417 3.8888 233 9.9
-72.925 3.8888 229 9.1
-74.9084 3.8721 285 -124.3
-74.8917 3.8721 303 -114.3
-74.875 3.8721 359 -103.2
-74.8583 3.8721 527 -92.8
-74.8417 3.8721 773 -85
-74.825 3.8721 565 -80.5
-74.8083 3.8721 433 -78.7
-74.7917 3.8721 411 -78.5
-74.775 3.8721 609 -77.7
-74.7584 3.8721 459 -74.3
-74.7417 3.8721 653 -67.1
-74.725 3.8721 929 -55.6
-74.7083 3.8721 1083 -40.9
-74.6917 3.8721 1165 -24.1
-74.675 3.8721 1175 -7.6
-74.6584 3.8721 1239 7.9
-74.6417 3.8721 1371 21.8
-74.625 3.8721 1643 35.1
-74.6083 3.8721 1871 49.6
-74.5917 3.8721 1823 67.6
-74.575 3.8721 1777 90.6
-74.5583 3.8721 2017 119.4
-74.5417 3.8721 2287 152.5
-74.525 3.8721 2537 187.8
-74.5084 3.8721 2565 221.2
-74.4917 3.8721 2761 250
-74.475 3.8721 2879 271
-74.4583 3.8721 3025 283.9
-74.4417 3.8721 3231 290.2
-74.425 3.8721 3443 292.8
-74.4084 3.8721 3503 295.8
-74.3917 3.8721 3325 302.5
-74.375 3.8721 3245 314.9
-74.3583 3.8721 3361 333
-74.3417 3.8721 3585 353.3
-74.325 3.8721 3765 372.4
-74.3083 3.8721 3809 384.4
-74.2917 3.8721 3725 385.8
-74.275 3.8721 3707 374.4
-74.2584 3.8721 3681 350.5
-74.2417 3.8721 3597 318.2
-74.225 3.8721 3433 281.9
-74.2083 3.8721 3031 248.5
-74.1917 3.8721 3035 222.1
-74.175 3.8721 3381 206.4
-74.1584 3.8721 3541 201.6
-74.1417 3.8721 3685 205.1
-74.125 3.8721 3577 213.5
-74.1083 3.8721 3283 221.3
-74.0917 3.8721 3117 224.6
-74.075 3.8721 3013 220.4
-74.0583 3.8721 2463 207.7
-74.0417 3.8721 2213 187.8
-74.025 3.8721 1873 162.5
-74.0084 3.8721 1897 135
-73.9917 3.8721 1809 107.3
-73.975 3.8721 1355 81.5
-73.9583 3.8721 1473 58
-73.9417 3.8721 1617 36.9
-73.925 3.8721 1881 17.7
-73.9084 3.8721 1883 0.4
-73.8917 3.8721 1785 -15.1
-73.875 3.8721 1361 -28
-73.8583 3.8721 1043 -37.8
-73.8417 3.8721 753 -43.5
-73.825 3.8721 677 -45.3
-73.8083 3.8721 597 -43.8
-73.7917 3.8721 555 -40.2
-73.775 3.8721 525 -36.4
-73.7584 3.8721 507 -33.9
-73.7417 3.8721 489 -34.1
-73.725 3.8721 473 -37.1
-73.7083 3.8721 455 -42.4
-73.6917 3.8721 439 -48.9
-73.675 3.8721 427 -54.9
-73.6584 3.8721 415 -59.4
-73.6417 3.8721 403 -61.6
-73.625 3.8721 393 -61.6
-73.6083 3.8721 393 -60.3
-73.5917 3.8721 355 -58.4
-73.575 3.8721 335 -57.3
-73.5583 3.8721 329 -57.3
-73.5417 3.8721 323 -58.6
-73.525 3.8721 315 -60.7
-73.5084 3.8721 305 -62.5
-73.4917 3.8721 299 -63.3
-73.475 3.8721 291 -62.4
-73.4583 3.8721 283 -59.8
-73.4417 3.8721 279 -55.8
-73.425 3.8721 275 -51.2
-73.4084 3.8721 269 -47.1
-73.3917 3.8721 263 -43.9
-73.375 3.8721 257 -42.1
-73.3583 3.8721 253 -41.5
-73.3417 3.8721 251 -41.4
-73.325 3.8721 251 -41.3
-73.3083 3.8721 245 -40.5
-73.2917 3.8721 239 -38.7
-73.275 3.8721 233 -36
-73.2584 3.8721 225 -32.7
-73.2417 3.8721 217 -29.2
-73.225 3.8721 213 -26
-73.2083 3.8721 209 -23.2
-73.1917 3.8721 205 -20.8
-73.175 3.8721 201 -18.4
-73.1584 3.8721 203 -15.8
-73.1417 3.8721 201 -12.6
-73.125 3.8721 197 -8.8
-73.1083 3.8721 195 -4.7
-73.0917 3.8721 203 -0.4
-73.075 3.8721 205 3.4
-73.0583 3.8721 203 6.5
-73.0417 3.8721 193 8.7
-73.025 3.8721 203 10.1
-73.0084 3.8721 213 10.8
-72.9917 3.8721 223 11.2
-72.975 3.8721 219 11.5
-72.9583 3.8721 233 11.6
-72.9417 3.8721 235 11.4
-72.925 3.8721 225 10.7
-74.9084 3.8555 293 -124.1
-74.8917 3.8555 333 -112.5
-74.875 3.8555 517 -100.6
-74.8583 3.8555 769 -90.3
-74.8417 3.8555 563 -83.6
-74.825 3.8555 507 -80.7
-74.8083 3.8555 401 -80.7
-74.7917 3.8555 541 -81.5
-74.775 3.8555 653 -80.4
-74.7584 3.8555 513 -75.2
-74.7417 3.8555 671 -64.3
-74.725 3.8555 1053 -47.6
-74.7083 3.8555 1141 -26.7
-74.6917 3.8555 1175 -3.7
-74.675 3.8555 1191 18.6
-74.6584 3.8555 1275 38.5
-74.6417 3.8555 1465 55.2
-74.625 3.8555 1735 69.6
-74.6083 3.8555 2037 83.9
-74.5917 3.8555 2271 100.8
-74.575 3.8555 2169 122.6
-74.5583 3.8555 2297 150.8
-74.5417 3.8555 2539 184.4
-74.525 3.8555 2615 221.7
-74.5084 3.8555 2639 258.1
-74.4917 3.8555 2769 290.6
-74.475 3.8555 3015 315.2
-74.4583 3.8555 3301 330.9
-74.4417 3.8555 3349 338.3
-74.425 3.8555 3499 339.9
-74.4084 3.8555 3477 339.7
-74.3917 3.8555 3297 341.2
-74.375 3.8555 3311 347.2
-74.3583 3.8555 3427 358.2
-74.3417 3.8555 3591 372.2
-74.325 3.8555 3771 385.9
-74.3083 3.8555 3843 394.1
-74.2917 3.8555 3721 393.4
-74.275 3.8555 3589 381
-74.2584 3.8555 3491 356.8
-74.2417 3.8555 3357 323.7
-74.225 3.8555 3181 285.8
-74.2083 3.8555 2927 249.3
-74.1917 3.8555 3003 218.4
-74.175 3.8555 3427 197.2
-74.1584 3.8555 3543 186.3
-74.1417 3.8555 3469 184.5
-74.125 3.8555 3345 188.6
-74.1083 3.8555 3119 194.2
-74.0917 3.8555 2695 197.5
-74.075 3.8555 2573 195.3
-74.0583 3.8555 2197 186.3
-74.0417 3.8555 2079 170.9
-74.025 3.8555 1561 150.1
-74.0084 3.8555 1665 126.5
-73.9917 3.8555 1721 101.5
-73.975 3.8555 1313 77.2
-73.9583 3.8555 1727 54
-73.9417 3.8555 1829 32.5
-73.925 3.8555 1617 12.5
-73.9084 3.8555 1623 -5.5
-73.8917 3.8555 1815 -21.3
-73.875 3.8555 1333 -33.9
-73.8583 3.8555 927 -43
-73.8417 3.8555 743 -47.7
-73.825 3.8555 637 -48.4
-73.8083 3.8555 585 -45.8
-73.7917 3.8555 581 -41.5
-73.775 3.8555 519 -37.4
-73.7584 3.8555 495 -34.8
-73.7417 3.8555 479 -35.2
-73.725 3.8555 461 -38.6
-73.7083 3.8555 447 -44.3
-73.6917 3.8555 435 -51.2
-73.675 3.8555 419 -57.5
-73.6584 3.8555 409 -62.2
-73.6417 3.8555 397 -64.5
-73.625 3.8555 383 -64.3
-73.6083 3.8555 365 -62.5
-73.5917 3.8555 349 -60.1
-73.575 3.8555 337 -58.1
-73.5583 3.8555 329 -57.2
-73.5417 3.8555 319 -57.6
-73.525 3.8555 313 -58.8
-73.5084 3.8555 307 -60
-73.4917 3.8555 305 -60.4
-73.475 3.8555 301 -59.4
-73.4583 3.8555 289 -56.8
-73.4417 3.8555 281 -53.2
-73.425 3.8555 275 -49
-73.4084 3.8555 267 -45.1
-73.3917 3.8555 269 -42.2
-73.375 3.8555 267 -40.5
-73.3583 3.8555 261 -39.9
-73.3417 3.8555 255 -39.9
-73.325 3.8555 251 -40
-73.3083 3.8555 245 -39.5
-73.2917 3.8555 243 -38.1
-73.275 3.8555 243 -35.8
-73.2584 3.8555 239 -32.7
-73.2417 3.8555 231 -29.4
-73.225 3.8555 225 -26.1
-73.2083 3.8555 215 -23
-73.1917 3.8555 209 -20
-73.175 3.8555 203 -17.1
-73.1584 3.8555 197 -13.9
-73.1417 3.8555 195 -10.3
-73.125 3.8555 195 -6.4
-73.1083 3.8555 197 -2.2
-73.0917 3.8555 205 1.8
-73.075 3.8555 205 5.3
-73.0583 3.8555 203 8
-73.0417 3.8555 195 9.9
-73.025 3.8555 209 11
-73.0084 3.8555 215 11.6
-72.9917 3.8555 227 12
-72.975 3.8555 235 12.2
-72.9583 3.8555 233 12.4
-72.9417 3.8555 225 12.3
-72.925 3.8555 225 11.6
-74.9084 3.8389 315 -123.7
-74.8917 3.8389 449 -111.2
-74.875 3.8389 669 -99.2
-74.8583 3.8389 709 -89.7
-74.8417 3.8389 451 -84.3
-74.825 3.8389 377 -83
-74.8083 3.8389 535 -84.2
-74.7917 3.8389 475 -85.3
-74.775 3.8389 531 -83.1
-74.7584 3.8389 575 -75.1
-74.7417 3.8389 755 -59.9
-74.725 3.8389 909 -37.6
-74.7083 3.8389 1127 -10.7
-74.6917 3.8389 1185 18.4
-74.675 3.8389 1233 45.7
-74.6584 3.8389 1401 69.4
-74.6417 3.8389 1633 88.1
-74.625 3.8389 1887 102.9
-74.6083 3.8389 2217 116.4
-74.5917 3.8389 2367 131.8
-74.575 3.8389 2439 152.4
-74.5583 3.8389 2553 180
-74.5417 3.8389 2737 214.2
-74.525 3.8389 2761 253.3
-74.5084 3.8389 2863 292.7
-74.4917 3.8389 2905 328.9
-74.475 3.8389 3243 356.8
-74.4583 3.8389 3375 374.7
-74.4417 3.8389 3529 382.5
-74.425 3.8389 3667 382.1
-74.4084 3.8389 3531 377.7
-74.3917 3.8389 3307 372.8
-74.375 3.8389 3363 371.3
-74.3583 3.8389 3587 374.6
-74.3417 3.8389 3771 381.7
-74.325 3.8389 3777 390.3
-74.3083 3.8389 3859 395.8
-74.2917 3.8389 3825 394.5
-74.275 3.8389 3747 383.4
-74.2584 3.8389 3605 361.5
-74.2417 3.8389 3427 330.8
-74.225 3.8389 3287 294.1
-74.2083 3.8389 3105 257.1
-74.1917 3.8389 2773 223.8
-74.175 3.8389 2963 198.4
-74.1584 3.8389 3291 182.2
-74.1417 3.8389 3233 174.9
-74.125 3.8389 3029 174.3
-74.1083 3.8389 2507 176.8
-74.0917 3.8389 2243 179.2
-74.075 3.8389 2137 178.1
-74.0583 3.8389 1891 171.9
-74.0417 3.8389 1621 160.3
-74.025 3.8389 1407 143.6
-74.0084 3.8389 1413 123.6
-73.9917 3.8389 1325 101.2
-73.975 3.8389 1157 78.2
-73.9583 3.8389 1475 55.2
-73.9417 3.8389 1697 33.1
-73.925 3.8389 1331 12
-73.9084 3.8389 1267 -7.1
-73.8917 3.8389 1393 -23.8
-73.875 3.8389 1075 -36.9
-73.8583 3.8389 863 -46
-73.8417 3.8389 761 -50.5
-73.825 3.8389 637 -50.8
-73.8083 3.8389 561 -48.1
-73.7917 3.8389 517 -43.6
-73.775 3.8389 495 -39.5
-73.7584 3.8389 481 -37.1
-73.7417 3.8389 467 -37.6
-73.725 3.8389 453 -41.1
-73.7083 3.8389 439 -46.7
-73.6917 3.8389 427 -53.5
-73.675 3.8389 413 -59.6
-73.6584 3.8389 401 -64.1
-73.6417 3.8389 395 -66
-73.625 3.8389 377 -65.5
-73.6083 3.8389 359 -63.2
-73.5917 3.8389 347 -60.2
-73.575 3.8389 335 -57.6
-73.5583 3.8389 325 -56.1
-73.5417 3.8389 317 -55.7
-73.525 3.8389 311 -56.4
-73.5084 3.8389 303 -57.2
-73.4917 3.8389 299 -57.4
-73.475 3.8389 293 -56.6
-73.4583 3.8389 287 -54.4
-73.4417 3.8389 283 -51.3
-73.425 3.8389 277 -47.6
-73.4084 3.8389 277 -44.2
-73.3917 3.8389 273 -41.6
-73.375 3.8389 271 -40.1
-73.3583 3.8389 265 -39.5
-73.3417 3.8389 257 -39.4
-73.325 3.8389 253 -39.4
-73.3083 3.8389 251 -38.7
-73.2917 3.8389 247 -37.3
-73.275 3.8389 245 -35
-73.2584 3.8389 241 -31.9
-73.2417 3.8389 239 -28.5
-73.225 3.8389 231 -25
-73.2083 3.8389 219 -21.6
-73.1917 3.8389 213 -18.2
-73.175 3.8389 209 -14.9
-73.1584 3.8389 201 -11.4
-73.1417 3.8389 199 -7.6
-73.125 3.8389 195 -3.6
-73.1083 3.8389 203 0.3
-73.0917 3.8389 209 4.1
-73.075 3.8389 207 7.2
-73.0583 3.8389 199 9.5
-73.0417 3.8389 203 11.1
-73.025 3.8389 205 11.9
-73.0084 3.8389 213 12.4
-72.9917 3.8389 227 12.7
-72.975 3.8389 239 12.9
-72.9583 3.8389 233 13.1
-72.9417 3.8389 229 13
-72.925 3.8389 233 12.4
-74.9084 3.8222 329 -122.5
-74.8917 3.8222 469 -110
-74.875 3.8222 793 -98.7
-74.8583 3.8222 641 -90.4
-74.8417 3.8222 403 -86.5
-74.825 3.8222 467 -86.6
-74.8083 3.8222 481 -88.3
-74.7917 3.8222 537 -88.9
-74.775 3.8222 595 -84.7
-74.7584 3.8222 729 -73.2
-74.7417 3.8222 993 -53.3
-74.725 3.8222 1091 -25.5
-74.7083 3.8222 1245 6.9
-74.6917 3.8222 1363 40.9
-74.675 3.8222 1455 72
-74.6584 3.8222 1649 98.1
-74.6417 3.8222 1797 117.5
-74.625 3.8222 2001 131.8
-74.6083 3.8222 2197 143.9
-74.5917 3.8222 2409 157.5
-74.575 3.8222 2611 176.7
-74.5583 3.8222 2817 203.9
-74.5417 3.8222 2707 238.8
-74.525 3.8222 2809 280
-74.5084 3.8222 2931 322.4
-74.4917 3.8222 3119 361.9
-74.475 3.8222 3391 392.7
-74.4583 3.8222 3633 412.2
-74.4417 3.8222 3767 419.6
-74.425 3.8222 3757 416.3
-74.4084 3.8222 3463 406.6
-74.3917 3.8222 3343 394.4
-74.375 3.8222 3469 384.6
-74.3583 3.8222 3721 379.5
-74.3417 3.8222 3875 379.7
-74.325 3.8222 3921 383.6
-74.3083 3.8222 3833 387.1
-74.2917 3.8222 3889 386.9
-74.275 3.8222 3687 379.1
-74.2584 3.8222 3655 362
-74.2417 3.8222 3591 336.2
-74.225 3.8222 3521 303.5
-74.2083 3.8222 3361 268.7
-74.1917 3.8222 2997 235.2
-74.175 3.8222 2587 207.4
-74.1584 3.8222 2677 187.2
-74.1417 3.8222 2805 175.2
-74.125 3.8222 2873 170.3
-74.1083 3.8222 2337 169.7
-74.0917 3.8222 1999 170.7
-74.075 3.8222 1845 170.3
-74.0583 3.8222 1681 166.4
-74.0417 3.8222 1491 158.1
-74.025 3.8222 1327 145
-74.0084 3.8222 1431 128.1
-73.9917 3.8222 1409 107.9
-73.975 3.8222 1139 85.8
-73.9583 3.8222 1299 62.5
-73.9417 3.8222 1653 39.3
-73.925 3.8222 1541 16.6
-73.9084 3.8222 1149 -4.2
-73.8917 3.8222 1057 -22.4
-73.875 3.8222 925 -36.7
-73.8583 3.8222 755 -46.6
-73.8417 3.8222 693 -51.7
-73.825 3.8222 579 -52.5
-73.8083 3.8222 535 -50.1
-73.7917 3.8222 503 -46.1
-73.775 3.8222 483 -42.3
-73.7584 3.8222 467 -40.2
-73.7417 3.8222 455 -40.6
-73.725 3.8222 445 -43.9
-73.7083 3.8222 429 -49.1
-73.6917 3.8222 417 -55.2
-73.675 3.8222 405 -60.6
-73.6584 3.8222 395 -64.3
-73.6417 3.8222 383 -65.6
-73.625 3.8222 373 -64.7
-73.6083 3.8222 357 -62.1
-73.5917 3.8222 347 -58.8
-73.575 3.8222 335 -56
-73.5583 3.8222 325 -54.1
-73.5417 3.8222 317 -53.5
-73.525 3.8222 309 -53.9
-73.5084 3.8222 303 -54.5
-73.4917 3.8222 297 -54.9
-73.475 3.8222 291 -54.3
-73.4583 3.8222 287 -52.7
-73.4417 3.8222 283 -50.2
-73.425 3.8222 281 -47.2
-73.4084 3.8222 277 -44.3
-73.3917 3.8222 275 -42
-73.375 3.8222 271 -40.6
-73.3583 3.8222 265 -39.8
-73.3417 3.8222 259 -39.4
-73.325 3.8222 257 -38.9
-73.3083 3.8222 253 -37.8
-73.2917 3.8222 249 -36
-73.275 3.8222 247 -33.3
-73.2584 3.8222 245 -30
-73.2417 3.8222 241 -26.3
-73.225 3.8222 233 -22.5
-73.2083 3.8222 219 -18.9
-73.1917 3.8222 215 -15.3
-73.175 3.8222 205 -11.8
-73.1584 3.8222 199 -8.1
-73.1417 3.8222 195 -4.4
-73.125 3.8222 203 -0.5
-73.1083 3.8222 207 3.2
-73.0917 3.8222 207 6.6
-73.075 3.8222 201 9.3
-73.0583 3.8222 199 11.4
-73.0417 3.8222 211 12.7
-73.025 3.8222 217 13.4
-73.0084 3.8222 211 13.8
-72.9917 3.8222 221 14
-72.975 3.8222 229 14.1
-72.9583 3.8222 235 14.2
-72.9417 3.8222 237 14
-72.925 3.8222 241 13.4
-74.9084 3.8056 335 -120.4
-74.8917 3.8056 445 -108.5
-74.875 3.8056 715 -98.4
-74.8583 3.8056 509 -91.7
-74.8417 3.8056 417 -89.3
-74.825 3.8056 417 -90.2
-74.8083 3.8056 459 -91.7
-74.7917 3.8056 543 -90.7
-74.775 3.8056 845 -83.7
-74.7584 3.8056 969 -68.2
-74.7417 3.8056 1151 -43.8
-74.725 3.8056 1245 -11.5
-74.7083 3.8056 1473 24.9
-74.6917 3.8056 1661 62.1
-74.675 3.8056 1715 95
-74.6584 3.8056 1757 121.4
-74.6417 3.8056 1759 140
-74.625 3.8056 1943 152.5
-74.6083 3.8056 2197 162.6
-74.5917 3.8056 2449 174.3
-74.575 3.8056 2769 192.3
-74.5583 3.8056 2817 219.3
-74.5417 3.8056 2657 255.3
-74.525 3.8056 2785 298.7
-74.5084 3.8056 2949 343.9
-74.4917 3.8056 3203 386.4
-74.475 3.8056 3473 419.4
-74.4583 3.8056 3757 439.8
-74.4417 3.8056 3869 445.8
-74.425 3.8056 3653 438.9
-74.4084 3.8056 3437 423.3
-74.3917 3.8056 3479 403.4
-74.375 3.8056 3653 385.2
-74.3583 3.8056 3787 371.9
-74.3417 3.8056 3897 365.5
-74.325 3.8056 3863 365.2
-74.3083 3.8056 3885 367.7
-74.2917 3.8056 3855 369.6
-74.275 3.8056 3851 366.5
-74.2584 3.8056 3787 355.9
-74.2417 3.8056 3659 336.9
-74.225 3.8056 3571 310.4
-74.2083 3.8056 3463 279.9
-74.1917 3.8056 3363 248.3
-74.175 3.8056 2881 220.3
-74.1584 3.8056 2359 197.8
-74.1417 3.8056 2361 182.8
-74.125 3.8056 2461 174.8
-74.1083 3.8056 2303 172.1
-74.0917 3.8056 2037 172.3
-74.075 3.8056 2075 172.6
-74.0583 3.8056 1863 170.9
-74.0417 3.8056 1961 165.4
-74.025 3.8056 1789 155.3
-74.0084 3.8056 2029 140.7
-73.9917 3.8056 2007 121.7
-73.975 3.8056 1463 99.7
-73.9583 3.8056 1047 75.4
-73.9417 3.8056 1139 50.3
-73.925 3.8056 1207 25.3
-73.9084 3.8056 979 2.2
-73.8917 3.8056 851 -18
-73.875 3.8056 845 -34
-73.8583 3.8056 675 -45.3
-73.8417 3.8056 603 -51.5
-73.825 3.8056 555 -53.2
-73.8083 3.8056 535 -51.7
-73.7917 3.8056 513 -48.4
-73.775 3.8056 495 -45.1
-73.7584 3.8056 477 -43.2
-73.7417 3.8056 453 -43.5
-73.725 3.8056 435 -46.2
-73.7083 3.8056 421 -50.5
-73.6917 3.8056 411 -55.5
-73.675 3.8056 397 -59.9
-73.6584 3.8056 387 -62.7
-73.6417 3.8056 377 -63.4
-73.625 3.8056 365 -62.1
-73.6083 3.8056 355 -59.5
-73.5917 3.8056 343 -56.3
-73.575 3.8056 333 -53.7
-73.5583 3.8056 323 -52
-73.5417 3.8056 315 -51.4
-73.525 3.8056 309 -51.9
-73.5084 3.8056 303 -52.6
-73.4917 3.8056 295 -53.2
-73.475 3.8056 291 -53
-73.4583 3.8056 285 -51.8
-73.4417 3.8056 281 -49.9
-73.425 3.8056 279 -47.4
-73.4084 3.8056 279 -45
-73.3917 3.8056 275 -42.9
-73.375 3.8056 269 -41.4
-73.3583 3.8056 267 -40.3
-73.3417 3.8056 261 -39.3
-73.325 3.8056 255 -38.1
-73.3083 3.8056 253 -36.3
-73.2917 3.8056 243 -33.8
-73.275 3.8056 237 -30.6
-73.2584 3.8056 233 -26.8
-73.2417 3.8056 225 -22.9
-73.225 3.8056 217 -18.9
-73.2083 3.8056 213 -15.2
-73.1917 3.8056 205 -11.6
-73.175 3.8056 199 -8.1
-73.1584 3.8056 205 -4.5
-73.1417 3.8056 217 -0.9
-73.125 3.8056 205 2.7
-73.1083 3.8056 207 6.2
-73.0917 3.8056 203 9.4
-73.075 3.8056 203 12
-73.0583 3.8056 209 13.9
-73.0417 3.8056 205 15.2
-73.025 3.8056 215 15.9
-73.0084 3.8056 217 16.2
-72.9917 3.8056 221 16.4
-72.975 3.8056 229 16.4
-72.9583 3.8056 241 16.2
-72.9417 3.8056 243 15.8
-72.925 3.8056 245 14.8
-74.9084 3.789 337 -117
-74.8917 3.789 537 -106.4
-74.875 3.789 585 -98
-74.8583 3.789 427 -93
-74.8417 3.789 437 -91.7
-74.825 3.789 417 -92.7
-74.8083 3.789 607 -93.1
-74.7917 3.789 631 -89.7
-74.775 3.789 701 -79.2
-74.7584 3.789 895 -59.7
-74.7417 3.789 1119 -31.3
-74.725 3.789 1365 4.4
-74.7083 3.789 1613 43
-74.6917 3.789 1661 81
-74.675 3.789 1633 113.3
-74.6584 3.789 1565 138
-74.6417 3.789 1699 154.1
-74.625 3.789 1947 163.9
-74.6083 3.789 2231 171.4
-74.5917 3.789 2577 181.3
-74.575 3.789 2769 198.5
-74.5583 3.789 2613 225.9
-74.5417 3.789 2601 263.4
-74.525 3.789 2741 309.1
-74.5084 3.789 3023 356.9
-74.4917 3.789 3275 401.7
-74.475 3.789 3633 436.1
-74.4583 3.789 3861 456.5
-74.4417 3.789 3807 460.5
-74.425 3.789 3561 449.4
-74.4084 3.789 3577 427.7
-74.3917 3.789 3677 400.3
-74.375 3.789 3755 374
-74.3583 3.789 3787 353.1
-74.3417 3.789 3709 340.9
-74.325 3.789 3729 337.2
-74.3083 3.789 3753 339.5
-74.2917 3.789 3715 344.3
-74.275 3.789 3691 346.7
-74.2584 3.789 3543 343.4
-74.2417 3.789 3577 332.2
-74.225 3.789 3375 313
-74.2083 3.789 3207 288.1
-74.1917 3.789 3041 260.2
-74.175 3.789 2613 233.6
-74.1584 3.789 2293 210.9
-74.1417 3.789 2279 194.7
-74.125 3.789 2583 185.2
-74.1083 3.789 2527 181.6
-74.0917 3.789 2601 182
-74.075 3.789 2375 183.6
-74.0583 3.789 2271 184.1
-74.0417 3.789 2387 181.1
-74.025 3.789 2461 173.2
-74.0084 3.789 2355 160.1
-73.9917 3.789 2465 141.4
-73.975 3.789 1805 118.5
-73.9583 3.789 1219 92.3
-73.9417 3.789 999 64.6
-73.925 3.789 873 36.7
-73.9084 3.789 757 10.9
-73.8917 3.789 683 -11.9
-73.875 3.789 653 -29.9
-73.8583 3.789 643 -42.8
-73.8417 3.789 597 -50.3
-73.825 3.789 559 -53.2
-73.8083 3.789 537 -52.7
-73.7917 3.789 515 -50.3
-73.775 3.789 499 -47.6
-73.7584 3.789 483 -45.9
-73.7417 3.789 477 -45.9
-73.725 3.789 461 -47.8
-73.7083 3.789 433 -51
-73.6917 3.789 405 -54.7
-73.675 3.789 393 -57.7
-73.6584 3.789 383 -59.6
-73.6417 3.789 371 -59.7
-73.625 3.789 361 -58.3
-73.6083 3.789 351 -56
-73.5917 3.789 341 -53.4
-73.575 3.789 331 -51.3
-73.5583 3.789 323 -50.1
-73.5417 3.789 315 -50
-73.525 3.789 307 -50.7
-73.5084 3.789 301 -51.7
-73.4917 3.789 295 -52.4
-73.475 3.789 289 -52.4
-73.4583 3.789 285 -51.6
-73.4417 3.789 279 -50
-73.425 3.789 277 -47.9
-73.4084 3.789 277 -45.8
-73.3917 3.789 275 -43.8
-73.375 3.789 269 -42.1
-73.3583 3.789 265 -40.5
-73.3417 3.789 259 -38.8
-73.325 3.789 255 -36.8
-73.3083 3.789 249 -34.2
-73.2917 3.789 247 -30.9
-73.275 3.789 243 -27.1
-73.2584 3.789 239 -22.9
-73.2417 3.789 233 -18.7
-73.225 3.789 221 -14.7
-73.2083 3.789 213 -11
-73.1917 3.789 203 -7.5
-73.175 3.789 207 -4.2
-73.1584 3.789 231 -0.9
-73.1417 3.789 233 2.5
-73.125 3.789 211 5.9
-73.1083 3.789 213 9.3
-73.0917 3.789 211 12.4
-73.075 3.789 225 15.1
-73.0583 3.789 215 17.1
-73.0417 3.789 217 18.5
-73.025 3.789 211 19.4
-73.0084 3.789 221 19.8
-72.9917 3.789 229 19.9
-72.975 3.789 235 19.7
-72.9583 3.789 247 19.2
-72.9417 3.789 235 18.3
-72.925 3.789 233 16.8
-74.9084 3.7724 363 -112.4
-74.8917 3.7724 607 -103.5
-74.875 3.7724 439 -97
-74.8583 3.7724 369 -93.6
-74.8417 3.7724 379 -92.9
-74.825 3.7724 523 -93.3
-74.8083 3.7724 613 -91.6
-74.7917 3.7724 519 -84.9
-74.775 3.7724 619 -70.7
-74.7584 3.7724 779 -47.4
-74.7417 3.7724 991 -16.1
-74.725 3.7724 1319 21.3
-74.7083 3.7724 1585 59.9
-74.6917 3.7724 1515 96.2
-74.675 3.7724 1511 125.7
-74.6584 3.7724 1631 146.6
-74.6417 3.7724 1855 159
-74.625 3.7724 2087 165.3
-74.6083 3.7724 2375 170.3
-74.5917 3.7724 2677 179
-74.575 3.7724 2631 196.1
-74.5583 3.7724 2475 224.6
-74.5417 3.7724 2585 263.9
-74.525 3.7724 2773 311.8
-74.5084 3.7724 3023 361.7
-74.4917 3.7724 3395 408.1
-74.475 3.7724 3769 442.9
-74.4583 3.7724 3915 462.3
-74.4417 3.7724 3729 463.7
-74.425 3.7724 3645 448.3
-74.4084 3.7724 3769 421
-74.3917 3.7724 3799 387
-74.375 3.7724 3747 354.1
-74.3583 3.7724 3653 327.2
-74.3417 3.7724 3501 310.6
-74.325 3.7724 3547 304.7
-74.3083 3.7724 3591 307.6
-74.2917 3.7724 3395 315.6
-74.275 3.7724 3399 323.3
-74.2584 3.7724 3531 326.9
-74.2417 3.7724 3533 323.1
-74.225 3.7724 3443 310.8
-74.2083 3.7724 3047 291.7
-74.1917 3.7724 2647 267.9
-74.175 3.7724 2491 243.8
-74.1584 3.7724 2185 222.3
-74.1417 3.7724 2517 206.4
-74.125 3.7724 3057 197.2
-74.1083 3.7724 2925 194.3
-74.0917 3.7724 2709 196.1
-74.075 3.7724 2617 199.7
-74.0583 3.7724 2829 202.6
-74.0417 3.7724 3041 201.7
-74.025 3.7724 2699 195.4
-74.0084 3.7724 2565 182.7
-73.9917 3.7724 2137 163.3
-73.975 3.7724 1415 138.6
-73.9583 3.7724 1265 109.6
-73.9417 3.7724 1427 78.7
-73.925 3.7724 1407 47.7
-73.9084 3.7724 1247 19
-73.8917 3.7724 865 -6
-73.875 3.7724 645 -25.9
-73.8583 3.7724 573 -40.2
-73.8417 3.7724 553 -48.9
-73.825 3.7724 547 -52.8
-73.8083 3.7724 535 -53.3
-73.7917 3.7724 519 -51.7
-73.775 3.7724 501 -49.6
-73.7584 3.7724 493 -48
-73.7417 3.7724 481 -47.7
-73.725 3.7724 469 -48.8
-73.7083 3.7724 455 -50.8
-73.6917 3.7724 431 -53.1
-73.675 3.7724 393 -55
-73.6584 3.7724 379 -55.9
-73.6417 3.7724 369 -55.6
-73.625 3.7724 357 -54.4
-73.6083 3.7724 347 -52.6
-73.5917 3.7724 339 -50.9
-73.575 3.7724 331 -49.7
-73.5583 3.7724 321 -49.3
-73.5417 3.7724 313 -49.7
-73.525 3.7724 307 -50.7
-73.5084 3.7724 301 -51.8
-73.4917 3.7724 295 -52.4
-73.475 3.7724 289 -52.4
-73.4583 3.7724 283 -51.6
-73.4417 3.7724 277 -50.1
-73.425 3.7724 273 -48.2
-73.4084 3.7724 267 -46.1
-73.3917 3.7724 263 -44
-73.375 3.7724 263 -42
-73.3583 3.7724 263 -39.9
-73.3417 3.7724 257 -37.6
-73.325 3.7724 257 -34.9
-73.3083 3.7724 255 -31.5
-73.2917 3.7724 253 -27.6
-73.275 3.7724 249 -23.3
-73.2584 3.7724 235 -18.9
-73.2417 3.7724 225 -14.6
-73.225 3.7724 221 -10.6
-73.2083 3.7724 219 -7
-73.1917 3.7724 205 -3.8
-73.175 3.7724 225 -0.8
-73.1584 3.7724 241 2.3
-73.1417 3.7724 233 5.5
-73.125 3.7724 213 8.8
-73.1083 3.7724 217 12.2
-73.0917 3.7724 223 15.4
-73.075 3.7724 229 18.3
-73.0583 3.7724 225 20.7
-73.0417 3.7724 217 22.5
-73.025 3.7724 217 23.6
-73.0084 3.7724 227 24.2
-72.9917 3.7724 237 24.2
-72.975 3.7724 241 23.7
-72.9583 3.7724 233 22.7
-72.9417 3.7724 235 21.3
-72.925 3.7724 223 19.2
-74.9084 3.7557 329 -106.9
-74.8917 3.7557 431 -99.9
-74.875 3.7557 397 -95.3
-74.8583 3.7557 377 -93.1
-74.8417 3.7557 381 -92.4
-74.825 3.7557 415 -91.3
-74.8083 3.7557 459 -86.7
-74.7917 3.7557 629 -76.3
-74.775 3.7557 771 -58.2
-74.7584 3.7557 903 -31.7
-74.7417 3.7557 1117 1.3
-74.725 3.7557 1407 38.4
-74.7083 3.7557 1555 74.9
-74.6917 3.7557 1487 107.3
-74.675 3.7557 1537 131.8
-74.6584 3.7557 1723 147.6
-74.6417 3.7557 1957 155.3
-74.625 3.7557 2225 158.1
-74.6083 3.7557 2515 161.2
-74.5917 3.7557 2563 169.4
-74.575 3.7557 2441 187.5
-74.5583 3.7557 2431 217.8
-74.5417 3.7557 2635 259.2
-74.525 3.7557 2833 309.1
-74.5084 3.7557 3045 360.2
-74.4917 3.7557 3337 407
-74.475 3.7557 3731 441
-74.4583 3.7557 3879 458.3
-74.4417 3.7557 3753 456.6
-74.425 3.7557 3809 437.1
-74.4084 3.7557 3727 405
-74.3917 3.7557 3839 366.1
-74.375 3.7557 3741 328.6
-74.3583 3.7557 3589 297.9
-74.3417 3.7557 3299 278.9
-74.325 3.7557 3373 272.4
-74.3083 3.7557 3507 276.6
-74.2917 3.7557 3197 287.8
-74.275 3.7557 3229 300.3
-74.2584 3.7557 3467 309.6
-74.2417 3.7557 3233 311.7
-74.225 3.7557 3359 305.2
-74.2083 3.7557 3267 290.8
-74.1917 3.7557 3023 270.7
-74.175 3.7557 2615 249.3
-74.1584 3.7557 2287 229.7
-74.1417 3.7557 2455 215.4
-74.125 3.7557 2749 207.8
-74.1083 3.7557 2521 206.9
-74.0917 3.7557 2413 211.2
-74.075 3.7557 3117 217.4
-74.0583 3.7557 3311 222.8
-74.0417 3.7557 3057 223.8
-74.025 3.7557 2061 218.4
-74.0084 3.7557 1767 205.3
-73.9917 3.7557 1525 184.2
-73.975 3.7557 1477 156.9
-73.9583 3.7557 1933 124.5
-73.9417 3.7557 1859 90.3
-73.925 3.7557 1669 56.1
-73.9084 3.7557 1341 24.9
-73.8917 3.7557 867 -2.1
-73.875 3.7557 731 -23.2
-73.8583 3.7557 643 -38.4
-73.8417 3.7557 555 -47.8
-73.825 3.7557 521 -52.4
-73.8083 3.7557 515 -53.6
-73.7917 3.7557 513 -52.7
-73.775 3.7557 503 -51.1
-73.7584 3.7557 493 -49.7
-73.7417 3.7557 481 -49.1
-73.725 3.7557 467 -49.4
-73.7083 3.7557 457 -50.3
-73.6917 3.7557 443 -51.4
-73.675 3.7557 421 -52.2
-73.6584 3.7557 387 -52.4
-73.6417 3.7557 371 -52
-73.625 3.7557 357 -51.1
-73.6083 3.7557 345 -50.1
-73.5917 3.7557 337 -49.4
-73.575 3.7557 329 -49.2
-73.5583 3.7557 321 -49.7
-73.5417 3.7557 315 -50.6
-73.525 3.7557 307 -51.7
-73.5084 3.7557 301 -52.6
-73.4917 3.7557 295 -53
-73.475 3.7557 289 -52.6
-73.4583 3.7557 283 -51.5
-73.4417 3.7557 277 -49.8
-73.425 3.7557 271 -47.7
-73.4084 3.7557 265 -45.5
-73.3917 3.7557 261 -43.3
-73.375 3.7557 257 -41
-73.3583 3.7557 253 -38.5
-73.3417 3.7557 247 -35.8
-73.325 3.7557 243 -32.5
-73.3083 3.7557 243 -28.7
-73.2917 3.7557 239 -24.3
-73.275 3.7557 235 -19.8
-73.2584 3.7557 227 -15.3
-73.2417 3.7557 227 -11.1
-73.225 3.7557 223 -7.2
-73.2083 3.7557 215 -3.9
-73.1917 3.7557 207 -0.9
-73.175 3.7557 229 1.9
-73.1584 3.7557 247 4.7
-73.1417 3.7557 229 7.8
-73.125 3.7557 217 11.2
-73.1083 3.7557 211 14.7
-73.0917 3.7557 225 18.2
-73.075 3.7557 235 21.5
-73.0583 3.7557 231 24.4
-73.0417 3.7557 231 26.6
-73.025 3.7557 223 28.1
-73.0084 3.7557 231 28.8
-72.9917 3.7557 241 28.8
-72.975 3.7557 235 28
-72.9583 3.7557 231 26.6
-72.9417 3.7557 225 24.5
-72.925 3.7557 217 21.8
-74.9084 3.7391 463 -100.7
-74.8917 3.7391 457 -95.6
-74.875 3.7391 439 -92.7
-74.8583 3.7391 517 -91.3
-74.8417 3.7391 569 -89.9
-74.825 3.7391 487 -86.5
-74.8083 3.7391 449 -78.6
-74.7917 3.7391 693 -64.2
-74.775 3.7391 919 -42.6
-74.7584 3.7391 1129 -13.9
-74.7417 3.7391 1389 19.3
-74.725 3.7391 1461 54.4
-74.7083 3.7391 1547 86.8
-74.6917 3.7391 1531 113.6
-74.675 3.7391 1685 132
-74.6584 3.7391 1919 141.9
-74.6417 3.7391 2119 145.1
-74.625 3.7391 2353 145.1
-74.6083 3.7391 2501 147.4
-74.5917 3.7391 2347 156.5
-74.575 3.7391 2359 176.5
-74.5583 3.7391 2479 209.2
-74.5417 3.7391 2691 252.7
-74.525 3.7391 2977 303.8
-74.5084 3.7391 3281 355
-74.4917 3.7391 3569 400.5
-74.475 3.7391 3751 432.2
-74.4583 3.7391 3835 446.3
-74.4417 3.7391 3815 441.1
-74.425 3.7391 3869 418
-74.4084 3.7391 3871 382.7
-74.3917 3.7391 3827 341.2
-74.375 3.7391 3683 301.9
-74.3583 3.7391 3489 270.3
-74.3417 3.7391 3237 251.6
-74.325 3.7391 2989 246.4
-74.3083 3.7391 2991 252.8
-74.2917 3.7391 2899 267.1
-74.275 3.7391 3063 283.2
-74.2584 3.7391 2971 296.3
-74.2417 3.7391 3235 302.1
-74.225 3.7391 3445 298.7
-74.2083 3.7391 3327 287
-74.1917 3.7391 3009 269.1
-74.175 3.7391 2931 249.4
-74.1584 3.7391 2699 231.4
-74.1417 3.7391 2363 219.1
-74.125 3.7391 2145 213.8
-74.1083 3.7391 2087 215.7
-74.0917 3.7391 2615 222.9
-74.075 3.7391 3327 232.1
-74.0583 3.7391 3143 239.9
-74.0417 3.7391 2517 242.4
-74.025 3.7391 2277 237.2
-74.0084 3.7391 2195 223
-73.9917 3.7391 1883 199.6
-73.975 3.7391 2137 169.2
-73.9583 3.7391 2023 133.5
-73.9417 3.7391 1961 96.1
-73.925 3.7391 1525 59.4
-73.9084 3.7391 1177 26.5
-73.8917 3.7391 1299 -1.4
-73.875 3.7391 1103 -22.8
-73.8583 3.7391 781 -38
-73.8417 3.7391 607 -47.3
-73.825 3.7391 513 -52.1
-73.8083 3.7391 495 -53.6
-73.7917 3.7391 493 -53.2
-73.775 3.7391 491 -52.1
-73.7584 3.7391 489 -51
-73.7417 3.7391 475 -50.3
-73.725 3.7391 465 -50.1
-73.7083 3.7391 451 -50.2
-73.6917 3.7391 439 -50.4
-73.675 3.7391 427 -50.4
-73.6584 3.7391 393 -50.2
-73.6417 3.7391 377 -49.7
-73.625 3.7391 365 -49.3
-73.6083 3.7391 353 -49.1
-73.5917 3.7391 341 -49.3
-73.575 3.7391 329 -50
-73.5583 3.7391 321 -51.1
-73.5417 3.7391 313 -52.2
-73.525 3.7391 305 -53.2
-73.5084 3.7391 299 -53.7
-73.4917 3.7391 293 -53.4
-73.475 3.7391 287 -52.4
-73.4583 3.7391 279 -50.7
-73.4417 3.7391 275 -48.6
-73.425 3.7391 269 -46.3
-73.4084 3.7391 265 -43.9
-73.3917 3.7391 259 -41.5
-73.375 3.7391 255 -39
-73.3583 3.7391 253 -36.4
-73.3417 3.7391 249 -33.4
-73.325 3.7391 243 -29.9
-73.3083 3.7391 243 -26
-73.2917 3.7391 239 -21.6
-73.275 3.7391 233 -17.1
-73.2584 3.7391 229 -12.7
-73.2417 3.7391 225 -8.7
-73.225 3.7391 221 -5.1
-73.2083 3.7391 217 -2
-73.1917 3.7391 209 0.8
-73.175 3.7391 211 3.5
-73.1584 3.7391 247 6.3
-73.1417 3.7391 231 9.5
-73.125 3.7391 227 13
-73.1083 3.7391 213 16.7
-73.0917 3.7391 225 20.6
-73.075 3.7391 237 24.4
-73.0583 3.7391 237 27.7
-73.0417 3.7391 239 30.3
-73.025 3.7391 231 32.2
-73.0084 3.7391 245 33.1
-72.9917 3.7391 253 33
-72.975 3.7391 245 31.9
-72.9583 3.7391 235 30
-72.9417 3.7391 227 27.3
-72.925 3.7391 219 24
-74.9084 3.7225 479 -93.9
-74.8917 3.7225 367 -90.6
-74.875 3.7225 429 -88.9
-74.8583 3.7225 535 -87.7
-74.8417 3.7225 555 -85
-74.825 3.7225 441 -78.9
-74.8083 3.7225 603 -67.4
-74.7917 3.7225 769 -49.4
-74.775 3.7225 993 -25
-74.7584 3.7225 1287 4.8
-74.7417 3.7225 1393 36.9
-74.725 3.7225 1441 68.4
-74.7083 3.7225 1613 95.2
-74.6917 3.7225 1679 115.2
-74.675 3.7225 1989 126.9
-74.6584 3.7225 2081 131.1
-74.6417 3.7225 2315 130.5
-74.625 3.7225 2447 128.9
-74.6083 3.7225 2291 131.8
-74.5917 3.7225 2281 143.2
-74.575 3.7225 2413 166.3
-74.5583 3.7225 2443 201.9
-74.5417 3.7225 2637 247.2
-74.525 3.7225 2811 298.5
-74.5084 3.7225 3191 348.1
-74.4917 3.7225 3491 390.4
-74.475 3.7225 3581 418
-74.4583 3.7225 3737 427.7
-74.4417 3.7225 3799 418.5
-74.425 3.7225 3767 392.5
-74.4084 3.7225 3779 355.6
-74.3917 3.7225 3713 314
-74.375 3.7225 3695 276
-74.3583 3.7225 3603 246.8
-74.3417 3.7225 3461 231.1
-74.325 3.7225 3139 229.4
-74.3083 3.7225 2691 239.2
-74.2917 3.7225 2643 256.5
-74.275 3.7225 2735 275
-74.2584 3.7225 3221 289.8
-74.2417 3.7225 3549 296.6
-74.225 3.7225 3529 293.7
-74.2083 3.7225 3049 282
-74.1917 3.7225 2731 264.1
-74.175 3.7225 3093 244.7
-74.1584 3.7225 3223 227.5
-74.1417 3.7225 2615 216.8
-74.125 3.7225 1789 213.8
-74.1083 3.7225 2193 218.6
-74.0917 3.7225 3025 229
-74.075 3.7225 3569 241
-74.0583 3.7225 3553 250.9
-74.0417 3.7225 3583 254.4
-74.025 3.7225 3211 248.9
-74.0084 3.7225 2599 233.1
-73.9917 3.7225 2011 207.1
-73.975 3.7225 2321 173.7
-73.9583 3.7225 1669 134.9
-73.9417 3.7225 1611 95.1
-73.925 3.7225 1399 56.8
-73.9084 3.7225 1261 23.3
-73.8917 3.7225 1435 -4.2
-73.875 3.7225 1269 -24.8
-73.8583 3.7225 1021 -38.9
-73.8417 3.7225 697 -47.5
-73.825 3.7225 527 -51.8
-73.8083 3.7225 483 -53.3
-73.7917 3.7225 473 -53.3
-73.775 3.7225 475 -52.7
-73.7584 3.7225 473 -52
-73.7417 3.7225 467 -51.5
-73.725 3.7225 457 -51.2
-73.7083 3.7225 443 -50.8
-73.6917 3.7225 433 -50.4
-73.675 3.7225 413 -50
-73.6584 3.7225 389 -49.4
-73.6417 3.7225 377 -49.1
-73.625 3.7225 367 -49.1
-73.6083 3.7225 357 -49.6
-73.5917 3.7225 343 -50.5
-73.575 3.7225 337 -51.8
-73.5583 3.7225 329 -53.1
-73.5417 3.7225 321 -54.2
-73.525 3.7225 311 -54.7
-73.5084 3.7225 301 -54.5
-73.4917 3.7225 293 -53.4
-73.475 3.7225 285 -51.5
-73.4583 3.7225 279 -49.1
-73.4417 3.7225 273 -46.5
-73.425 3.7225 269 -43.8
-73.4084 3.7225 263 -41.2
-73.3917 3.7225 259 -38.8
-73.375 3.7225 253 -36.4
-73.3583 3.7225 249 -33.8
-73.3417 3.7225 249 -30.9
-73.325 3.7225 243 -27.5
-73.3083 3.7225 239 -23.8
-73.2917 3.7225 237 -19.6
-73.275 3.7225 233 -15.4
-73.2584 3.7225 229 -11.3
-73.2417 3.7225 225 -7.5
-73.225 3.7225 221 -4.2
-73.2083 3.7225 217 -1.2
-73.1917 3.7225 217 1.6
-73.175 3.7225 207 4.4
-73.1584 3.7225 221 7.4
-73.1417 3.7225 237 10.7
-73.125 3.7225 225 14.4
-73.1083 3.7225 213 18.5
-73.0917 3.7225 215 22.7
-73.075 3.7225 231 26.8
-73.0583 3.7225 239 30.5
-73.0417 3.7225 247 33.4
-73.025 3.7225 245 35.5
-73.0084 3.7225 245 36.5
-72.9917 3.7225 243 36.3
-72.975 3.7225 241 35
-72.9583 3.7225 229 32.7
-72.9417 3.7225 219 29.6
-72.925 3.7225 215 25.8
-74.9084 3.7058 515 -86.4
-74.8917 3.7058 441 -84.6
-74.875 3.7058 473 -83.6
-74.8583 3.7058 475 -82.1
-74.8417 3.7058 523 -77.7
-74.825 3.7058 461 -68.9
-74.8083 3.7058 667 -54.1
-74.7917 3.7058 1027 -33.1
-74.775 3.7058 1233 -7
-74.7584 3.7058 1259 22.6
-74.7417 3.7058 1443 52
-74.725 3.7058 1575 78.7
-74.7083 3.7058 1659 99.2
-74.6917 3.7058 1897 112.4
-74.675 3.7058 2201 117.8
-74.6584 3.7058 2319 117.3
-74.6417 3.7058 2365 114.5
-74.625 3.7058 2221 113.2
-74.6083 3.7058 2295 118.4
-74.5917 3.7058 2387 133.6
-74.575 3.7058 2309 160.5
-74.5583 3.7058 2459 198.9
-74.5417 3.7058 2715 245.2
-74.525 3.7058 2931 295.3
-74.5084 3.7058 3111 341.4
-74.4917 3.7058 3313 378.5
-74.475 3.7058 3435 400.2
-74.4583 3.7058 3577 404.2
-74.4417 3.7058 3641 390.7
-74.425 3.7058 3701 362.3
-74.4084 3.7058 3687 325.5
-74.3917 3.7058 3515 286.2
-74.375 3.7058 3425 252.5
-74.3583 3.7058 3459 228.9
-74.3417 3.7058 3211 219.1
-74.325 3.7058 3103 223
-74.3083 3.7058 2599 237.3
-74.2917 3.7058 2557 257.7
-74.275 3.7058 2989 277.6
-74.2584 3.7058 3291 292.3
-74.2417 3.7058 3477 297.6
-74.225 3.7058 3477 292.4
-74.2083 3.7058 3107 278.2
-74.1917 3.7058 2593 257.8
-74.175 3.7058 2501 236.8
-74.1584 3.7058 2865 219.1
-74.1417 3.7058 2071 208.8
-74.125 3.7058 1719 207.6
-74.1083 3.7058 2359 214.6
-74.0917 3.7058 2923 227.6
-74.075 3.7058 3451 241.9
-74.0583 3.7058 3887 253.3
-74.0417 3.7058 3949 257.2
-74.025 3.7058 3429 250.9
-74.0084 3.7058 2741 233.3
-73.9917 3.7058 2579 204.9
-73.975 3.7058 2251 169
-73.9583 3.7058 1869 128.1
-73.9417 3.7058 1973 87.1
-73.925 3.7058 1503 48.6
-73.9084 3.7058 1321 15.9
-73.8917 3.7058 1147 -10
-73.875 3.7058 1085 -28.6
-73.8583 3.7058 1029 -40.8
-73.8417 3.7058 661 -47.8
-73.825 3.7058 543 -51.2
-73.8083 3.7058 477 -52.5
-73.7917 3.7058 457 -52.9
-73.775 3.7058 455 -52.9
-73.7584 3.7058 457 -52.9
-73.7417 3.7058 455 -52.9
-73.725 3.7058 445 -52.8
-73.7083 3.7058 435 -52.3
-73.6917 3.7058 425 -51.7
-73.675 3.7058 401 -50.9
-73.6584 3.7058 387 -50.3
-73.6417 3.7058 377 -50
-73.625 3.7058 369 -50.3
-73.6083 3.7058 355 -51.1
-73.5917 3.7058 343 -52.4
-73.575 3.7058 335 -53.8
-73.5583 3.7058 329 -55.1
-73.5417 3.7058 323 -55.7
-73.525 3.7058 317 -55.5
-73.5084 3.7058 309 -54.4
-73.4917 3.7058 299 -52.3
-73.475 3.7058 293 -49.7
-73.4583 3.7058 295 -46.6
-73.4417 3.7058 273 -43.5
-73.425 3.7058 267 -40.6
-73.4084 3.7058 261 -38
-73.3917 3.7058 257 -35.7
-73.375 3.7058 253 -33.5
-73.3583 3.7058 247 -31.1
-73.3417 3.7058 243 -28.5
-73.325 3.7058 237 -25.5
-73.3083 3.7058 233 -22.2
-73.2917 3.7058 233 -18.5
-73.275 3.7058 229 -14.7
-73.2584 3.7058 225 -10.9
-73.2417 3.7058 221 -7.4
-73.225 3.7058 219 -4.1
-73.2083 3.7058 219 -1
-73.1917 3.7058 215 1.9
-73.175 3.7058 207 5
-73.1584 3.7058 223 8.3
-73.1417 3.7058 241 11.9
-73.125 3.7058 231 15.9
-73.1083 3.7058 223 20.2
-73.0917 3.7058 215 24.6
-73.075 3.7058 231 28.8
-73.0583 3.7058 235 32.6
-73.0417 3.7058 245 35.6
-73.025 3.7058 247 37.7
-73.0084 3.7058 241 38.7
-72.9917 3.7058 233 38.4
-72.975 3.7058 229 36.9
-72.9583 3.7058 221 34.4
-72.9417 3.7058 223 31
-72.925 3.7058 223 27
-74.9084 3.6892 629 -78.1
-74.8917 3.6892 731 -77.2
-74.875 3.6892 729 -76.4
-74.8583 3.6892 667 -74
-74.8417 3.6892 571 -67.9
-74.825 3.6892 511 -56.4
-74.8083 3.6892 699 -39
-74.7917 3.6892 1065 -16
-74.775 3.6892 1107 10.5
-74.7584 3.6892 1169 38.4
-74.7417 3.6892 1487 64
-74.725 3.6892 1707 85.1
-74.7083 3.6892 1715 99.1
-74.6917 3.6892 2055 105.6
-74.675 3.6892 2279 105.9
-74.6584 3.6892 2207 102.4
-74.6417 3.6892 2107 99.1
-74.625 3.6892 2227 100
-74.6083 3.6892 2203 109.3
-74.5917 3.6892 2235 129.4
-74.575 3.6892 2393 160.5
-74.5583 3.6892 2493 201.6
-74.5417 3.6892 2735 247.8
-74.525 3.6892 3033 294.8
-74.5084 3.6892 3357 335.5
-74.4917 3.6892 3329 365.2
-74.475 3.6892 3467 379.2
-74.4583 3.6892 3559 376.3
-74.4417 3.6892 3581 358.1
-74.425 3.6892 3523 327.8
-74.4084 3.6892 3621 292.5
-74.3917 3.6892 3617 257.8
-74.375 3.6892 3307 231
-74.3583 3.6892 2925 215.7
-74.3417 3.6892 2725 214.3
-74.325 3.6892 2733 225.7
-74.3083 3.6892 2361 245.6
-74.2917 3.6892 2695 269.4
-74.275 3.6892 3049 290
-74.2584 3.6892 3521 303.2
-74.2417 3.6892 3563 305.2
-74.225 3.6892 3243 295.4
-74.2083 3.6892 2889 276.4
-74.1917 3.6892 2633 251.7
-74.175 3.6892 2079 227.2
-74.1584 3.6892 2493 207.4
-74.1417 3.6892 1997 196.5
-74.125 3.6892 1923 195.8
-74.1083 3.6892 2569 204.2
-74.0917 3.6892 3085 218.9
-74.075 3.6892 3427 234.5
-74.0583 3.6892 3309 246.6
-74.0417 3.6892 3553 250.3
-74.025 3.6892 3409 242.8
-74.0084 3.6892 3037 223.5
-73.9917 3.6892 2751 193.2
-73.975 3.6892 2567 155.6
-73.9583 3.6892 2227 113.9
-73.9417 3.6892 1759 73
-73.925 3.6892 1353 35.8
-73.9084 3.6892 1065 5.4
-73.8917 3.6892 899 -17.6
-73.875 3.6892 877 -33.2
-73.8583 3.6892 831 -42.7
-73.8417 3.6892 587 -47.7
-73.825 3.6892 545 -50
-73.8083 3.6892 493 -51.1
-73.7917 3.6892 443 -51.9
-73.775 3.6892 435 -52.7
-73.7584 3.6892 441 -53.7
-73.7417 3.6892 437 -54.4
-73.725 3.6892 437 -54.8
-73.7083 3.6892 423 -54.5
-73.6917 3.6892 411 -53.9
-73.675 3.6892 395 -53
-73.6584 3.6892 385 -52.2
-73.6417 3.6892 375 -51.9
-73.625 3.6892 365 -52.2
-73.6083 3.6892 351 -53.1
-73.5917 3.6892 343 -54.4
-73.575 3.6892 337 -55.6
-73.5583 3.6892 331 -56.3
-73.5417 3.6892 321 -56.2
-73.525 3.6892 315 -55.2
-73.5084 3.6892 311 -53.1
-73.4917 3.6892 303 -50.2
-73.475 3.6892 295 -46.9
-73.4583 3.6892 289 -43.3
-73.4417 3.6892 287 -40.1
-73.425 3.6892 267 -37.1
-73.4084 3.6892 259 -34.7
-73.3917 3.6892 257 -32.5
-73.375 3.6892 249 -30.6
-73.3583 3.6892 247 -28.7
-73.3417 3.6892 243 -26.5
-73.325 3.6892 239 -24
-73.3083 3.6892 235 -21.1
-73.2917 3.6892 231 -17.9
-73.275 3.6892 227 -14.6
-73.2584 3.6892 221 -11.2
-73.2417 3.6892 219 -7.8
-73.225 3.6892 217 -4.4
-73.2083 3.6892 213 -1.1
-73.1917 3.6892 211 2.3
-73.175 3.6892 207 5.8
-73.1584 3.6892 221 9.5
-73.1417 3.6892 233 13.5
-73.125 3.6892 239 17.7
-73.1083 3.6892 231 22.1
-73.0917 3.6892 223 26.4
-73.075 3.6892 217 30.5
-73.0583 3.6892 225 34.1
-73.0417 3.6892 233 37
-73.025 3.6892 237 38.9
-73.0084 3.6892 237 39.7
-72.9917 3.6892 235 39.3
-72.975 3.6892 223 37.8
-72.9583 3.6892 227 35.1
-72.9417 3.6892 233 31.7
-72.925 3.6892 225 27.8
-74.9084 3.6726 673 -68.8
-74.8917 3.6726 933 -68.1
-74.875 3.6726 855 -66.9
-74.8583 3.6726 877 -63.4
-74.8417 3.6726 835 -55.4
-74.825 3.6726 689 -41.9
-74.8083 3.6726 675 -23
-74.7917 3.6726 861 0.5
-74.775 3.6726 905 25.9
-74.7584 3.6726 1099 50.9
-74.7417 3.6726 1425 71.9
-74.725 3.6726 1833 87.1
-74.7083 3.6726 1967 95
-74.6917 3.6726 2085 96.2
-74.675 3.6726 2029 93
-74.6584 3.6726 2063 88.4
-74.6417 3.6726 2233 86.7
-74.625 3.6726 2073 91.6
-74.6083 3.6726 2091 106.1
-74.5917 3.6726 2367 131.6
-74.575 3.6726 2477 166.8
-74.5583 3.6726 2621 209.7
-74.5417 3.6726 2793 254.5
-74.525 3.6726 3085 296.8
-74.5084 3.6726 3389 330.2
-74.4917 3.6726 3595 350.9
-74.475 3.6726 3509 355.9
-74.4583 3.6726 3491 345.3
-74.4417 3.6726 3319 322.1
-74.425 3.6726 3273 290.4
-74.4084 3.6726 3367 257.5
-74.3917 3.6726 3425 228.7
-74.375 3.6726 3239 210.2
-74.3583 3.6726 3041 204.9
-74.3417 3.6726 2801 213.4
-74.325 3.6726 2305 233.5
-74.3083 3.6726 2249 259.8
-74.2917 3.6726 2691 287.2
-74.275 3.6726 3217 308.5
-74.2584 3.6726 3517 319.5
-74.2417 3.6726 3521 317.3
-74.225 3.6726 3147 302
-74.2083 3.6726 3231 277.1
-74.1917 3.6726 2937 246.8
-74.175 3.6726 1977 217.8
-74.1584 3.6726 1885 194.7
-74.1417 3.6726 1715 182
-74.125 3.6726 2185 180.6
-74.1083 3.6726 2887 189
-74.0917 3.6726 2857 204
-74.075 3.6726 2627 219.8
-74.0583 3.6726 2537 231.7
-74.0417 3.6726 3067 234.6
-74.025 3.6726 3051 225.9
-74.0084 3.6726 2815 205.2
-73.9917 3.6726 2425 173.7
-73.975 3.6726 2055 135.6
-73.9583 3.6726 1853 94.5
-73.9417 3.6726 1653 55.3
-73.925 3.6726 1341 20.9
-73.9084 3.6726 1077 -6.1
-73.8917 3.6726 879 -25.3
-73.875 3.6726 703 -37.3
-73.8583 3.6726 591 -43.8
-73.8417 3.6726 513 -46.7
-73.825 3.6726 529 -48
-73.8083 3.6726 485 -49
-73.7917 3.6726 429 -50.3
-73.775 3.6726 423 -52.2
-73.7584 3.6726 421 -54.2
-73.7417 3.6726 423 -55.9
-73.725 3.6726 419 -56.8
-73.7083 3.6726 413 -57
-73.6917 3.6726 403 -56.3
-73.675 3.6726 393 -55.4
-73.6584 3.6726 377 -54.5
-73.6417 3.6726 359 -54
-73.625 3.6726 349 -54.2
-73.6083 3.6726 345 -54.8
-73.5917 3.6726 341 -55.7
-73.575 3.6726 337 -56.3
-73.5583 3.6726 329 -56.3
-73.5417 3.6726 321 -55.4
-73.525 3.6726 315 -53.5
-73.5084 3.6726 311 -50.7
-73.4917 3.6726 303 -47.2
-73.475 3.6726 303 -43.5
-73.4583 3.6726 285 -39.8
-73.4417 3.6726 277 -36.6
-73.425 3.6726 277 -33.9
-73.4084 3.6726 263 -31.7
-73.3917 3.6726 253 -29.9
-73.375 3.6726 249 -28.3
-73.3583 3.6726 247 -26.7
-73.3417 3.6726 241 -24.9
-73.325 3.6726 239 -22.8
-73.3083 3.6726 235 -20.3
-73.2917 3.6726 233 -17.6
-73.275 3.6726 227 -14.6
-73.2584 3.6726 225 -11.4
-73.2417 3.6726 217 -8
-73.225 3.6726 215 -4.5
-73.2083 3.6726 213 -0.8
-73.1917 3.6726 211 3.2
-73.175 3.6726 221 7.2
-73.1584 3.6726 233 11.5
-73.1417 3.6726 239 15.8
-73.125 3.6726 247 20.2
-73.1083 3.6726 237 24.4
-73.0917 3.6726 227 28.5
-73.075 3.6726 225 32.2
-73.0583 3.6726 227 35.4
-73.0417 3.6726 225 37.8
-73.025 3.6726 233 39.4
-73.0084 3.6726 241 40
-72.9917 3.6726 241 39.5
-72.975 3.6726 231 37.9
-72.9583 3.6726 239 35.4
-72.9417 3.6726 241 32.2
-72.925 3.6726 229 28.5
-74.9084 3.6559 801 -58.3
-74.8917 3.6559 745 -57
-74.875 3.6559 927 -54.8
-74.8583 3.6559 1203 -49.9
-74.8417 3.6559 1135 -40.4
-74.825 3.6559 1021 -25.8
-74.8083 3.6559 953 -6.5
-74.7917 3.6559 873 16.1
-74.775 3.6559 979 39
-74.7584 3.6559 1189 59.9
-74.7417 3.6559 1575 75.7
-74.725 3.6559 1883 85.1
-74.7083 3.6559 1937 87.8
-74.6917 3.6559 1857 85.2
-74.675 3.6559 1891 80.3
-74.6584 3.6559 2187 76.6
-74.6417 3.6559 2047 78.3
-74.625 3.6559 1933 88.4
-74.6083 3.6559 2277 108.9
-74.5917 3.6559 2369 139.8
-74.575 3.6559 2495 178.5
-74.5583 3.6559 2789 221.9
-74.5417 3.6559 2981 264
-74.525 3.6559 3259 300.2
-74.5084 3.6559 3511 324.8
-74.4917 3.6559 3527 335.4
-74.475 3.6559 3451 330.6
-74.4583 3.6559 3325 311.8
-74.4417 3.6559 3261 283.5
-74.425 3.6559 2903 250.6
-74.4084 3.6559 3017 220.5
-74.3917 3.6559 3317 198.2
-74.375 3.6559 3055 188.8
-74.3583 3.6559 2647 194.1
-74.3417 3.6559 2413 213
-74.325 3.6559 2071 242.4
-74.3083 3.6559 2501 275.5
-74.2917 3.6559 3077 306.8
-74.275 3.6559 3589 328.9
-74.2584 3.6559 3687 337.9
-74.2417 3.6559 3475 331.5
-74.225 3.6559 3327 310.5
-74.2083 3.6559 3085 279.5
-74.1917 3.6559 2647 243.3
-74.175 3.6559 2501 209.4
-74.1584 3.6559 1891 182.4
-74.1417 3.6559 1397 166.8
-74.125 3.6559 2157 163.6
-74.1083 3.6559 2613 170.7
-74.0917 3.6559 2269 184.8
-74.075 3.6559 2141 199.6
-74.0583 3.6559 2893 210.3
-74.0417 3.6559 3067 211.7
-74.025 3.6559 2807 201.7
-74.0084 3.6559 2183 180.1
-73.9917 3.6559 2139 148.4
-73.975 3.6559 1611 111.2
-73.9583 3.6559 1457 72
-73.9417 3.6559 1481 36
-73.925 3.6559 1145 5.5
-73.9084 3.6559 921 -17
-73.8917 3.6559 811 -31.8
-73.875 3.6559 643 -40
-73.8583 3.6559 571 -43.5
-73.8417 3.6559 455 -44.7
-73.825 3.6559 461 -45.2
-73.8083 3.6559 431 -46.3
-73.7917 3.6559 415 -48.5
-73.775 3.6559 411 -51.4
-73.7584 3.6559 405 -54.6
-73.7417 3.6559 411 -57.2
-73.725 3.6559 403 -58.8
-73.7083 3.6559 403 -59.2
-73.6917 3.6559 401 -58.6
-73.675 3.6559 391 -57.6
-73.6584 3.6559 381 -56.5
-73.6417 3.6559 367 -55.8
-73.625 3.6559 349 -55.6
-73.6083 3.6559 333 -55.7
-73.5917 3.6559 321 -56
-73.575 3.6559 317 -55.9
-73.5583 3.6559 319 -55
-73.5417 3.6559 321 -53.3
-73.525 3.6559 317 -50.6
-73.5084 3.6559 311 -47.3
-73.4917 3.6559 297 -43.5
-73.475 3.6559 295 -39.8
-73.4583 3.6559 299 -36.4
-73.4417 3.6559 287 -33.6
-73.425 3.6559 273 -31.3
-73.4084 3.6559 267 -29.5
-73.3917 3.6559 251 -28
-73.375 3.6559 249 -26.7
-73.3583 3.6559 243 -25.2
-73.3417 3.6559 243 -23.6
-73.325 3.6559 237 -21.7
-73.3083 3.6559 235 -19.6
-73.2917 3.6559 231 -17.1
-73.275 3.6559 227 -14.3
-73.2584 3.6559 225 -11.2
-73.2417 3.6559 221 -7.8
-73.225 3.6559 217 -3.9
-73.2083 3.6559 215 0.3
-73.1917 3.6559 227 4.8
-73.175 3.6559 227 9.5
-73.1584 3.6559 237 14.2
-73.1417 3.6559 247 18.8
-73.125 3.6559 243 23.2
-73.1083 3.6559 235 27.3
-73.0917 3.6559 229 30.9
-73.075 3.6559 239 34
-73.0583 3.6559 233 36.5
-73.0417 3.6559 235 38.4
-73.025 3.6559 239 39.6
-73.0084 3.6559 245 39.9
-72.9917 3.6559 247 39.4
-72.975 3.6559 235 37.9
-72.9583 3.6559 245 35.6
-72.9417 3.6559 239 32.7
-72.925 3.6559 235 29.3
-74.9084 3.6393 895 -46.7
-74.8917 3.6393 801 -44.2
-74.875 3.6393 1097 -40.5
-74.8583 3.6393 1349 -34
-74.8417 3.6393 1243 -23.6
-74.825 3.6393 1115 -8.6
-74.8083 3.6393 1025 9.7
-74.7917 3.6393 1055 29.9
-74.775 3.6393 1325 49.1
-74.7584 3.6393 1385 65.2
-74.7417 3.6393 1781 75.7
-74.725 3.6393 1909 80.1
-74.7083 3.6393 1777 79
-74.6917 3.6393 1731 74.2
-74.675 3.6393 1831 69.6
-74.6584 3.6393 2097 68.5
-74.6417 3.6393 1795 74.6
-74.625 3.6393 2059 90.5
-74.6083 3.6393 2379 116.6
-74.5917 3.6393 2461 152
-74.575 3.6393 2639 193
-74.5583 3.6393 2819 235.6
-74.5417 3.6393 3159 273.6
-74.525 3.6393 3465 302.7
-74.5084 3.6393 3591 318.3
-74.4917 3.6393 3547 318.7
-74.475 3.6393 3331 304.3
-74.4583 3.6393 3003 277.8
-74.4417 3.6393 2907 244.9
-74.425 3.6393 2709 211
-74.4084 3.6393 2723 183.5
-74.3917 3.6393 2999 167.2
-74.375 3.6393 2847 166.2
-74.3583 3.6393 2417 181.2
-74.3417 3.6393 2015 209.6
-74.325 3.6393 2275 247.5
-74.3083 3.6393 2597 287
-74.2917 3.6393 3109 322.1
-74.275 3.6393 3557 345.3
-74.2584 3.6393 3643 353
-74.2417 3.6393 3615 343.4
-74.225 3.6393 3513 318
-74.2083 3.6393 3121 282.1
-74.1917 3.6393 2577 241
-74.175 3.6393 1995 202.5
-74.1584 3.6393 1953 171.7
-74.1417 3.6393 1423 153
-74.125 3.6393 1825 147
-74.1083 3.6393 1931 151.9
-74.0917 3.6393 1731 163.8
-74.075 3.6393 2355 176.5
-74.0583 3.6393 2641 185.1
-74.0417 3.6393 2251 184.8
-74.025 3.6393 2371 173.6
-74.0084 3.6393 2207 151.6
-73.9917 3.6393 1887 120.7
-73.975 3.6393 1517 85.5
-73.9583 3.6393 1171 49.6
-73.9417 3.6393 1173 17.7
-73.925 3.6393 957 -8
-73.9084 3.6393 697 -25.7
-73.8917 3.6393 599 -36.2
-73.875 3.6393 531 -40.8
-73.8583 3.6393 477 -41.9
-73.8417 3.6393 419 -41.7
-73.825 3.6393 409 -41.9
-73.8083 3.6393 403 -43.5
-73.7917 3.6393 401 -46.7
-73.775 3.6393 397 -50.7
-73.7584 3.6393 393 -54.9
-73.7417 3.6393 395 -58.2
-73.725 3.6393 393 -60.2
-73.7083 3.6393 387 -60.8
-73.6917 3.6393 391 -60.1
-73.675 3.6393 387 -58.9
-73.6584 3.6393 379 -57.6
-73.6417 3.6393 365 -56.5
-73.625 3.6393 355 -55.9
-73.6083 3.6393 347 -55.6
-73.5917 3.6393 339 -55.2
-73.575 3.6393 331 -54.3
-73.5583 3.6393 307 -52.7
-73.5417 3.6393 291 -50.3
-73.525 3.6393 303 -47.1
-73.5084 3.6393 307 -43.5
-73.4917 3.6393 299 -39.8
-73.475 3.6393 289 -36.5
-73.4583 3.6393 289 -33.7
-73.4417 3.6393 295 -31.4
-73.425 3.6393 293 -29.7
-73.4084 3.6393 283 -28.3
-73.3917 3.6393 265 -27.1
-73.375 3.6393 249 -25.8
-73.3583 3.6393 245 -24.3
-73.3417 3.6393 241 -22.6
-73.325 3.6393 237 -20.6
-73.3083 3.6393 235 -18.5
-73.2917 3.6393 231 -16.1
-73.275 3.6393 225 -13.4
-73.2584 3.6393 227 -10.3
-73.2417 3.6393 223 -6.7
-73.225 3.6393 215 -2.6
-73.2083 3.6393 227 2
-73.1917 3.6393 237 7.1
-73.175 3.6393 239 12.3
-73.1584 3.6393 247 17.4
-73.1417 3.6393 249 22.2
-73.125 3.6393 239 26.6
-73.1083 3.6393 235 30.3
-73.0917 3.6393 237 33.4
-73.075 3.6393 247 35.9
-73.0583 3.6393 235 37.8
-73.0417 3.6393 241 39.1
-73.025 3.6393 247 39.9
-73.0084 3.6393 253 40
-72.9917 3.6393 243 39.4
-72.975 3.6393 241 38.2
-72.9583 3.6393 249 36.2
-72.9417 3.6393 239 33.7
-72.925 3.6393 233 30.8
